Date,Product_ID,Store_ID,Units_Sold,Revenue,Promotion,Holiday
2022-01-01,P001,S01,31,139500.0,0,1
2022-01-01,P001,S02,23,103500.0,0,1
2022-01-01,P001,S03,25,112500.0,0,1
2022-01-01,P001,S04,24,108000.0,0,1
2022-01-01,P001,S05,24,108000.0,0,1
2022-01-01,P001,S06,28,102230.58,1,1
2022-01-01,P002,S01,69,82800.0,0,1
2022-01-01,P002,S02,66,79200.0,0,1
2022-01-01,P002,S03,67,80400.0,0,1
2022-01-01,P002,S04,92,100621.61,1,1
2022-01-01,P002,S05,54,64800.0,0,1
2022-01-01,P002,S06,56,67200.0,0,1
2022-01-01,P003,S01,407,118386.46,1,1
2022-01-01,P003,S02,285,99750.0,0,1
2022-01-01,P003,S03,255,89250.0,0,1
2022-01-01,P003,S04,361,98474.17,1,1
2022-01-01,P003,S05,381,126437.06,1,1
2022-01-01,P003,S06,191,66850.0,0,1
2022-01-01,P004,S01,12,102000.0,0,1
2022-01-01,P004,S02,21,139747.52,1,1
2022-01-01,P004,S03,11,93500.0,0,1
2022-01-01,P004,S04,11,93500.0,0,1
2022-01-01,P004,S05,18,128645.56,1,1
2022-01-01,P004,S06,8,68000.0,0,1
2022-01-01,P005,S01,77,149013.39,1,1
2022-01-01,P005,S02,45,99000.0,0,1
2022-01-01,P005,S03,44,96800.0,0,1
2022-01-01,P005,S04,56,116340.47,1,1
2022-01-01,P005,S05,36,79200.0,0,1
2022-01-01,P005,S06,35,77000.0,0,1
2022-01-02,P001,S01,18,81000.0,0,0
2022-01-02,P001,S02,15,67500.0,0,0
2022-01-02,P001,S03,29,92593.09,1,0
2022-01-02,P001,S04,18,81000.0,0,0
2022-01-02,P001,S05,14,63000.0,0,0
2022-01-02,P001,S06,21,87497.76,1,0
2022-01-02,P002,S01,51,61200.0,0,0
2022-01-02,P002,S02,38,45600.0,0,0
2022-01-02,P002,S03,45,54000.0,0,0
2022-01-02,P002,S04,37,44400.0,0,0
2022-01-02,P002,S05,65,65991.76,1,0
2022-01-02,P002,S06,36,43200.0,0,0
2022-01-02,P003,S01,288,80951.36,1,0
2022-01-02,P003,S02,154,53900.0,0,0
2022-01-02,P003,S03,143,50050.0,0,0
2022-01-02,P003,S04,167,58450.0,0,0
2022-01-02,P003,S05,167,58450.0,0,0
2022-01-02,P003,S06,142,49700.0,0,0
2022-01-02,P004,S01,13,90591.42,1,0
2022-01-02,P004,S02,13,82148.69,1,0
2022-01-02,P004,S03,10,68976.73,1,0
2022-01-02,P004,S04,7,59500.0,0,0
2022-01-02,P004,S05,8,68000.0,0,0
2022-01-02,P004,S06,5,42500.0,0,0
2022-01-02,P005,S01,29,63800.0,0,0
2022-01-02,P005,S02,34,74800.0,0,0
2022-01-02,P005,S03,46,83109.05,1,0
2022-01-02,P005,S04,24,52800.0,0,0
2022-01-02,P005,S05,27,59400.0,0,0
2022-01-02,P005,S06,23,50600.0,0,0
2022-01-03,P001,S01,17,76500.0,0,0
2022-01-03,P001,S02,17,76500.0,0,0
2022-01-03,P001,S03,13,58500.0,0,0
2022-01-03,P001,S04,16,72000.0,0,0
2022-01-03,P001,S05,26,105906.4,1,0
2022-01-03,P001,S06,11,49500.0,0,0
2022-01-03,P002,S01,42,50400.0,0,0
2022-01-03,P002,S02,75,85186.43,1,0
2022-01-03,P002,S03,45,42151.61,1,0
2022-01-03,P002,S04,28,33600.0,0,0
2022-01-03,P002,S05,61,54824.52,1,0
2022-01-03,P002,S06,28,33600.0,0,0
2022-01-03,P003,S01,180,63000.0,0,0
2022-01-03,P003,S02,147,51450.0,0,0
2022-01-03,P003,S03,246,69844.36,1,0
2022-01-03,P003,S04,217,69487.8,1,0
2022-01-03,P003,S05,124,43400.0,0,0
2022-01-03,P003,S06,111,38850.0,0,0
2022-01-03,P004,S01,11,86273.76,1,0
2022-01-03,P004,S02,7,59500.0,0,0
2022-01-03,P004,S03,8,68000.0,0,0
2022-01-03,P004,S04,7,59500.0,0,0
2022-01-03,P004,S05,5,42500.0,0,0
2022-01-03,P004,S06,5,42500.0,0,0
2022-01-03,P005,S01,24,52800.0,0,0
2022-01-03,P005,S02,32,70400.0,0,0
2022-01-03,P005,S03,27,59400.0,0,0
2022-01-03,P005,S04,35,67669.14,1,0
2022-01-03,P005,S05,36,74821.27,1,0
2022-01-03,P005,S06,34,70061.76,1,0
2022-01-04,P001,S01,18,81000.0,0,0
2022-01-04,P001,S02,15,67500.0,0,0
2022-01-04,P001,S03,32,130266.06,1,0
2022-01-04,P001,S04,14,63000.0,0,0
2022-01-04,P001,S05,23,88657.73,1,0
2022-01-04,P001,S06,20,66747.18,1,0
2022-01-04,P002,S01,47,56400.0,0,0
2022-01-04,P002,S02,38,45600.0,0,0
2022-01-04,P002,S03,36,43200.0,0,0
2022-01-04,P002,S04,54,52875.7,1,0
2022-01-04,P002,S05,34,40800.0,0,0
2022-01-04,P002,S06,28,33600.0,0,0
2022-01-04,P003,S01,205,71750.0,0,0
2022-01-04,P003,S02,154,53900.0,0,0
2022-01-04,P003,S03,145,50750.0,0,0
2022-01-04,P003,S04,159,55650.0,0,0
2022-01-04,P003,S05,167,58450.0,0,0
2022-01-04,P003,S06,115,40250.0,0,0
2022-01-04,P004,S01,8,68000.0,0,0
2022-01-04,P004,S02,7,59500.0,0,0
2022-01-04,P004,S03,8,68000.0,0,0
2022-01-04,P004,S04,9,54775.15,1,0
2022-01-04,P004,S05,7,59500.0,0,0
2022-01-04,P004,S06,5,42500.0,0,0
2022-01-04,P005,S01,26,57200.0,0,0
2022-01-04,P005,S02,31,68200.0,0,0
2022-01-04,P005,S03,26,57200.0,0,0
2022-01-04,P005,S04,26,57200.0,0,0
2022-01-04,P005,S05,25,55000.0,0,0
2022-01-04,P005,S06,33,67378.08,1,0
2022-01-05,P001,S01,19,85500.0,0,0
2022-01-05,P001,S02,17,76500.0,0,0
2022-01-05,P001,S03,15,67500.0,0,0
2022-01-05,P001,S04,24,98609.85,1,0
2022-01-05,P001,S05,16,72000.0,0,0
2022-01-05,P001,S06,12,54000.0,0,0
2022-01-05,P002,S01,49,58800.0,0,0
2022-01-05,P002,S02,43,51600.0,0,0
2022-01-05,P002,S03,29,34800.0,0,0
2022-01-05,P002,S04,33,39600.0,0,0
2022-01-05,P002,S05,29,34800.0,0,0
2022-01-05,P002,S06,31,37200.0,0,0
2022-01-05,P003,S01,141,49350.0,0,0
2022-01-05,P003,S02,152,53200.0,0,0
2022-01-05,P003,S03,153,53550.0,0,0
2022-01-05,P003,S04,225,57152.15,1,0
2022-01-05,P003,S05,141,49350.0,0,0
2022-01-05,P003,S06,203,51322.29,1,0
2022-01-05,P004,S01,13,104825.0,1,0
2022-01-05,P004,S02,6,51000.0,0,0
2022-01-05,P004,S03,7,59500.0,0,0
2022-01-05,P004,S04,7,59500.0,0,0
2022-01-05,P004,S05,6,51000.0,0,0
2022-01-05,P004,S06,10,70028.72,1,0
2022-01-05,P005,S01,26,57200.0,0,0
2022-01-05,P005,S02,26,57200.0,0,0
2022-01-05,P005,S03,21,46200.0,0,0
2022-01-05,P005,S04,37,64788.11,1,0
2022-01-05,P005,S05,26,57200.0,0,0
2022-01-05,P005,S06,28,55693.59,1,0
2022-01-06,P001,S01,17,76500.0,0,0
2022-01-06,P001,S02,19,85500.0,0,0
2022-01-06,P001,S03,17,76500.0,0,0
2022-01-06,P001,S04,14,63000.0,0,0
2022-01-06,P001,S05,17,76500.0,0,0
2022-01-06,P001,S06,19,78358.73,1,0
2022-01-06,P002,S01,44,52800.0,0,0
2022-01-06,P002,S02,36,43200.0,0,0
2022-01-06,P002,S03,33,39600.0,0,0
2022-01-06,P002,S04,65,65941.2,1,0
2022-01-06,P002,S05,36,43200.0,0,0
2022-01-06,P002,S06,31,37200.0,0,0
2022-01-06,P003,S01,191,66850.0,0,0
2022-01-06,P003,S02,211,73850.0,0,0
2022-01-06,P003,S03,152,53200.0,0,0
2022-01-06,P003,S04,129,45150.0,0,0
2022-01-06,P003,S05,124,43400.0,0,0
2022-01-06,P003,S06,129,45150.0,0,0
2022-01-06,P004,S01,7,59500.0,0,0
2022-01-06,P004,S02,8,68000.0,0,0
2022-01-06,P004,S03,5,42500.0,0,0
2022-01-06,P004,S04,6,51000.0,0,0
2022-01-06,P004,S05,4,34000.0,0,0
2022-01-06,P004,S06,6,51000.0,0,0
2022-01-06,P005,S01,23,50600.0,0,0
2022-01-06,P005,S02,27,59400.0,0,0
2022-01-06,P005,S03,27,59400.0,0,0
2022-01-06,P005,S04,42,68461.37,1,0
2022-01-06,P005,S05,27,59400.0,0,0
2022-01-06,P005,S06,30,55303.95,1,0
2022-01-07,P001,S01,28,95907.1,1,0
2022-01-07,P001,S02,14,63000.0,0,0
2022-01-07,P001,S03,12,54000.0,0,0
2022-01-07,P001,S04,15,67500.0,0,0
2022-01-07,P001,S05,11,49500.0,0,0
2022-01-07,P001,S06,12,54000.0,0,0
2022-01-07,P002,S01,43,51600.0,0,0
2022-01-07,P002,S02,43,51600.0,0,0
2022-01-07,P002,S03,39,46800.0,0,0
2022-01-07,P002,S04,32,38400.0,0,0
2022-01-07,P002,S05,29,34800.0,0,0
2022-01-07,P002,S06,27,32400.0,0,0
2022-01-07,P003,S01,171,59850.0,0,0
2022-01-07,P003,S02,280,84798.04,1,0
2022-01-07,P003,S03,257,64596.23,1,0
2022-01-07,P003,S04,131,45850.0,0,0
2022-01-07,P003,S05,141,49350.0,0,0
2022-01-07,P003,S06,137,47950.0,0,0
2022-01-07,P004,S01,5,42500.0,0,0
2022-01-07,P004,S02,6,51000.0,0,0
2022-01-07,P004,S03,9,58667.59,1,0
2022-01-07,P004,S04,7,59500.0,0,0
2022-01-07,P004,S05,7,59500.0,0,0
2022-01-07,P004,S06,4,34000.0,0,0
2022-01-07,P005,S01,42,69823.37,1,0
2022-01-07,P005,S02,21,46200.0,0,0
2022-01-07,P005,S03,29,63800.0,0,0
2022-01-07,P005,S04,23,50600.0,0,0
2022-01-07,P005,S05,18,39600.0,0,0
2022-01-07,P005,S06,33,66986.53,1,0
2022-01-08,P001,S01,18,81000.0,0,0
2022-01-08,P001,S02,19,85500.0,0,0
2022-01-08,P001,S03,26,92959.49,1,0
2022-01-08,P001,S04,22,81312.92,1,0
2022-01-08,P001,S05,24,91763.4,1,0
2022-01-08,P001,S06,10,45000.0,0,0
2022-01-08,P002,S01,74,65415.75,1,0
2022-01-08,P002,S02,45,54000.0,0,0
2022-01-08,P002,S03,46,55200.0,0,0
2022-01-08,P002,S04,66,61030.74,1,0
2022-01-08,P002,S05,38,45600.0,0,0
2022-01-08,P002,S06,44,42571.69,1,0
2022-01-08,P003,S01,239,83650.0,0,0
2022-01-08,P003,S02,257,77236.05,1,0
2022-01-08,P003,S03,249,82407.54,1,0
2022-01-08,P003,S04,146,51100.0,0,0
2022-01-08,P003,S05,142,49700.0,0,0
2022-01-08,P003,S06,175,44452.24,1,0
2022-01-08,P004,S01,13,79862.08,1,0
2022-01-08,P004,S02,8,68000.0,0,0
2022-01-08,P004,S03,14,105869.18,1,0
2022-01-08,P004,S04,11,68387.9,1,0
2022-01-08,P004,S05,7,59500.0,0,0
2022-01-08,P004,S06,7,59500.0,0,0
2022-01-08,P005,S01,31,68200.0,0,0
2022-01-08,P005,S02,34,74800.0,0,0
2022-01-08,P005,S03,44,76159.28,1,0
2022-01-08,P005,S04,28,61600.0,0,0
2022-01-08,P005,S05,24,52800.0,0,0
2022-01-08,P005,S06,33,67780.62,1,0
2022-01-09,P001,S01,19,85500.0,0,0
2022-01-09,P001,S02,33,126800.27,1,0
2022-01-09,P001,S03,19,85500.0,0,0
2022-01-09,P001,S04,15,67500.0,0,0
2022-01-09,P001,S05,25,82609.75,1,0
2022-01-09,P001,S06,11,49500.0,0,0
2022-01-09,P002,S01,43,51600.0,0,0
2022-01-09,P002,S02,54,56335.65,1,0
2022-01-09,P002,S03,51,61200.0,0,0
2022-01-09,P002,S04,52,44766.0,1,0
2022-01-09,P002,S05,40,48000.0,0,0
2022-01-09,P002,S06,57,62616.69,1,0
2022-01-09,P003,S01,343,108395.49,1,0
2022-01-09,P003,S02,332,92374.66,1,0
2022-01-09,P003,S03,135,47250.0,0,0
2022-01-09,P003,S04,296,76317.73,1,0
2022-01-09,P003,S05,227,60125.03,1,0
2022-01-09,P003,S06,193,48656.37,1,0
2022-01-09,P004,S01,10,85000.0,0,0
2022-01-09,P004,S02,9,76500.0,0,0
2022-01-09,P004,S03,8,68000.0,0,0
2022-01-09,P004,S04,11,86999.22,1,0
2022-01-09,P004,S05,11,88380.08,1,0
2022-01-09,P004,S06,7,59500.0,0,0
2022-01-09,P005,S01,61,97629.85,1,0
2022-01-09,P005,S02,43,86471.05,1,0
2022-01-09,P005,S03,39,70628.57,1,0
2022-01-09,P005,S04,49,101963.17,1,0
2022-01-09,P005,S05,27,59400.0,0,0
2022-01-09,P005,S06,20,44000.0,0,0
2022-01-10,P001,S01,14,63000.0,0,0
2022-01-10,P001,S02,13,58500.0,0,0
2022-01-10,P001,S03,27,97330.19,1,0
2022-01-10,P001,S04,12,54000.0,0,0
2022-01-10,P001,S05,14,63000.0,0,0
2022-01-10,P001,S06,12,54000.0,0,0
2022-01-10,P002,S01,44,52800.0,0,0
2022-01-10,P002,S02,66,59478.63,1,0
2022-01-10,P002,S03,39,46800.0,0,0
2022-01-10,P002,S04,34,40800.0,0,0
2022-01-10,P002,S05,41,49200.0,0,0
2022-01-10,P002,S06,26,31200.0,0,0
2022-01-10,P003,S01,171,59850.0,0,0
2022-01-10,P003,S02,185,64750.0,0,0
2022-01-10,P003,S03,179,62650.0,0,0
2022-01-10,P003,S04,192,48653.25,1,0
2022-01-10,P003,S05,162,56700.0,0,0
2022-01-10,P003,S06,147,51450.0,0,0
2022-01-10,P004,S01,7,59500.0,0,0
2022-01-10,P004,S02,10,85000.0,0,0
2022-01-10,P004,S03,7,59500.0,0,0
2022-01-10,P004,S04,7,59500.0,0,0
2022-01-10,P004,S05,6,51000.0,0,0
2022-01-10,P004,S06,7,46342.14,1,0
2022-01-10,P005,S01,23,50600.0,0,0
2022-01-10,P005,S02,25,55000.0,0,0
2022-01-10,P005,S03,24,52800.0,0,0
2022-01-10,P005,S04,23,50600.0,0,0
2022-01-10,P005,S05,23,50600.0,0,0
2022-01-10,P005,S06,20,44000.0,0,0
2022-01-11,P001,S01,17,76500.0,0,0
2022-01-11,P001,S02,14,63000.0,0,0
2022-01-11,P001,S03,16,72000.0,0,0
2022-01-11,P001,S04,9,40500.0,0,0
2022-01-11,P001,S05,13,58500.0,0,0
2022-01-11,P001,S06,18,71821.58,1,0
2022-01-11,P002,S01,38,45600.0,0,0
2022-01-11,P002,S02,42,50400.0,0,0
2022-01-11,P002,S03,45,54000.0,0,0
2022-01-11,P002,S04,32,38400.0,0,0
2022-01-11,P002,S05,48,50910.63,1,0
2022-01-11,P002,S06,51,51812.41,1,0
2022-01-11,P003,S01,194,67900.0,0,0
2022-01-11,P003,S02,171,59850.0,0,0
2022-01-11,P003,S03,145,50750.0,0,0
2022-01-11,P003,S04,123,43050.0,0,0
2022-01-11,P003,S05,136,47600.0,0,0
2022-01-11,P003,S06,121,42350.0,0,0
2022-01-11,P004,S01,14,84720.57,1,0
2022-01-11,P004,S02,8,68000.0,0,0
2022-01-11,P004,S03,7,59500.0,0,0
2022-01-11,P004,S04,10,61266.97,1,0
2022-01-11,P004,S05,6,51000.0,0,0
2022-01-11,P004,S06,3,25500.0,0,0
2022-01-11,P005,S01,22,48400.0,0,0
2022-01-11,P005,S02,37,58594.45,1,0
2022-01-11,P005,S03,38,72263.76,1,0
2022-01-11,P005,S04,23,50600.0,0,0
2022-01-11,P005,S05,20,44000.0,0,0
2022-01-11,P005,S06,17,37400.0,0,0
2022-01-12,P001,S01,19,85500.0,0,0
2022-01-12,P001,S02,25,102590.81,1,0
2022-01-12,P001,S03,13,58500.0,0,0
2022-01-12,P001,S04,13,58500.0,0,0
2022-01-12,P001,S05,15,67500.0,0,0
2022-01-12,P001,S06,13,58500.0,0,0
2022-01-12,P002,S01,35,42000.0,0,0
2022-01-12,P002,S02,43,51600.0,0,0
2022-01-12,P002,S03,42,50400.0,0,0
2022-01-12,P002,S04,38,45600.0,0,0
2022-01-12,P002,S05,38,45600.0,0,0
2022-01-12,P002,S06,33,39600.0,0,0
2022-01-12,P003,S01,162,56700.0,0,0
2022-01-12,P003,S02,168,58800.0,0,0
2022-01-12,P003,S03,165,57750.0,0,0
2022-01-12,P003,S04,248,75373.93,1,0
2022-01-12,P003,S05,121,42350.0,0,0
2022-01-12,P003,S06,116,40600.0,0,0
2022-01-12,P004,S01,13,97142.74,1,0
2022-01-12,P004,S02,8,68000.0,0,0
2022-01-12,P004,S03,5,42500.0,0,0
2022-01-12,P004,S04,7,59500.0,0,0
2022-01-12,P004,S05,6,51000.0,0,0
2022-01-12,P004,S06,9,65023.82,1,0
2022-01-12,P005,S01,31,68200.0,0,0
2022-01-12,P005,S02,30,66000.0,0,0
2022-01-12,P005,S03,23,50600.0,0,0
2022-01-12,P005,S04,23,50600.0,0,0
2022-01-12,P005,S05,20,44000.0,0,0
2022-01-12,P005,S06,26,57200.0,0,0
2022-01-13,P001,S01,17,76500.0,0,0
2022-01-13,P001,S02,17,76500.0,0,0
2022-01-13,P001,S03,14,63000.0,0,0
2022-01-13,P001,S04,13,58500.0,0,0
2022-01-13,P001,S05,16,72000.0,0,0
2022-01-13,P001,S06,17,57865.83,1,0
2022-01-13,P002,S01,38,45600.0,0,0
2022-01-13,P002,S02,86,87131.75,1,0
2022-01-13,P002,S03,39,46800.0,0,0
2022-01-13,P002,S04,53,47847.27,1,0
2022-01-13,P002,S05,29,34800.0,0,0
2022-01-13,P002,S06,29,34800.0,0,0
2022-01-13,P003,S01,186,65100.0,0,0
2022-01-13,P003,S02,185,64750.0,0,0
2022-01-13,P003,S03,270,72579.7,1,0
2022-01-13,P003,S04,142,49700.0,0,0
2022-01-13,P003,S05,193,52819.63,1,0
2022-01-13,P003,S06,108,37800.0,0,0
2022-01-13,P004,S01,9,76500.0,0,0
2022-01-13,P004,S02,7,59500.0,0,0
2022-01-13,P004,S03,12,74483.75,1,0
2022-01-13,P004,S04,8,55524.72,1,0
2022-01-13,P004,S05,9,72665.08,1,0
2022-01-13,P004,S06,5,42500.0,0,0
2022-01-13,P005,S01,28,61600.0,0,0
2022-01-13,P005,S02,26,57200.0,0,0
2022-01-13,P005,S03,25,55000.0,0,0
2022-01-13,P005,S04,22,48400.0,0,0
2022-01-13,P005,S05,28,61600.0,0,0
2022-01-13,P005,S06,19,41800.0,0,0
2022-01-14,P001,S01,26,117000.0,0,1
2022-01-14,P001,S02,42,171264.88,1,1
2022-01-14,P001,S03,23,103500.0,0,1
2022-01-14,P001,S04,19,85500.0,0,1
2022-01-14,P001,S05,14,63000.0,0,1
2022-01-14,P001,S06,27,108718.26,1,1
2022-01-14,P002,S01,87,80003.67,1,1
2022-01-14,P002,S02,71,85200.0,0,1
2022-01-14,P002,S03,76,85512.33,1,1
2022-01-14,P002,S04,42,50400.0,0,1
2022-01-14,P002,S05,46,55200.0,0,1
2022-01-14,P002,S06,46,55200.0,0,1
2022-01-14,P003,S01,357,101081.58,1,1
2022-01-14,P003,S02,313,104043.26,1,1
2022-01-14,P003,S03,236,82600.0,0,1
2022-01-14,P003,S04,215,75250.0,0,1
2022-01-14,P003,S05,248,86800.0,0,1
2022-01-14,P003,S06,154,53900.0,0,1
2022-01-14,P004,S01,15,117964.37,1,1
2022-01-14,P004,S02,10,85000.0,0,1
2022-01-14,P004,S03,9,76500.0,0,1
2022-01-14,P004,S04,14,102418.25,1,1
2022-01-14,P004,S05,9,76500.0,0,1
2022-01-14,P004,S06,6,51000.0,0,1
2022-01-14,P005,S01,56,97957.27,1,1
2022-01-14,P005,S02,45,99000.0,0,1
2022-01-14,P005,S03,33,72600.0,0,1
2022-01-14,P005,S04,30,66000.0,0,1
2022-01-14,P005,S05,31,68200.0,0,1
2022-01-14,P005,S06,29,63800.0,0,1
2022-01-15,P001,S01,20,90000.0,0,0
2022-01-15,P001,S02,35,142017.42,1,0
2022-01-15,P001,S03,21,94500.0,0,0
2022-01-15,P001,S04,15,67500.0,0,0
2022-01-15,P001,S05,16,72000.0,0,0
2022-01-15,P001,S06,26,97956.89,1,0
2022-01-15,P002,S01,45,54000.0,0,0
2022-01-15,P002,S02,74,76684.78,1,0
2022-01-15,P002,S03,78,85034.13,1,0
2022-01-15,P002,S04,36,43200.0,0,0
2022-01-15,P002,S05,36,43200.0,0,0
2022-01-15,P002,S06,37,44400.0,0,0
2022-01-15,P003,S01,299,74680.34,1,0
2022-01-15,P003,S02,186,65100.0,0,0
2022-01-15,P003,S03,291,79432.34,1,0
2022-01-15,P003,S04,180,48140.51,1,0
2022-01-15,P003,S05,161,56350.0,0,0
2022-01-15,P003,S06,137,47950.0,0,0
2022-01-15,P004,S01,9,76500.0,0,0
2022-01-15,P004,S02,10,64283.21,1,0
2022-01-15,P004,S03,6,51000.0,0,0
2022-01-15,P004,S04,6,51000.0,0,0
2022-01-15,P004,S05,5,42500.0,0,0
2022-01-15,P004,S06,6,51000.0,0,0
2022-01-15,P005,S01,37,81400.0,0,0
2022-01-15,P005,S02,27,59400.0,0,0
2022-01-15,P005,S03,30,66000.0,0,0
2022-01-15,P005,S04,40,64364.65,1,0
2022-01-15,P005,S05,30,66000.0,0,0
2022-01-15,P005,S06,37,63729.47,1,0
2022-01-16,P001,S01,22,99000.0,0,0
2022-01-16,P001,S02,18,81000.0,0,0
2022-01-16,P001,S03,24,93308.19,1,0
2022-01-16,P001,S04,16,72000.0,0,0
2022-01-16,P001,S05,17,76500.0,0,0
2022-01-16,P001,S06,12,54000.0,0,0
2022-01-16,P002,S01,46,55200.0,0,0
2022-01-16,P002,S02,48,57600.0,0,0
2022-01-16,P002,S03,43,51600.0,0,0
2022-01-16,P002,S04,52,44680.36,1,0
2022-01-16,P002,S05,79,88642.16,1,0
2022-01-16,P002,S06,52,50935.59,1,0
2022-01-16,P003,S01,187,65450.0,0,0
2022-01-16,P003,S02,328,81256.81,1,0
2022-01-16,P003,S03,241,74100.48,1,0
2022-01-16,P003,S04,272,69798.19,1,0
2022-01-16,P003,S05,167,58450.0,0,0
2022-01-16,P003,S06,144,50400.0,0,0
2022-01-16,P004,S01,9,76500.0,0,0
2022-01-16,P004,S02,5,42500.0,0,0
2022-01-16,P004,S03,6,51000.0,0,0
2022-01-16,P004,S04,6,51000.0,0,0
2022-01-16,P004,S05,7,59500.0,0,0
2022-01-16,P004,S06,6,51000.0,0,0
2022-01-16,P005,S01,56,86987.33,1,0
2022-01-16,P005,S02,26,57200.0,0,0
2022-01-16,P005,S03,45,92834.34,1,0
2022-01-16,P005,S04,44,87237.99,1,0
2022-01-16,P005,S05,27,59400.0,0,0
2022-01-16,P005,S06,47,77534.91,1,0
2022-01-17,P001,S01,20,90000.0,0,0
2022-01-17,P001,S02,29,116604.07,1,0
2022-01-17,P001,S03,15,67500.0,0,0
2022-01-17,P001,S04,15,67500.0,0,0
2022-01-17,P001,S05,15,67500.0,0,0
2022-01-17,P001,S06,13,58500.0,0,0
2022-01-17,P002,S01,38,45600.0,0,0
2022-01-17,P002,S02,40,48000.0,0,0
2022-01-17,P002,S03,32,38400.0,0,0
2022-01-17,P002,S04,35,42000.0,0,0
2022-01-17,P002,S05,34,40800.0,0,0
2022-01-17,P002,S06,57,48198.28,1,0
2022-01-17,P003,S01,164,57400.0,0,0
2022-01-17,P003,S02,154,53900.0,0,0
2022-01-17,P003,S03,193,67550.0,0,0
2022-01-17,P003,S04,138,48300.0,0,0
2022-01-17,P003,S05,125,43750.0,0,0
2022-01-17,P003,S06,121,42350.0,0,0
2022-01-17,P004,S01,6,51000.0,0,0
2022-01-17,P004,S02,8,68000.0,0,0
2022-01-17,P004,S03,7,59500.0,0,0
2022-01-17,P004,S04,5,42500.0,0,0
2022-01-17,P004,S05,10,76549.58,1,0
2022-01-17,P004,S06,6,51000.0,0,0
2022-01-17,P005,S01,31,68200.0,0,0
2022-01-17,P005,S02,28,61600.0,0,0
2022-01-17,P005,S03,23,50600.0,0,0
2022-01-17,P005,S04,19,41800.0,0,0
2022-01-17,P005,S05,25,55000.0,0,0
2022-01-17,P005,S06,18,39600.0,0,0
2022-01-18,P001,S01,17,76500.0,0,0
2022-01-18,P001,S02,16,72000.0,0,0
2022-01-18,P001,S03,15,67500.0,0,0
2022-01-18,P001,S04,10,45000.0,0,0
2022-01-18,P001,S05,13,58500.0,0,0
2022-01-18,P001,S06,9,40500.0,0,0
2022-01-18,P002,S01,41,49200.0,0,0
2022-01-18,P002,S02,46,55200.0,0,0
2022-01-18,P002,S03,45,51086.63,1,0
2022-01-18,P002,S04,34,40800.0,0,0
2022-01-18,P002,S05,43,51600.0,0,0
2022-01-18,P002,S06,24,28800.0,0,0
2022-01-18,P003,S01,165,57750.0,0,0
2022-01-18,P003,S02,160,56000.0,0,0
2022-01-18,P003,S03,119,41650.0,0,0
2022-01-18,P003,S04,139,48650.0,0,0
2022-01-18,P003,S05,207,67777.96,1,0
2022-01-18,P003,S06,111,38850.0,0,0
2022-01-18,P004,S01,13,100127.86,1,0
2022-01-18,P004,S02,7,59500.0,0,0
2022-01-18,P004,S03,6,51000.0,0,0
2022-01-18,P004,S04,6,51000.0,0,0
2022-01-18,P004,S05,6,51000.0,0,0
2022-01-18,P004,S06,5,42500.0,0,0
2022-01-18,P005,S01,29,63800.0,0,0
2022-01-18,P005,S02,28,61600.0,0,0
2022-01-18,P005,S03,27,59400.0,0,0
2022-01-18,P005,S04,28,52433.39,1,0
2022-01-18,P005,S05,20,44000.0,0,0
2022-01-18,P005,S06,17,37400.0,0,0
2022-01-19,P001,S01,18,81000.0,0,0
2022-01-19,P001,S02,17,76500.0,0,0
2022-01-19,P001,S03,15,67500.0,0,0
2022-01-19,P001,S04,18,67468.31,1,0
2022-01-19,P001,S05,24,90076.64,1,0
2022-01-19,P001,S06,11,49500.0,0,0
2022-01-19,P002,S01,42,50400.0,0,0
2022-01-19,P002,S02,69,59123.37,1,0
2022-01-19,P002,S03,39,46800.0,0,0
2022-01-19,P002,S04,53,57845.13,1,0
2022-01-19,P002,S05,36,43200.0,0,0
2022-01-19,P002,S06,36,43200.0,0,0
2022-01-19,P003,S01,233,59787.9,1,0
2022-01-19,P003,S02,161,56350.0,0,0
2022-01-19,P003,S03,119,41650.0,0,0
2022-01-19,P003,S04,129,45150.0,0,0
2022-01-19,P003,S05,99,34650.0,0,0
2022-01-19,P003,S06,193,60147.56,1,0
2022-01-19,P004,S01,7,59500.0,0,0
2022-01-19,P004,S02,8,68000.0,0,0
2022-01-19,P004,S03,7,59500.0,0,0
2022-01-19,P004,S04,7,44695.92,1,0
2022-01-19,P004,S05,8,68000.0,0,0
2022-01-19,P004,S06,6,51000.0,0,0
2022-01-19,P005,S01,29,63800.0,0,0
2022-01-19,P005,S02,25,55000.0,0,0
2022-01-19,P005,S03,26,57200.0,0,0
2022-01-19,P005,S04,18,39600.0,0,0
2022-01-19,P005,S05,21,46200.0,0,0
2022-01-19,P005,S06,28,55129.57,1,0
2022-01-20,P001,S01,16,72000.0,0,0
2022-01-20,P001,S02,17,76500.0,0,0
2022-01-20,P001,S03,14,63000.0,0,0
2022-01-20,P001,S04,11,49500.0,0,0
2022-01-20,P001,S05,12,54000.0,0,0
2022-01-20,P001,S06,15,67500.0,0,0
2022-01-20,P002,S01,37,44400.0,0,0
2022-01-20,P002,S02,29,34800.0,0,0
2022-01-20,P002,S03,36,43200.0,0,0
2022-01-20,P002,S04,33,39600.0,0,0
2022-01-20,P002,S05,37,44400.0,0,0
2022-01-20,P002,S06,49,41566.51,1,0
2022-01-20,P003,S01,183,64050.0,0,0
2022-01-20,P003,S02,135,47250.0,0,0
2022-01-20,P003,S03,276,67865.77,1,0
2022-01-20,P003,S04,199,51762.93,1,0
2022-01-20,P003,S05,138,48300.0,0,0
2022-01-20,P003,S06,99,34650.0,0,0
2022-01-20,P004,S01,6,51000.0,0,0
2022-01-20,P004,S02,12,76587.42,1,0
2022-01-20,P004,S03,11,83066.52,1,0
2022-01-20,P004,S04,5,42500.0,0,0
2022-01-20,P004,S05,9,58043.91,1,0
2022-01-20,P004,S06,5,42500.0,0,0
2022-01-20,P005,S01,32,70400.0,0,0
2022-01-20,P005,S02,34,74800.0,0,0
2022-01-20,P005,S03,22,48400.0,0,0
2022-01-20,P005,S04,19,41800.0,0,0
2022-01-20,P005,S05,20,44000.0,0,0
2022-01-20,P005,S06,27,59400.0,0,0
2022-01-21,P001,S01,16,72000.0,0,0
2022-01-21,P001,S02,19,85500.0,0,0
2022-01-21,P001,S03,13,58500.0,0,0
2022-01-21,P001,S04,16,72000.0,0,0
2022-01-21,P001,S05,16,59117.63,1,0
2022-01-21,P001,S06,14,63000.0,0,0
2022-01-21,P002,S01,44,52800.0,0,0
2022-01-21,P002,S02,40,48000.0,0,0
2022-01-21,P002,S03,30,36000.0,0,0
2022-01-21,P002,S04,52,50388.27,1,0
2022-01-21,P002,S05,35,42000.0,0,0
2022-01-21,P002,S06,29,34800.0,0,0
2022-01-21,P003,S01,180,63000.0,0,0
2022-01-21,P003,S02,181,63350.0,0,0
2022-01-21,P003,S03,157,54950.0,0,0
2022-01-21,P003,S04,125,43750.0,0,0
2022-01-21,P003,S05,147,51450.0,0,0
2022-01-21,P003,S06,131,45850.0,0,0
2022-01-21,P004,S01,7,59500.0,0,0
2022-01-21,P004,S02,9,76500.0,0,0
2022-01-21,P004,S03,7,59500.0,0,0
2022-01-21,P004,S04,6,51000.0,0,0
2022-01-21,P004,S05,6,51000.0,0,0
2022-01-21,P004,S06,5,42500.0,0,0
2022-01-21,P005,S01,31,68200.0,0,0
2022-01-21,P005,S02,20,44000.0,0,0
2022-01-21,P005,S03,24,52800.0,0,0
2022-01-21,P005,S04,23,50600.0,0,0
2022-01-21,P005,S05,25,55000.0,0,0
2022-01-21,P005,S06,23,50600.0,0,0
2022-01-22,P001,S01,34,122148.84,1,0
2022-01-22,P001,S02,21,94500.0,0,0
2022-01-22,P001,S03,17,76500.0,0,0
2022-01-22,P001,S04,16,72000.0,0,0
2022-01-22,P001,S05,24,84780.37,1,0
2022-01-22,P001,S06,11,49500.0,0,0
2022-01-22,P002,S01,92,91708.37,1,0
2022-01-22,P002,S02,87,97980.36,1,0
2022-01-22,P002,S03,33,39600.0,0,0
2022-01-22,P002,S04,39,46800.0,0,0
2022-01-22,P002,S05,45,54000.0,0,0
2022-01-22,P002,S06,26,31200.0,0,0
2022-01-22,P003,S01,256,80111.58,1,0
2022-01-22,P003,S02,162,56700.0,0,0
2022-01-22,P003,S03,187,65450.0,0,0
2022-01-22,P003,S04,210,52828.81,1,0
2022-01-22,P003,S05,242,64308.07,1,0
2022-01-22,P003,S06,147,51450.0,0,0
2022-01-22,P004,S01,16,100307.17,1,0
2022-01-22,P004,S02,9,76500.0,0,0
2022-01-22,P004,S03,11,71532.88,1,0
2022-01-22,P004,S04,8,68000.0,0,0
2022-01-22,P004,S05,7,59500.0,0,0
2022-01-22,P004,S06,7,59500.0,0,0
2022-01-22,P005,S01,47,86237.61,1,0
2022-01-22,P005,S02,37,81400.0,0,0
2022-01-22,P005,S03,27,59400.0,0,0
2022-01-22,P005,S04,26,57200.0,0,0
2022-01-22,P005,S05,25,55000.0,0,0
2022-01-22,P005,S06,33,56733.36,1,0
2022-01-23,P001,S01,32,119689.0,1,0
2022-01-23,P001,S02,27,105247.95,1,0
2022-01-23,P001,S03,19,85500.0,0,0
2022-01-23,P001,S04,14,63000.0,0,0
2022-01-23,P001,S05,15,67500.0,0,0
2022-01-23,P001,S06,23,80535.06,1,0
2022-01-23,P002,S01,75,82354.78,1,0
2022-01-23,P002,S02,45,54000.0,0,0
2022-01-23,P002,S03,59,56385.37,1,0
2022-01-23,P002,S04,39,46800.0,0,0
2022-01-23,P002,S05,65,65197.33,1,0
2022-01-23,P002,S06,34,40800.0,0,0
2022-01-23,P003,S01,201,70350.0,0,0
2022-01-23,P003,S02,249,73613.86,1,0
2022-01-23,P003,S03,179,62650.0,0,0
2022-01-23,P003,S04,160,56000.0,0,0
2022-01-23,P003,S05,150,52500.0,0,0
2022-01-23,P003,S06,127,44450.0,0,0
2022-01-23,P004,S01,7,59500.0,0,0
2022-01-23,P004,S02,7,59500.0,0,0
2022-01-23,P004,S03,7,59500.0,0,0
2022-01-23,P004,S04,7,59500.0,0,0
2022-01-23,P004,S05,7,59500.0,0,0
2022-01-23,P004,S06,10,71747.33,1,0
2022-01-23,P005,S01,33,72600.0,0,0
2022-01-23,P005,S02,26,57200.0,0,0
2022-01-23,P005,S03,48,77735.45,1,0
2022-01-23,P005,S04,24,52800.0,0,0
2022-01-23,P005,S05,43,89135.2,1,0
2022-01-23,P005,S06,41,70355.21,1,0
2022-01-24,P001,S01,19,85500.0,0,0
2022-01-24,P001,S02,15,67500.0,0,0
2022-01-24,P001,S03,16,72000.0,0,0
2022-01-24,P001,S04,12,54000.0,0,0
2022-01-24,P001,S05,25,92964.37,1,0
2022-01-24,P001,S06,12,54000.0,0,0
2022-01-24,P002,S01,33,39600.0,0,0
2022-01-24,P002,S02,33,39600.0,0,0
2022-01-24,P002,S03,40,48000.0,0,0
2022-01-24,P002,S04,37,44400.0,0,0
2022-01-24,P002,S05,54,46531.77,1,0
2022-01-24,P002,S06,37,40978.43,1,0
2022-01-24,P003,S01,159,55650.0,0,0
2022-01-24,P003,S02,261,78135.74,1,0
2022-01-24,P003,S03,159,55650.0,0,0
2022-01-24,P003,S04,217,68314.85,1,0
2022-01-24,P003,S05,138,48300.0,0,0
2022-01-24,P003,S06,127,44450.0,0,0
2022-01-24,P004,S01,8,68000.0,0,0
2022-01-24,P004,S02,8,68000.0,0,0
2022-01-24,P004,S03,5,42500.0,0,0
2022-01-24,P004,S04,5,42500.0,0,0
2022-01-24,P004,S05,6,51000.0,0,0
2022-01-24,P004,S06,5,42500.0,0,0
2022-01-24,P005,S01,48,93035.61,1,0
2022-01-24,P005,S02,44,81113.17,1,0
2022-01-24,P005,S03,26,57200.0,0,0
2022-01-24,P005,S04,24,52800.0,0,0
2022-01-24,P005,S05,21,46200.0,0,0
2022-01-24,P005,S06,21,46200.0,0,0
2022-01-25,P001,S01,18,81000.0,0,0
2022-01-25,P001,S02,21,94500.0,0,0
2022-01-25,P001,S03,14,63000.0,0,0
2022-01-25,P001,S04,23,84702.85,1,0
2022-01-25,P001,S05,14,63000.0,0,0
2022-01-25,P001,S06,13,58500.0,0,0
2022-01-25,P002,S01,38,45600.0,0,0
2022-01-25,P002,S02,41,49200.0,0,0
2022-01-25,P002,S03,34,40800.0,0,0
2022-01-25,P002,S04,36,43200.0,0,0
2022-01-25,P002,S05,38,45600.0,0,0
2022-01-25,P002,S06,27,32400.0,0,0
2022-01-25,P003,S01,198,69300.0,0,0
2022-01-25,P003,S02,186,65100.0,0,0
2022-01-25,P003,S03,222,55756.89,1,0
2022-01-25,P003,S04,116,40600.0,0,0
2022-01-25,P003,S05,145,50750.0,0,0
2022-01-25,P003,S06,128,44800.0,0,0
2022-01-25,P004,S01,15,100287.34,1,0
2022-01-25,P004,S02,6,51000.0,0,0
2022-01-25,P004,S03,7,59500.0,0,0
2022-01-25,P004,S04,6,51000.0,0,0
2022-01-25,P004,S05,5,42500.0,0,0
2022-01-25,P004,S06,4,34000.0,0,0
2022-01-25,P005,S01,28,61600.0,0,0
2022-01-25,P005,S02,26,57200.0,0,0
2022-01-25,P005,S03,29,63800.0,0,0
2022-01-25,P005,S04,23,50600.0,0,0
2022-01-25,P005,S05,41,76013.82,1,0
2022-01-25,P005,S06,24,52800.0,0,0
2022-01-26,P001,S01,25,112500.0,0,1
2022-01-26,P001,S02,19,85500.0,0,1
2022-01-26,P001,S03,22,99000.0,0,1
2022-01-26,P001,S04,20,90000.0,0,1
2022-01-26,P001,S05,26,117000.0,0,1
2022-01-26,P001,S06,15,67500.0,0,1
2022-01-26,P002,S01,88,81740.27,1,1
2022-01-26,P002,S02,93,81244.0,1,1
2022-01-26,P002,S03,101,106282.96,1,1
2022-01-26,P002,S04,54,64800.0,0,1
2022-01-26,P002,S05,65,73329.29,1,1
2022-01-26,P002,S06,80,91083.42,1,1
2022-01-26,P003,S01,268,93800.0,0,1
2022-01-26,P003,S02,202,70700.0,0,1
2022-01-26,P003,S03,249,87150.0,0,1
2022-01-26,P003,S04,175,61250.0,0,1
2022-01-26,P003,S05,214,74900.0,0,1
2022-01-26,P003,S06,272,86286.02,1,1
2022-01-26,P004,S01,12,102000.0,0,1
2022-01-26,P004,S02,19,137142.83,1,1
2022-01-26,P004,S03,13,77735.93,1,1
2022-01-26,P004,S04,10,68560.14,1,1
2022-01-26,P004,S05,10,85000.0,0,1
2022-01-26,P004,S06,13,93140.65,1,1
2022-01-26,P005,S01,46,101200.0,0,1
2022-01-26,P005,S02,71,141739.04,1,1
2022-01-26,P005,S03,42,92400.0,0,1
2022-01-26,P005,S04,47,75933.14,1,1
2022-01-26,P005,S05,51,105923.63,1,1
2022-01-26,P005,S06,28,61600.0,0,1
2022-01-27,P001,S01,21,94500.0,0,0
2022-01-27,P001,S02,17,76500.0,0,0
2022-01-27,P001,S03,18,81000.0,0,0
2022-01-27,P001,S04,14,63000.0,0,0
2022-01-27,P001,S05,18,81000.0,0,0
2022-01-27,P001,S06,14,63000.0,0,0
2022-01-27,P002,S01,31,37200.0,0,0
2022-01-27,P002,S02,76,66756.02,1,0
2022-01-27,P002,S03,54,50319.48,1,0
2022-01-27,P002,S04,33,39600.0,0,0
2022-01-27,P002,S05,74,67438.02,1,0
2022-01-27,P002,S06,53,48525.67,1,0
2022-01-27,P003,S01,129,45150.0,0,0
2022-01-27,P003,S02,229,64216.39,1,0
2022-01-27,P003,S03,180,63000.0,0,0
2022-01-27,P003,S04,143,50050.0,0,0
2022-01-27,P003,S05,120,42000.0,0,0
2022-01-27,P003,S06,125,43750.0,0,0
2022-01-27,P004,S01,9,76500.0,0,0
2022-01-27,P004,S02,8,68000.0,0,0
2022-01-27,P004,S03,8,68000.0,0,0
2022-01-27,P004,S04,6,51000.0,0,0
2022-01-27,P004,S05,10,76542.91,1,0
2022-01-27,P004,S06,6,36971.45,1,0
2022-01-27,P005,S01,46,78636.27,1,0
2022-01-27,P005,S02,30,66000.0,0,0
2022-01-27,P005,S03,27,59400.0,0,0
2022-01-27,P005,S04,24,52800.0,0,0
2022-01-27,P005,S05,18,39600.0,0,0
2022-01-27,P005,S06,33,65296.34,1,0
2022-01-28,P001,S01,16,72000.0,0,0
2022-01-28,P001,S02,17,76500.0,0,0
2022-01-28,P001,S03,16,72000.0,0,0
2022-01-28,P001,S04,14,63000.0,0,0
2022-01-28,P001,S05,14,63000.0,0,0
2022-01-28,P001,S06,11,49500.0,0,0
2022-01-28,P002,S01,54,51965.15,1,0
2022-01-28,P002,S02,47,56400.0,0,0
2022-01-28,P002,S03,41,49200.0,0,0
2022-01-28,P002,S04,32,38400.0,0,0
2022-01-28,P002,S05,35,42000.0,0,0
2022-01-28,P002,S06,45,46259.32,1,0
2022-01-28,P003,S01,140,49000.0,0,0
2022-01-28,P003,S02,164,57400.0,0,0
2022-01-28,P003,S03,134,46900.0,0,0
2022-01-28,P003,S04,131,45850.0,0,0
2022-01-28,P003,S05,123,43050.0,0,0
2022-01-28,P003,S06,158,55300.0,0,0
2022-01-28,P004,S01,13,86106.71,1,0
2022-01-28,P004,S02,7,59500.0,0,0
2022-01-28,P004,S03,6,51000.0,0,0
2022-01-28,P004,S04,5,42500.0,0,0
2022-01-28,P004,S05,8,62955.2,1,0
2022-01-28,P004,S06,5,42500.0,0,0
2022-01-28,P005,S01,27,59400.0,0,0
2022-01-28,P005,S02,27,59400.0,0,0
2022-01-28,P005,S03,26,57200.0,0,0
2022-01-28,P005,S04,22,48400.0,0,0
2022-01-28,P005,S05,25,55000.0,0,0
2022-01-28,P005,S06,29,45328.42,1,0
2022-01-29,P001,S01,19,85500.0,0,0
2022-01-29,P001,S02,21,94500.0,0,0
2022-01-29,P001,S03,29,115824.42,1,0
2022-01-29,P001,S04,14,63000.0,0,0
2022-01-29,P001,S05,29,114384.54,1,0
2022-01-29,P001,S06,10,45000.0,0,0
2022-01-29,P002,S01,84,78302.16,1,0
2022-01-29,P002,S02,79,79069.84,1,0
2022-01-29,P002,S03,52,62400.0,0,0
2022-01-29,P002,S04,37,44400.0,0,0
2022-01-29,P002,S05,66,73260.95,1,0
2022-01-29,P002,S06,32,38400.0,0,0
2022-01-29,P003,S01,210,73500.0,0,0
2022-01-29,P003,S02,227,79450.0,0,0
2022-01-29,P003,S03,273,68648.32,1,0
2022-01-29,P003,S04,166,58100.0,0,0
2022-01-29,P003,S05,290,85126.61,1,0
2022-01-29,P003,S06,236,69154.99,1,0
2022-01-29,P004,S01,9,76500.0,0,0
2022-01-29,P004,S02,12,89367.53,1,0
2022-01-29,P004,S03,13,93735.61,1,0
2022-01-29,P004,S04,7,59500.0,0,0
2022-01-29,P004,S05,7,59500.0,0,0
2022-01-29,P004,S06,8,54158.62,1,0
2022-01-29,P005,S01,32,70400.0,0,0
2022-01-29,P005,S02,33,72600.0,0,0
2022-01-29,P005,S03,51,92726.01,1,0
2022-01-29,P005,S04,27,59400.0,0,0
2022-01-29,P005,S05,32,70400.0,0,0
2022-01-29,P005,S06,24,52800.0,0,0
2022-01-30,P001,S01,21,94500.0,0,0
2022-01-30,P001,S02,35,146379.4,1,0
2022-01-30,P001,S03,18,81000.0,0,0
2022-01-30,P001,S04,18,81000.0,0,0
2022-01-30,P001,S05,18,81000.0,0,0
2022-01-30,P001,S06,15,67500.0,0,0
2022-01-30,P002,S01,92,80547.36,1,0
2022-01-30,P002,S02,42,50400.0,0,0
2022-01-30,P002,S03,48,57600.0,0,0
2022-01-30,P002,S04,44,52800.0,0,0
2022-01-30,P002,S05,45,54000.0,0,0
2022-01-30,P002,S06,55,48828.51,1,0
2022-01-30,P003,S01,176,61600.0,0,0
2022-01-30,P003,S02,205,71750.0,0,0
2022-01-30,P003,S03,192,67200.0,0,0
2022-01-30,P003,S04,119,41650.0,0,0
2022-01-30,P003,S05,178,62300.0,0,0
2022-01-30,P003,S06,127,44450.0,0,0
2022-01-30,P004,S01,9,76500.0,0,0
2022-01-30,P004,S02,10,85000.0,0,0
2022-01-30,P004,S03,12,79779.21,1,0
2022-01-30,P004,S04,7,59500.0,0,0
2022-01-30,P004,S05,8,68000.0,0,0
2022-01-30,P004,S06,11,79631.57,1,0
2022-01-30,P005,S01,32,70400.0,0,0
2022-01-30,P005,S02,37,81400.0,0,0
2022-01-30,P005,S03,27,59400.0,0,0
2022-01-30,P005,S04,22,48400.0,0,0
2022-01-30,P005,S05,49,98650.51,1,0
2022-01-30,P005,S06,34,61650.56,1,0
2022-01-31,P001,S01,27,98521.74,1,0
2022-01-31,P001,S02,15,67500.0,0,0
2022-01-31,P001,S03,23,79156.41,1,0
2022-01-31,P001,S04,21,80479.58,1,0
2022-01-31,P001,S05,24,94533.51,1,0
2022-01-31,P001,S06,13,58500.0,0,0
2022-01-31,P002,S01,81,79470.11,1,0
2022-01-31,P002,S02,43,51600.0,0,0
2022-01-31,P002,S03,68,61917.84,1,0
2022-01-31,P002,S04,34,40800.0,0,0
2022-01-31,P002,S05,40,48000.0,0,0
2022-01-31,P002,S06,26,31200.0,0,0
2022-01-31,P003,S01,200,70000.0,0,0
2022-01-31,P003,S02,165,57750.0,0,0
2022-01-31,P003,S03,168,58800.0,0,0
2022-01-31,P003,S04,152,53200.0,0,0
2022-01-31,P003,S05,146,51100.0,0,0
2022-01-31,P003,S06,119,41650.0,0,0
2022-01-31,P004,S01,8,68000.0,0,0
2022-01-31,P004,S02,7,59500.0,0,0
2022-01-31,P004,S03,8,68000.0,0,0
2022-01-31,P004,S04,11,73916.66,1,0
2022-01-31,P004,S05,6,51000.0,0,0
2022-01-31,P004,S06,5,42500.0,0,0
2022-01-31,P005,S01,25,55000.0,0,0
2022-01-31,P005,S02,26,57200.0,0,0
2022-01-31,P005,S03,23,50600.0,0,0
2022-01-31,P005,S04,26,57200.0,0,0
2022-01-31,P005,S05,34,59917.46,1,0
2022-01-31,P005,S06,23,50600.0,0,0
2022-02-01,P001,S01,32,130832.89,1,0
2022-02-01,P001,S02,20,90000.0,0,0
2022-02-01,P001,S03,29,105748.25,1,0
2022-02-01,P001,S04,17,76500.0,0,0
2022-02-01,P001,S05,18,81000.0,0,0
2022-02-01,P001,S06,13,58500.0,0,0
2022-02-01,P002,S01,47,56400.0,0,0
2022-02-01,P002,S02,53,63600.0,0,0
2022-02-01,P002,S03,48,57600.0,0,0
2022-02-01,P002,S04,37,44400.0,0,0
2022-02-01,P002,S05,39,46800.0,0,0
2022-02-01,P002,S06,42,50400.0,0,0
2022-02-01,P003,S01,229,80150.0,0,0
2022-02-01,P003,S02,308,81725.68,1,0
2022-02-01,P003,S03,171,59850.0,0,0
2022-02-01,P003,S04,143,50050.0,0,0
2022-02-01,P003,S05,179,62650.0,0,0
2022-02-01,P003,S06,153,53550.0,0,0
2022-02-01,P004,S01,16,115095.03,1,0
2022-02-01,P004,S02,8,68000.0,0,0
2022-02-01,P004,S03,10,67544.01,1,0
2022-02-01,P004,S04,10,75447.1,1,0
2022-02-01,P004,S05,7,59500.0,0,0
2022-02-01,P004,S06,6,51000.0,0,0
2022-02-01,P005,S01,59,105473.1,1,0
2022-02-01,P005,S02,33,72600.0,0,0
2022-02-01,P005,S03,30,66000.0,0,0
2022-02-01,P005,S04,52,80615.49,1,0
2022-02-01,P005,S05,25,55000.0,0,0
2022-02-01,P005,S06,21,46200.0,0,0
2022-02-02,P001,S01,22,99000.0,0,0
2022-02-02,P001,S02,31,97752.22,1,0
2022-02-02,P001,S03,19,85500.0,0,0
2022-02-02,P001,S04,14,63000.0,0,0
2022-02-02,P001,S05,29,106573.24,1,0
2022-02-02,P001,S06,17,76500.0,0,0
2022-02-02,P002,S01,46,55200.0,0,0
2022-02-02,P002,S02,49,58800.0,0,0
2022-02-02,P002,S03,37,44400.0,0,0
2022-02-02,P002,S04,54,64800.0,0,0
2022-02-02,P002,S05,44,52800.0,0,0
2022-02-02,P002,S06,38,45600.0,0,0
2022-02-02,P003,S01,177,61950.0,0,0
2022-02-02,P003,S02,141,49350.0,0,0
2022-02-02,P003,S03,162,56700.0,0,0
2022-02-02,P003,S04,175,61250.0,0,0
2022-02-02,P003,S05,165,57750.0,0,0
2022-02-02,P003,S06,232,61373.22,1,0
2022-02-02,P004,S01,8,68000.0,0,0
2022-02-02,P004,S02,13,104648.77,1,0
2022-02-02,P004,S03,9,76500.0,0,0
2022-02-02,P004,S04,8,68000.0,0,0
2022-02-02,P004,S05,8,68000.0,0,0
2022-02-02,P004,S06,6,51000.0,0,0
2022-02-02,P005,S01,29,63800.0,0,0
2022-02-02,P005,S02,39,85800.0,0,0
2022-02-02,P005,S03,31,68200.0,0,0
2022-02-02,P005,S04,51,89584.67,1,0
2022-02-02,P005,S05,25,55000.0,0,0
2022-02-02,P005,S06,35,61399.66,1,0
2022-02-03,P001,S01,22,99000.0,0,0
2022-02-03,P001,S02,19,85500.0,0,0
2022-02-03,P001,S03,21,94500.0,0,0
2022-02-03,P001,S04,11,49500.0,0,0
2022-02-03,P001,S05,16,72000.0,0,0
2022-02-03,P001,S06,16,72000.0,0,0
2022-02-03,P002,S01,50,60000.0,0,0
2022-02-03,P002,S02,51,61200.0,0,0
2022-02-03,P002,S03,39,46800.0,0,0
2022-02-03,P002,S04,38,45600.0,0,0
2022-02-03,P002,S05,36,43200.0,0,0
2022-02-03,P002,S06,37,44400.0,0,0
2022-02-03,P003,S01,202,70700.0,0,0
2022-02-03,P003,S02,193,67550.0,0,0
2022-02-03,P003,S03,166,58100.0,0,0
2022-02-03,P003,S04,177,61950.0,0,0
2022-02-03,P003,S05,154,53900.0,0,0
2022-02-03,P003,S06,129,45150.0,0,0
2022-02-03,P004,S01,12,102000.0,0,0
2022-02-03,P004,S02,8,68000.0,0,0
2022-02-03,P004,S03,8,68000.0,0,0
2022-02-03,P004,S04,12,91402.95,1,0
2022-02-03,P004,S05,9,76500.0,0,0
2022-02-03,P004,S06,6,51000.0,0,0
2022-02-03,P005,S01,43,94600.0,0,0
2022-02-03,P005,S02,37,81400.0,0,0
2022-02-03,P005,S03,25,55000.0,0,0
2022-02-03,P005,S04,20,44000.0,0,0
2022-02-03,P005,S05,30,66000.0,0,0
2022-02-03,P005,S06,36,62185.58,1,0
2022-02-04,P001,S01,19,85500.0,0,0
2022-02-04,P001,S02,20,90000.0,0,0
2022-02-04,P001,S03,14,63000.0,0,0
2022-02-04,P001,S04,17,76500.0,0,0
2022-02-04,P001,S05,27,103570.36,1,0
2022-02-04,P001,S06,13,58500.0,0,0
2022-02-04,P002,S01,54,64800.0,0,0
2022-02-04,P002,S02,54,64800.0,0,0
2022-02-04,P002,S03,45,54000.0,0,0
2022-02-04,P002,S04,45,54000.0,0,0
2022-02-04,P002,S05,39,46800.0,0,0
2022-02-04,P002,S06,38,45600.0,0,0
2022-02-04,P003,S01,238,83300.0,0,0
2022-02-04,P003,S02,275,86793.26,1,0
2022-02-04,P003,S03,250,68055.38,1,0
2022-02-04,P003,S04,145,50750.0,0,0
2022-02-04,P003,S05,271,73002.04,1,0
2022-02-04,P003,S06,138,48300.0,0,0
2022-02-04,P004,S01,10,85000.0,0,0
2022-02-04,P004,S02,9,76500.0,0,0
2022-02-04,P004,S03,9,76500.0,0,0
2022-02-04,P004,S04,7,59500.0,0,0
2022-02-04,P004,S05,8,68000.0,0,0
2022-02-04,P004,S06,10,73700.33,1,0
2022-02-04,P005,S01,59,93584.95,1,0
2022-02-04,P005,S02,33,72600.0,0,0
2022-02-04,P005,S03,28,61600.0,0,0
2022-02-04,P005,S04,51,101300.89,1,0
2022-02-04,P005,S05,25,55000.0,0,0
2022-02-04,P005,S06,21,46200.0,0,0
2022-02-05,P001,S01,42,138583.99,1,0
2022-02-05,P001,S02,39,144470.1,1,0
2022-02-05,P001,S03,30,111661.43,1,0
2022-02-05,P001,S04,35,146453.54,1,0
2022-02-05,P001,S05,21,94500.0,0,0
2022-02-05,P001,S06,24,101874.89,1,0
2022-02-05,P002,S01,60,72000.0,0,0
2022-02-05,P002,S02,57,68400.0,0,0
2022-02-05,P002,S03,55,66000.0,0,0
2022-02-05,P002,S04,49,58800.0,0,0
2022-02-05,P002,S05,44,52800.0,0,0
2022-02-05,P002,S06,76,84465.94,1,0
2022-02-05,P003,S01,289,101150.0,0,0
2022-02-05,P003,S02,321,85725.81,1,0
2022-02-05,P003,S03,317,97619.67,1,0
2022-02-05,P003,S04,287,75039.41,1,0
2022-02-05,P003,S05,197,68950.0,0,0
2022-02-05,P003,S06,162,56700.0,0,0
2022-02-05,P004,S01,14,119000.0,0,0
2022-02-05,P004,S02,9,76500.0,0,0
2022-02-05,P004,S03,16,96760.32,1,0
2022-02-05,P004,S04,8,68000.0,0,0
2022-02-05,P004,S05,8,68000.0,0,0
2022-02-05,P004,S06,13,89609.47,1,0
2022-02-05,P005,S01,43,94600.0,0,0
2022-02-05,P005,S02,38,83600.0,0,0
2022-02-05,P005,S03,31,68200.0,0,0
2022-02-05,P005,S04,52,99849.79,1,0
2022-02-05,P005,S05,45,92086.91,1,0
2022-02-05,P005,S06,37,67621.36,1,0
2022-02-06,P001,S01,38,154379.7,1,0
2022-02-06,P001,S02,25,112500.0,0,0
2022-02-06,P001,S03,23,103500.0,0,0
2022-02-06,P001,S04,21,94500.0,0,0
2022-02-06,P001,S05,20,90000.0,0,0
2022-02-06,P001,S06,17,76500.0,0,0
2022-02-06,P002,S01,94,101781.49,1,0
2022-02-06,P002,S02,49,58800.0,0,0
2022-02-06,P002,S03,44,52800.0,0,0
2022-02-06,P002,S04,51,61200.0,0,0
2022-02-06,P002,S05,38,45600.0,0,0
2022-02-06,P002,S06,38,45600.0,0,0
2022-02-06,P003,S01,402,124662.34,1,0
2022-02-06,P003,S02,419,138382.55,1,0
2022-02-06,P003,S03,313,78509.33,1,0
2022-02-06,P003,S04,198,69300.0,0,0
2022-02-06,P003,S05,346,92718.39,1,0
2022-02-06,P003,S06,271,82727.62,1,0
2022-02-06,P004,S01,9,76500.0,0,0
2022-02-06,P004,S02,10,85000.0,0,0
2022-02-06,P004,S03,8,68000.0,0,0
2022-02-06,P004,S04,8,68000.0,0,0
2022-02-06,P004,S05,12,87549.47,1,0
2022-02-06,P004,S06,6,51000.0,0,0
2022-02-06,P005,S01,37,81400.0,0,0
2022-02-06,P005,S02,59,119951.09,1,0
2022-02-06,P005,S03,39,85800.0,0,0
2022-02-06,P005,S04,29,63800.0,0,0
2022-02-06,P005,S05,57,117916.05,1,0
2022-02-06,P005,S06,26,57200.0,0,0
2022-02-07,P001,S01,19,85500.0,0,0
2022-02-07,P001,S02,22,99000.0,0,0
2022-02-07,P001,S03,17,76500.0,0,0
2022-02-07,P001,S04,16,72000.0,0,0
2022-02-07,P001,S05,15,67500.0,0,0
2022-02-07,P001,S06,14,63000.0,0,0
2022-02-07,P002,S01,54,64800.0,0,0
2022-02-07,P002,S02,54,64800.0,0,0
2022-02-07,P002,S03,48,57600.0,0,0
2022-02-07,P002,S04,37,44400.0,0,0
2022-02-07,P002,S05,41,49200.0,0,0
2022-02-07,P002,S06,63,58615.83,1,0
2022-02-07,P003,S01,370,99053.08,1,0
2022-02-07,P003,S02,297,95889.46,1,0
2022-02-07,P003,S03,201,70350.0,0,0
2022-02-07,P003,S04,159,55650.0,0,0
2022-02-07,P003,S05,166,58100.0,0,0
2022-02-07,P003,S06,136,47600.0,0,0
2022-02-07,P004,S01,14,97842.6,1,0
2022-02-07,P004,S02,7,59500.0,0,0
2022-02-07,P004,S03,10,85000.0,0,0
2022-02-07,P004,S04,7,59500.0,0,0
2022-02-07,P004,S05,8,68000.0,0,0
2022-02-07,P004,S06,11,68290.71,1,0
2022-02-07,P005,S01,33,72600.0,0,0
2022-02-07,P005,S02,37,81400.0,0,0
2022-02-07,P005,S03,31,68200.0,0,0
2022-02-07,P005,S04,43,75768.94,1,0
2022-02-07,P005,S05,37,76507.21,1,0
2022-02-07,P005,S06,25,55000.0,0,0
2022-02-08,P001,S01,17,76500.0,0,0
2022-02-08,P001,S02,19,85500.0,0,0
2022-02-08,P001,S03,28,88487.73,1,0
2022-02-08,P001,S04,16,72000.0,0,0
2022-02-08,P001,S05,15,67500.0,0,0
2022-02-08,P001,S06,23,90867.84,1,0
2022-02-08,P002,S01,48,57600.0,0,0
2022-02-08,P002,S02,44,52800.0,0,0
2022-02-08,P002,S03,48,57600.0,0,0
2022-02-08,P002,S04,31,37200.0,0,0
2022-02-08,P002,S05,46,55200.0,0,0
2022-02-08,P002,S06,29,34800.0,0,0
2022-02-08,P003,S01,244,85400.0,0,0
2022-02-08,P003,S02,157,54950.0,0,0
2022-02-08,P003,S03,219,56415.12,1,0
2022-02-08,P003,S04,220,57435.13,1,0
2022-02-08,P003,S05,185,64750.0,0,0
2022-02-08,P003,S06,143,50050.0,0,0
2022-02-08,P004,S01,8,68000.0,0,0
2022-02-08,P004,S02,9,76500.0,0,0
2022-02-08,P004,S03,9,76500.0,0,0
2022-02-08,P004,S04,7,59500.0,0,0
2022-02-08,P004,S05,8,68000.0,0,0
2022-02-08,P004,S06,6,51000.0,0,0
2022-02-08,P005,S01,34,74800.0,0,0
2022-02-08,P005,S02,36,79200.0,0,0
2022-02-08,P005,S03,54,87982.77,1,0
2022-02-08,P005,S04,34,70751.61,1,0
2022-02-08,P005,S05,48,81704.68,1,0
2022-02-08,P005,S06,25,55000.0,0,0
2022-02-09,P001,S01,22,99000.0,0,0
2022-02-09,P001,S02,16,72000.0,0,0
2022-02-09,P001,S03,23,103500.0,0,0
2022-02-09,P001,S04,30,99496.18,1,0
2022-02-09,P001,S05,16,72000.0,0,0
2022-02-09,P001,S06,12,54000.0,0,0
2022-02-09,P002,S01,50,60000.0,0,0
2022-02-09,P002,S02,45,54000.0,0,0
2022-02-09,P002,S03,84,71231.61,1,0
2022-02-09,P002,S04,43,51600.0,0,0
2022-02-09,P002,S05,40,48000.0,0,0
2022-02-09,P002,S06,35,42000.0,0,0
2022-02-09,P003,S01,203,71050.0,0,0
2022-02-09,P003,S02,188,65800.0,0,0
2022-02-09,P003,S03,210,73500.0,0,0
2022-02-09,P003,S04,161,56350.0,0,0
2022-02-09,P003,S05,175,61250.0,0,0
2022-02-09,P003,S06,152,53200.0,0,0
2022-02-09,P004,S01,16,127690.49,1,0
2022-02-09,P004,S02,9,76500.0,0,0
2022-02-09,P004,S03,8,68000.0,0,0
2022-02-09,P004,S04,6,51000.0,0,0
2022-02-09,P004,S05,10,77707.07,1,0
2022-02-09,P004,S06,11,83547.43,1,0
2022-02-09,P005,S01,33,72600.0,0,0
2022-02-09,P005,S02,37,81400.0,0,0
2022-02-09,P005,S03,41,78460.83,1,0
2022-02-09,P005,S04,29,63800.0,0,0
2022-02-09,P005,S05,29,63800.0,0,0
2022-02-09,P005,S06,23,50600.0,0,0
2022-02-10,P001,S01,37,153746.57,1,0
2022-02-10,P001,S02,18,81000.0,0,0
2022-02-10,P001,S03,23,77052.46,1,0
2022-02-10,P001,S04,15,67500.0,0,0
2022-02-10,P001,S05,24,80572.5,1,0
2022-02-10,P001,S06,19,65068.11,1,0
2022-02-10,P002,S01,61,73200.0,0,0
2022-02-10,P002,S02,51,61200.0,0,0
2022-02-10,P002,S03,50,60000.0,0,0
2022-02-10,P002,S04,63,63937.7,1,0
2022-02-10,P002,S05,69,74257.63,1,0
2022-02-10,P002,S06,30,36000.0,0,0
2022-02-10,P003,S01,206,72100.0,0,0
2022-02-10,P003,S02,240,84000.0,0,0
2022-02-10,P003,S03,164,57400.0,0,0
2022-02-10,P003,S04,184,64400.0,0,0
2022-02-10,P003,S05,158,55300.0,0,0
2022-02-10,P003,S06,134,46900.0,0,0
2022-02-10,P004,S01,10,85000.0,0,0
2022-02-10,P004,S02,10,85000.0,0,0
2022-02-10,P004,S03,6,51000.0,0,0
2022-02-10,P004,S04,11,76143.03,1,0
2022-02-10,P004,S05,7,59500.0,0,0
2022-02-10,P004,S06,10,71611.94,1,0
2022-02-10,P005,S01,39,85800.0,0,0
2022-02-10,P005,S02,50,100289.74,1,0
2022-02-10,P005,S03,27,59400.0,0,0
2022-02-10,P005,S04,33,72600.0,0,0
2022-02-10,P005,S05,32,70400.0,0,0
2022-02-10,P005,S06,27,59400.0,0,0
2022-02-11,P001,S01,20,90000.0,0,0
2022-02-11,P001,S02,22,99000.0,0,0
2022-02-11,P001,S03,15,67500.0,0,0
2022-02-11,P001,S04,15,67500.0,0,0
2022-02-11,P001,S05,19,85500.0,0,0
2022-02-11,P001,S06,23,73097.84,1,0
2022-02-11,P002,S01,56,67200.0,0,0
2022-02-11,P002,S02,50,60000.0,0,0
2022-02-11,P002,S03,40,48000.0,0,0
2022-02-11,P002,S04,42,50400.0,0,0
2022-02-11,P002,S05,41,49200.0,0,0
2022-02-11,P002,S06,31,37200.0,0,0
2022-02-11,P003,S01,216,75600.0,0,0
2022-02-11,P003,S02,148,51800.0,0,0
2022-02-11,P003,S03,158,55300.0,0,0
2022-02-11,P003,S04,256,67423.33,1,0
2022-02-11,P003,S05,169,59150.0,0,0
2022-02-11,P003,S06,148,51800.0,0,0
2022-02-11,P004,S01,12,102000.0,0,0
2022-02-11,P004,S02,8,68000.0,0,0
2022-02-11,P004,S03,9,76500.0,0,0
2022-02-11,P004,S04,7,59500.0,0,0
2022-02-11,P004,S05,7,59500.0,0,0
2022-02-11,P004,S06,6,51000.0,0,0
2022-02-11,P005,S01,33,72600.0,0,0
2022-02-11,P005,S02,31,68200.0,0,0
2022-02-11,P005,S03,30,66000.0,0,0
2022-02-11,P005,S04,38,75101.44,1,0
2022-02-11,P005,S05,47,97709.27,1,0
2022-02-11,P005,S06,26,57200.0,0,0
2022-02-12,P001,S01,23,103500.0,0,0
2022-02-12,P001,S02,24,108000.0,0,0
2022-02-12,P001,S03,19,85500.0,0,0
2022-02-12,P001,S04,17,76500.0,0,0
2022-02-12,P001,S05,18,81000.0,0,0
2022-02-12,P001,S06,16,72000.0,0,0
2022-02-12,P002,S01,75,64448.85,1,0
2022-02-12,P002,S02,53,63600.0,0,0
2022-02-12,P002,S03,48,57600.0,0,0
2022-02-12,P002,S04,42,50400.0,0,0
2022-02-12,P002,S05,74,69207.17,1,0
2022-02-12,P002,S06,41,49200.0,0,0
2022-02-12,P003,S01,184,64400.0,0,0
2022-02-12,P003,S02,369,109002.05,1,0
2022-02-12,P003,S03,238,83300.0,0,0
2022-02-12,P003,S04,324,84928.33,1,0
2022-02-12,P003,S05,160,56000.0,0,0
2022-02-12,P003,S06,298,81460.65,1,0
2022-02-12,P004,S01,11,93500.0,0,0
2022-02-12,P004,S02,17,114873.43,1,0
2022-02-12,P004,S03,11,93500.0,0,0
2022-02-12,P004,S04,12,71424.48,1,0
2022-02-12,P004,S05,13,78650.34,1,0
2022-02-12,P004,S06,7,59500.0,0,0
2022-02-12,P005,S01,38,83600.0,0,0
2022-02-12,P005,S02,41,90200.0,0,0
2022-02-12,P005,S03,51,102594.05,1,0
2022-02-12,P005,S04,34,74800.0,0,0
2022-02-12,P005,S05,32,70400.0,0,0
2022-02-12,P005,S06,45,89290.23,1,0
2022-02-13,P001,S01,23,103500.0,0,0
2022-02-13,P001,S02,20,90000.0,0,0
2022-02-13,P001,S03,25,112500.0,0,0
2022-02-13,P001,S04,21,94500.0,0,0
2022-02-13,P001,S05,18,81000.0,0,0
2022-02-13,P001,S06,17,76500.0,0,0
2022-02-13,P002,S01,52,62400.0,0,0
2022-02-13,P002,S02,81,69912.47,1,0
2022-02-13,P002,S03,56,67200.0,0,0
2022-02-13,P002,S04,71,61558.34,1,0
2022-02-13,P002,S05,49,58800.0,0,0
2022-02-13,P002,S06,30,36000.0,0,0
2022-02-13,P003,S01,259,90650.0,0,0
2022-02-13,P003,S02,324,102466.6,1,0
2022-02-13,P003,S03,211,73850.0,0,0
2022-02-13,P003,S04,292,94761.59,1,0
2022-02-13,P003,S05,261,77066.91,1,0
2022-02-13,P003,S06,198,69300.0,0,0
2022-02-13,P004,S01,11,93500.0,0,0
2022-02-13,P004,S02,17,122970.68,1,0
2022-02-13,P004,S03,14,92379.75,1,0
2022-02-13,P004,S04,14,110361.82,1,0
2022-02-13,P004,S05,7,59500.0,0,0
2022-02-13,P004,S06,14,97523.86,1,0
2022-02-13,P005,S01,57,112787.62,1,0
2022-02-13,P005,S02,56,101840.69,1,0
2022-02-13,P005,S03,47,86829.67,1,0
2022-02-13,P005,S04,42,79184.99,1,0
2022-02-13,P005,S05,43,78831.29,1,0
2022-02-13,P005,S06,29,63800.0,0,0
2022-02-14,P001,S01,27,105596.46,1,0
2022-02-14,P001,S02,40,166714.49,1,0
2022-02-14,P001,S03,16,72000.0,0,0
2022-02-14,P001,S04,20,90000.0,0,0
2022-02-14,P001,S05,12,54000.0,0,0
2022-02-14,P001,S06,21,85957.7,1,0
2022-02-14,P002,S01,53,63600.0,0,0
2022-02-14,P002,S02,84,81518.27,1,0
2022-02-14,P002,S03,50,60000.0,0,0
2022-02-14,P002,S04,36,43200.0,0,0
2022-02-14,P002,S05,43,51600.0,0,0
2022-02-14,P002,S06,37,44400.0,0,0
2022-02-14,P003,S01,206,72100.0,0,0
2022-02-14,P003,S02,186,65100.0,0,0
2022-02-14,P003,S03,315,93913.01,1,0
2022-02-14,P003,S04,184,64400.0,0,0
2022-02-14,P003,S05,165,57750.0,0,0
2022-02-14,P003,S06,142,49700.0,0,0
2022-02-14,P004,S01,10,85000.0,0,0
2022-02-14,P004,S02,10,85000.0,0,0
2022-02-14,P004,S03,9,76500.0,0,0
2022-02-14,P004,S04,7,59500.0,0,0
2022-02-14,P004,S05,7,59500.0,0,0
2022-02-14,P004,S06,6,51000.0,0,0
2022-02-14,P005,S01,56,92734.43,1,0
2022-02-14,P005,S02,33,72600.0,0,0
2022-02-14,P005,S03,33,72600.0,0,0
2022-02-14,P005,S04,41,85034.44,1,0
2022-02-14,P005,S05,25,55000.0,0,0
2022-02-14,P005,S06,25,55000.0,0,0
2022-02-15,P001,S01,21,94500.0,0,0
2022-02-15,P001,S02,18,81000.0,0,0
2022-02-15,P001,S03,33,134461.77,1,0
2022-02-15,P001,S04,13,58500.0,0,0
2022-02-15,P001,S05,17,76500.0,0,0
2022-02-15,P001,S06,14,63000.0,0,0
2022-02-15,P002,S01,46,55200.0,0,0
2022-02-15,P002,S02,50,60000.0,0,0
2022-02-15,P002,S03,46,55200.0,0,0
2022-02-15,P002,S04,44,52800.0,0,0
2022-02-15,P002,S05,43,51600.0,0,0
2022-02-15,P002,S06,29,34800.0,0,0
2022-02-15,P003,S01,188,65800.0,0,0
2022-02-15,P003,S02,198,69300.0,0,0
2022-02-15,P003,S03,194,67900.0,0,0
2022-02-15,P003,S04,162,56700.0,0,0
2022-02-15,P003,S05,152,53200.0,0,0
2022-02-15,P003,S06,141,49350.0,0,0
2022-02-15,P004,S01,8,68000.0,0,0
2022-02-15,P004,S02,8,68000.0,0,0
2022-02-15,P004,S03,14,101655.81,1,0
2022-02-15,P004,S04,7,59500.0,0,0
2022-02-15,P004,S05,8,68000.0,0,0
2022-02-15,P004,S06,6,51000.0,0,0
2022-02-15,P005,S01,31,68200.0,0,0
2022-02-15,P005,S02,34,74800.0,0,0
2022-02-15,P005,S03,30,66000.0,0,0
2022-02-15,P005,S04,26,57200.0,0,0
2022-02-15,P005,S05,24,52800.0,0,0
2022-02-15,P005,S06,23,50600.0,0,0
2022-02-16,P001,S01,23,103500.0,0,0
2022-02-16,P001,S02,18,81000.0,0,0
2022-02-16,P001,S03,16,72000.0,0,0
2022-02-16,P001,S04,17,76500.0,0,0
2022-02-16,P001,S05,24,98984.28,1,0
2022-02-16,P001,S06,11,49500.0,0,0
2022-02-16,P002,S01,54,64800.0,0,0
2022-02-16,P002,S02,49,58800.0,0,0
2022-02-16,P002,S03,70,77650.39,1,0
2022-02-16,P002,S04,46,55200.0,0,0
2022-02-16,P002,S05,44,52800.0,0,0
2022-02-16,P002,S06,61,61326.84,1,0
2022-02-16,P003,S01,232,81200.0,0,0
2022-02-16,P003,S02,282,79760.7,1,0
2022-02-16,P003,S03,160,56000.0,0,0
2022-02-16,P003,S04,157,54950.0,0,0
2022-02-16,P003,S05,162,56700.0,0,0
2022-02-16,P003,S06,130,45500.0,0,0
2022-02-16,P004,S01,8,68000.0,0,0
2022-02-16,P004,S02,14,91263.53,1,0
2022-02-16,P004,S03,13,100227.11,1,0
2022-02-16,P004,S04,7,59500.0,0,0
2022-02-16,P004,S05,6,51000.0,0,0
2022-02-16,P004,S06,6,51000.0,0,0
2022-02-16,P005,S01,40,88000.0,0,0
2022-02-16,P005,S02,30,66000.0,0,0
2022-02-16,P005,S03,56,100692.7,1,0
2022-02-16,P005,S04,36,74636.48,1,0
2022-02-16,P005,S05,23,50600.0,0,0
2022-02-16,P005,S06,21,46200.0,0,0
2022-02-17,P001,S01,22,99000.0,0,0
2022-02-17,P001,S02,20,90000.0,0,0
2022-02-17,P001,S03,17,76500.0,0,0
2022-02-17,P001,S04,17,76500.0,0,0
2022-02-17,P001,S05,15,67500.0,0,0
2022-02-17,P001,S06,12,54000.0,0,0
2022-02-17,P002,S01,53,63600.0,0,0
2022-02-17,P002,S02,71,61561.4,1,0
2022-02-17,P002,S03,50,60000.0,0,0
2022-02-17,P002,S04,73,81579.21,1,0
2022-02-17,P002,S05,33,39600.0,0,0
2022-02-17,P002,S06,32,38400.0,0,0
2022-02-17,P003,S01,256,89600.0,0,0
2022-02-17,P003,S02,194,67900.0,0,0
2022-02-17,P003,S03,174,60900.0,0,0
2022-02-17,P003,S04,169,59150.0,0,0
2022-02-17,P003,S05,167,58450.0,0,0
2022-02-17,P003,S06,152,53200.0,0,0
2022-02-17,P004,S01,11,93500.0,0,0
2022-02-17,P004,S02,7,59500.0,0,0
2022-02-17,P004,S03,8,68000.0,0,0
2022-02-17,P004,S04,8,68000.0,0,0
2022-02-17,P004,S05,10,60780.94,1,0
2022-02-17,P004,S06,7,59500.0,0,0
2022-02-17,P005,S01,54,112119.05,1,0
2022-02-17,P005,S02,29,63800.0,0,0
2022-02-17,P005,S03,31,68200.0,0,0
2022-02-17,P005,S04,28,61600.0,0,0
2022-02-17,P005,S05,43,88253.57,1,0
2022-02-17,P005,S06,30,47974.06,1,0
2022-02-18,P001,S01,16,72000.0,0,0
2022-02-18,P001,S02,19,85500.0,0,0
2022-02-18,P001,S03,17,76500.0,0,0
2022-02-18,P001,S04,15,67500.0,0,0
2022-02-18,P001,S05,19,85500.0,0,0
2022-02-18,P001,S06,13,58500.0,0,0
2022-02-18,P002,S01,86,79371.25,1,0
2022-02-18,P002,S02,47,56400.0,0,0
2022-02-18,P002,S03,53,63600.0,0,0
2022-02-18,P002,S04,38,45600.0,0,0
2022-02-18,P002,S05,61,56361.43,1,0
2022-02-18,P002,S06,38,45600.0,0,0
2022-02-18,P003,S01,183,64050.0,0,0
2022-02-18,P003,S02,327,87081.69,1,0
2022-02-18,P003,S03,218,76300.0,0,0
2022-02-18,P003,S04,288,88877.04,1,0
2022-02-18,P003,S05,167,58450.0,0,0
2022-02-18,P003,S06,180,63000.0,0,0
2022-02-18,P004,S01,15,97458.15,1,0
2022-02-18,P004,S02,9,76500.0,0,0
2022-02-18,P004,S03,13,104913.25,1,0
2022-02-18,P004,S04,6,51000.0,0,0
2022-02-18,P004,S05,7,59500.0,0,0
2022-02-18,P004,S06,9,70033.75,1,0
2022-02-18,P005,S01,58,111390.75,1,0
2022-02-18,P005,S02,39,85800.0,0,0
2022-02-18,P005,S03,34,74800.0,0,0
2022-02-18,P005,S04,27,59400.0,0,0
2022-02-18,P005,S05,27,59400.0,0,0
2022-02-18,P005,S06,38,69846.58,1,0
2022-02-19,P001,S01,25,112500.0,0,0
2022-02-19,P001,S02,23,103500.0,0,0
2022-02-19,P001,S03,18,81000.0,0,0
2022-02-19,P001,S04,26,94066.15,1,0
2022-02-19,P001,S05,18,81000.0,0,0
2022-02-19,P001,S06,28,89165.35,1,0
2022-02-19,P002,S01,87,94859.63,1,0
2022-02-19,P002,S02,59,70800.0,0,0
2022-02-19,P002,S03,91,86052.33,1,0
2022-02-19,P002,S04,39,46800.0,0,0
2022-02-19,P002,S05,56,49921.25,1,0
2022-02-19,P002,S06,39,46800.0,0,0
2022-02-19,P003,S01,390,100175.63,1,0
2022-02-19,P003,S02,242,84700.0,0,0
2022-02-19,P003,S03,224,78400.0,0,0
2022-02-19,P003,S04,187,65450.0,0,0
2022-02-19,P003,S05,170,59500.0,0,0
2022-02-19,P003,S06,167,58450.0,0,0
2022-02-19,P004,S01,9,76500.0,0,0
2022-02-19,P004,S02,15,108455.51,1,0
2022-02-19,P004,S03,17,109953.41,1,0
2022-02-19,P004,S04,8,68000.0,0,0
2022-02-19,P004,S05,13,101818.48,1,0
2022-02-19,P004,S06,7,59500.0,0,0
2022-02-19,P005,S01,65,132819.3,1,0
2022-02-19,P005,S02,42,92400.0,0,0
2022-02-19,P005,S03,32,70400.0,0,0
2022-02-19,P005,S04,50,89354.13,1,0
2022-02-19,P005,S05,42,72673.22,1,0
2022-02-19,P005,S06,29,63800.0,0,0
2022-02-20,P001,S01,29,130500.0,0,0
2022-02-20,P001,S02,39,165424.9,1,0
2022-02-20,P001,S03,22,99000.0,0,0
2022-02-20,P001,S04,16,72000.0,0,0
2022-02-20,P001,S05,32,134262.38,1,0
2022-02-20,P001,S06,26,91384.36,1,0
2022-02-20,P002,S01,49,58800.0,0,0
2022-02-20,P002,S02,116,107749.97,1,0
2022-02-20,P002,S03,78,82502.82,1,0
2022-02-20,P002,S04,73,68753.22,1,0
2022-02-20,P002,S05,86,83752.94,1,0
2022-02-20,P002,S06,64,56134.18,1,0
2022-02-20,P003,S01,244,85400.0,0,0
2022-02-20,P003,S02,247,86450.0,0,0
2022-02-20,P003,S03,345,94248.29,1,0
2022-02-20,P003,S04,191,66850.0,0,0
2022-02-20,P003,S05,202,70700.0,0,0
2022-02-20,P003,S06,153,53550.0,0,0
2022-02-20,P004,S01,11,93500.0,0,0
2022-02-20,P004,S02,14,83953.23,1,0
2022-02-20,P004,S03,15,110559.59,1,0
2022-02-20,P004,S04,6,51000.0,0,0
2022-02-20,P004,S05,7,59500.0,0,0
2022-02-20,P004,S06,8,68000.0,0,0
2022-02-20,P005,S01,43,94600.0,0,0
2022-02-20,P005,S02,40,88000.0,0,0
2022-02-20,P005,S03,64,128971.83,1,0
2022-02-20,P005,S04,34,74800.0,0,0
2022-02-20,P005,S05,31,68200.0,0,0
2022-02-20,P005,S06,48,83876.73,1,0
2022-02-21,P001,S01,20,90000.0,0,0
2022-02-21,P001,S02,17,76500.0,0,0
2022-02-21,P001,S03,17,76500.0,0,0
2022-02-21,P001,S04,16,72000.0,0,0
2022-02-21,P001,S05,17,76500.0,0,0
2022-02-21,P001,S06,15,67500.0,0,0
2022-02-21,P002,S01,58,69600.0,0,0
2022-02-21,P002,S02,43,51600.0,0,0
2022-02-21,P002,S03,31,37200.0,0,0
2022-02-21,P002,S04,36,43200.0,0,0
2022-02-21,P002,S05,38,45600.0,0,0
2022-02-21,P002,S06,43,51600.0,0,0
2022-02-21,P003,S01,224,78400.0,0,0
2022-02-21,P003,S02,187,65450.0,0,0
2022-02-21,P003,S03,302,92316.26,1,0
2022-02-21,P003,S04,161,56350.0,0,0
2022-02-21,P003,S05,287,92102.97,1,0
2022-02-21,P003,S06,152,53200.0,0,0
2022-02-21,P004,S01,9,76500.0,0,0
2022-02-21,P004,S02,9,76500.0,0,0
2022-02-21,P004,S03,8,68000.0,0,0
2022-02-21,P004,S04,8,68000.0,0,0
2022-02-21,P004,S05,7,59500.0,0,0
2022-02-21,P004,S06,8,68000.0,0,0
2022-02-21,P005,S01,33,72600.0,0,0
2022-02-21,P005,S02,33,72600.0,0,0
2022-02-21,P005,S03,51,96873.29,1,0
2022-02-21,P005,S04,25,55000.0,0,0
2022-02-21,P005,S05,34,74800.0,0,0
2022-02-21,P005,S06,24,52800.0,0,0
2022-02-22,P001,S01,21,94500.0,0,0
2022-02-22,P001,S02,17,76500.0,0,0
2022-02-22,P001,S03,23,103500.0,0,0
2022-02-22,P001,S04,15,67500.0,0,0
2022-02-22,P001,S05,15,67500.0,0,0
2022-02-22,P001,S06,12,54000.0,0,0
2022-02-22,P002,S01,90,85364.82,1,0
2022-02-22,P002,S02,45,54000.0,0,0
2022-02-22,P002,S03,64,72260.51,1,0
2022-02-22,P002,S04,36,43200.0,0,0
2022-02-22,P002,S05,57,55920.41,1,0
2022-02-22,P002,S06,34,40800.0,0,0
2022-02-22,P003,S01,190,66500.0,0,0
2022-02-22,P003,S02,193,67550.0,0,0
2022-02-22,P003,S03,165,57750.0,0,0
2022-02-22,P003,S04,141,49350.0,0,0
2022-02-22,P003,S05,158,55300.0,0,0
2022-02-22,P003,S06,129,45150.0,0,0
2022-02-22,P004,S01,13,102903.17,1,0
2022-02-22,P004,S02,15,112338.16,1,0
2022-02-22,P004,S03,9,76500.0,0,0
2022-02-22,P004,S04,9,76500.0,0,0
2022-02-22,P004,S05,7,59500.0,0,0
2022-02-22,P004,S06,7,59500.0,0,0
2022-02-22,P005,S01,36,79200.0,0,0
2022-02-22,P005,S02,45,89408.6,1,0
2022-02-22,P005,S03,28,61600.0,0,0
2022-02-22,P005,S04,24,52800.0,0,0
2022-02-22,P005,S05,27,59400.0,0,0
2022-02-22,P005,S06,25,55000.0,0,0
2022-02-23,P001,S01,20,90000.0,0,0
2022-02-23,P001,S02,19,85500.0,0,0
2022-02-23,P001,S03,20,90000.0,0,0
2022-02-23,P001,S04,16,72000.0,0,0
2022-02-23,P001,S05,18,81000.0,0,0
2022-02-23,P001,S06,15,67500.0,0,0
2022-02-23,P002,S01,58,69600.0,0,0
2022-02-23,P002,S02,58,69600.0,0,0
2022-02-23,P002,S03,47,56400.0,0,0
2022-02-23,P002,S04,57,62877.2,1,0
2022-02-23,P002,S05,43,51600.0,0,0
2022-02-23,P002,S06,31,37200.0,0,0
2022-02-23,P003,S01,321,88309.47,1,0
2022-02-23,P003,S02,142,49700.0,0,0
2022-02-23,P003,S03,165,57750.0,0,0
2022-02-23,P003,S04,158,55300.0,0,0
2022-02-23,P003,S05,264,81341.79,1,0
2022-02-23,P003,S06,148,51800.0,0,0
2022-02-23,P004,S01,8,68000.0,0,0
2022-02-23,P004,S02,9,76500.0,0,0
2022-02-23,P004,S03,10,85000.0,0,0
2022-02-23,P004,S04,8,68000.0,0,0
2022-02-23,P004,S05,8,68000.0,0,0
2022-02-23,P004,S06,8,68000.0,0,0
2022-02-23,P005,S01,30,66000.0,0,0
2022-02-23,P005,S02,39,85800.0,0,0
2022-02-23,P005,S03,37,81400.0,0,0
2022-02-23,P005,S04,26,57200.0,0,0
2022-02-23,P005,S05,23,50600.0,0,0
2022-02-23,P005,S06,23,50600.0,0,0
2022-02-24,P001,S01,21,94500.0,0,0
2022-02-24,P001,S02,16,72000.0,0,0
2022-02-24,P001,S03,19,85500.0,0,0
2022-02-24,P001,S04,17,76500.0,0,0
2022-02-24,P001,S05,15,67500.0,0,0
2022-02-24,P001,S06,15,67500.0,0,0
2022-02-24,P002,S01,51,61200.0,0,0
2022-02-24,P002,S02,54,64800.0,0,0
2022-02-24,P002,S03,56,67200.0,0,0
2022-02-24,P002,S04,40,48000.0,0,0
2022-02-24,P002,S05,42,50400.0,0,0
2022-02-24,P002,S06,26,31200.0,0,0
2022-02-24,P003,S01,219,76650.0,0,0
2022-02-24,P003,S02,179,62650.0,0,0
2022-02-24,P003,S03,199,69650.0,0,0
2022-02-24,P003,S04,155,54250.0,0,0
2022-02-24,P003,S05,141,49350.0,0,0
2022-02-24,P003,S06,130,45500.0,0,0
2022-02-24,P004,S01,7,59500.0,0,0
2022-02-24,P004,S02,9,76500.0,0,0
2022-02-24,P004,S03,11,77456.37,1,0
2022-02-24,P004,S04,8,68000.0,0,0
2022-02-24,P004,S05,7,59500.0,0,0
2022-02-24,P004,S06,6,51000.0,0,0
2022-02-24,P005,S01,33,72600.0,0,0
2022-02-24,P005,S02,30,66000.0,0,0
2022-02-24,P005,S03,25,55000.0,0,0
2022-02-24,P005,S04,28,61600.0,0,0
2022-02-24,P005,S05,25,55000.0,0,0
2022-02-24,P005,S06,24,52800.0,0,0
2022-02-25,P001,S01,17,76500.0,0,0
2022-02-25,P001,S02,18,81000.0,0,0
2022-02-25,P001,S03,19,85500.0,0,0
2022-02-25,P001,S04,16,72000.0,0,0
2022-02-25,P001,S05,28,118318.46,1,0
2022-02-25,P001,S06,17,76500.0,0,0
2022-02-25,P002,S01,55,66000.0,0,0
2022-02-25,P002,S02,44,52800.0,0,0
2022-02-25,P002,S03,49,58800.0,0,0
2022-02-25,P002,S04,38,45600.0,0,0
2022-02-25,P002,S05,42,50400.0,0,0
2022-02-25,P002,S06,41,49200.0,0,0
2022-02-25,P003,S01,192,67200.0,0,0
2022-02-25,P003,S02,329,84875.86,1,0
2022-02-25,P003,S03,208,72800.0,0,0
2022-02-25,P003,S04,158,55300.0,0,0
2022-02-25,P003,S05,160,56000.0,0,0
2022-02-25,P003,S06,121,42350.0,0,0
2022-02-25,P004,S01,10,85000.0,0,0
2022-02-25,P004,S02,16,95871.68,1,0
2022-02-25,P004,S03,10,85000.0,0,0
2022-02-25,P004,S04,7,59500.0,0,0
2022-02-25,P004,S05,8,68000.0,0,0
2022-02-25,P004,S06,10,77324.66,1,0
2022-02-25,P005,S01,54,85478.94,1,0
2022-02-25,P005,S02,34,74800.0,0,0
2022-02-25,P005,S03,34,74800.0,0,0
2022-02-25,P005,S04,21,46200.0,0,0
2022-02-25,P005,S05,28,61600.0,0,0
2022-02-25,P005,S06,21,46200.0,0,0
2022-02-26,P001,S01,24,108000.0,0,0
2022-02-26,P001,S02,23,103500.0,0,0
2022-02-26,P001,S03,20,90000.0,0,0
2022-02-26,P001,S04,15,67500.0,0,0
2022-02-26,P001,S05,18,81000.0,0,0
2022-02-26,P001,S06,18,81000.0,0,0
2022-02-26,P002,S01,63,75600.0,0,0
2022-02-26,P002,S02,110,105124.69,1,0
2022-02-26,P002,S03,55,66000.0,0,0
2022-02-26,P002,S04,50,60000.0,0,0
2022-02-26,P002,S05,45,54000.0,0,0
2022-02-26,P002,S06,75,64656.19,1,0
2022-02-26,P003,S01,237,82950.0,0,0
2022-02-26,P003,S02,215,75250.0,0,0
2022-02-26,P003,S03,215,75250.0,0,0
2022-02-26,P003,S04,193,67550.0,0,0
2022-02-26,P003,S05,210,73500.0,0,0
2022-02-26,P003,S06,319,92732.24,1,0
2022-02-26,P004,S01,15,119853.65,1,0
2022-02-26,P004,S02,11,93500.0,0,0
2022-02-26,P004,S03,14,85399.59,1,0
2022-02-26,P004,S04,6,51000.0,0,0
2022-02-26,P004,S05,9,76500.0,0,0
2022-02-26,P004,S06,13,91882.57,1,0
2022-02-26,P005,S01,71,148244.52,1,0
2022-02-26,P005,S02,34,74800.0,0,0
2022-02-26,P005,S03,35,77000.0,0,0
2022-02-26,P005,S04,24,52800.0,0,0
2022-02-26,P005,S05,35,77000.0,0,0
2022-02-26,P005,S06,31,68200.0,0,0
2022-02-27,P001,S01,43,175388.8,1,0
2022-02-27,P001,S02,36,153726.55,1,0
2022-02-27,P001,S03,21,94500.0,0,0
2022-02-27,P001,S04,32,112539.92,1,0
2022-02-27,P001,S05,19,85500.0,0,0
2022-02-27,P001,S06,18,81000.0,0,0
2022-02-27,P002,S01,56,67200.0,0,0
2022-02-27,P002,S02,54,64800.0,0,0
2022-02-27,P002,S03,88,80432.63,1,0
2022-02-27,P002,S04,67,72919.63,1,0
2022-02-27,P002,S05,49,58800.0,0,0
2022-02-27,P002,S06,77,66299.67,1,0
2022-02-27,P003,S01,312,91422.56,1,0
2022-02-27,P003,S02,236,82600.0,0,0
2022-02-27,P003,S03,222,77700.0,0,0
2022-02-27,P003,S04,375,120662.28,1,0
2022-02-27,P003,S05,172,60200.0,0,0
2022-02-27,P003,S06,163,57050.0,0,0
2022-02-27,P004,S01,19,145633.66,1,0
2022-02-27,P004,S02,11,93500.0,0,0
2022-02-27,P004,S03,9,76500.0,0,0
2022-02-27,P004,S04,14,109846.25,1,0
2022-02-27,P004,S05,8,68000.0,0,0
2022-02-27,P004,S06,10,75197.41,1,0
2022-02-27,P005,S01,37,81400.0,0,0
2022-02-27,P005,S02,69,113020.02,1,0
2022-02-27,P005,S03,50,97401.66,1,0
2022-02-27,P005,S04,26,57200.0,0,0
2022-02-27,P005,S05,34,74800.0,0,0
2022-02-27,P005,S06,29,63800.0,0,0
2022-02-28,P001,S01,19,85500.0,0,0
2022-02-28,P001,S02,20,90000.0,0,0
2022-02-28,P001,S03,18,81000.0,0,0
2022-02-28,P001,S04,16,72000.0,0,0
2022-02-28,P001,S05,18,81000.0,0,0
2022-02-28,P001,S06,24,82852.36,1,0
2022-02-28,P002,S01,51,61200.0,0,0
2022-02-28,P002,S02,79,87398.82,1,0
2022-02-28,P002,S03,35,42000.0,0,0
2022-02-28,P002,S04,51,61200.0,0,0
2022-02-28,P002,S05,40,48000.0,0,0
2022-02-28,P002,S06,35,42000.0,0,0
2022-02-28,P003,S01,260,73846.06,1,0
2022-02-28,P003,S02,193,67550.0,0,0
2022-02-28,P003,S03,191,66850.0,0,0
2022-02-28,P003,S04,274,84349.64,1,0
2022-02-28,P003,S05,169,59150.0,0,0
2022-02-28,P003,S06,153,53550.0,0,0
2022-02-28,P004,S01,11,93500.0,0,0
2022-02-28,P004,S02,12,80728.33,1,0
2022-02-28,P004,S03,13,100961.85,1,0
2022-02-28,P004,S04,6,51000.0,0,0
2022-02-28,P004,S05,6,51000.0,0,0
2022-02-28,P004,S06,5,42500.0,0,0
2022-02-28,P005,S01,32,70400.0,0,0
2022-02-28,P005,S02,30,66000.0,0,0
2022-02-28,P005,S03,54,87058.25,1,0
2022-02-28,P005,S04,20,44000.0,0,0
2022-02-28,P005,S05,31,68200.0,0,0
2022-02-28,P005,S06,23,50600.0,0,0
2022-03-01,P001,S01,27,121500.0,0,0
2022-03-01,P001,S02,29,130500.0,0,0
2022-03-01,P001,S03,20,90000.0,0,0
2022-03-01,P001,S04,30,97868.73,1,0
2022-03-01,P001,S05,22,99000.0,0,0
2022-03-01,P001,S06,18,81000.0,0,0
2022-03-01,P002,S01,70,84000.0,0,0
2022-03-01,P002,S02,58,69600.0,0,0
2022-03-01,P002,S03,65,78000.0,0,0
2022-03-01,P002,S04,51,61200.0,0,0
2022-03-01,P002,S05,83,88694.14,1,0
2022-03-01,P002,S06,74,80125.11,1,0
2022-03-01,P003,S01,246,86100.0,0,0
2022-03-01,P003,S02,257,89950.0,0,0
2022-03-01,P003,S03,251,87850.0,0,0
2022-03-01,P003,S04,178,62300.0,0,0
2022-03-01,P003,S05,191,66850.0,0,0
2022-03-01,P003,S06,143,50050.0,0,0
2022-03-01,P004,S01,20,151873.51,1,0
2022-03-01,P004,S02,9,76500.0,0,0
2022-03-01,P004,S03,19,124059.92,1,0
2022-03-01,P004,S04,14,84491.71,1,0
2022-03-01,P004,S05,11,93500.0,0,0
2022-03-01,P004,S06,8,68000.0,0,0
2022-03-01,P005,S01,37,81400.0,0,0
2022-03-01,P005,S02,46,101200.0,0,0
2022-03-01,P005,S03,35,77000.0,0,0
2022-03-01,P005,S04,28,61600.0,0,0
2022-03-01,P005,S05,33,72600.0,0,0
2022-03-01,P005,S06,51,83816.88,1,0
2022-03-02,P001,S01,26,117000.0,0,0
2022-03-02,P001,S02,22,99000.0,0,0
2022-03-02,P001,S03,26,117000.0,0,0
2022-03-02,P001,S04,21,94500.0,0,0
2022-03-02,P001,S05,21,94500.0,0,0
2022-03-02,P001,S06,32,134512.8,1,0
2022-03-02,P002,S01,110,121894.82,1,0
2022-03-02,P002,S02,97,87015.72,1,0
2022-03-02,P002,S03,67,65960.55,1,0
2022-03-02,P002,S04,41,49200.0,0,0
2022-03-02,P002,S05,51,61200.0,0,0
2022-03-02,P002,S06,49,58800.0,0,0
2022-03-02,P003,S01,249,87150.0,0,0
2022-03-02,P003,S02,234,81900.0,0,0
2022-03-02,P003,S03,208,72800.0,0,0
2022-03-02,P003,S04,186,65100.0,0,0
2022-03-02,P003,S05,189,66150.0,0,0
2022-03-02,P003,S06,213,74550.0,0,0
2022-03-02,P004,S01,11,93500.0,0,0
2022-03-02,P004,S02,19,132961.86,1,0
2022-03-02,P004,S03,11,93500.0,0,0
2022-03-02,P004,S04,15,108374.2,1,0
2022-03-02,P004,S05,8,68000.0,0,0
2022-03-02,P004,S06,9,76500.0,0,0
2022-03-02,P005,S01,37,81400.0,0,0
2022-03-02,P005,S02,52,92372.48,1,0
2022-03-02,P005,S03,33,72600.0,0,0
2022-03-02,P005,S04,34,74800.0,0,0
2022-03-02,P005,S05,62,97029.24,1,0
2022-03-02,P005,S06,28,61600.0,0,0
2022-03-03,P001,S01,25,112500.0,0,0
2022-03-03,P001,S02,19,85500.0,0,0
2022-03-03,P001,S03,38,121332.38,1,0
2022-03-03,P001,S04,18,81000.0,0,0
2022-03-03,P001,S05,16,72000.0,0,0
2022-03-03,P001,S06,17,76500.0,0,0
2022-03-03,P002,S01,85,87969.13,1,0
2022-03-03,P002,S02,64,76800.0,0,0
2022-03-03,P002,S03,56,67200.0,0,0
2022-03-03,P002,S04,40,48000.0,0,0
2022-03-03,P002,S05,91,78276.03,1,0
2022-03-03,P002,S06,41,49200.0,0,0
2022-03-03,P003,S01,263,92050.0,0,0
2022-03-03,P003,S02,257,89950.0,0,0
2022-03-03,P003,S03,324,79883.76,1,0
2022-03-03,P003,S04,224,78400.0,0,0
2022-03-03,P003,S05,182,63700.0,0,0
2022-03-03,P003,S06,160,56000.0,0,0
2022-03-03,P004,S01,13,110500.0,0,0
2022-03-03,P004,S02,11,93500.0,0,0
2022-03-03,P004,S03,15,102961.35,1,0
2022-03-03,P004,S04,9,76500.0,0,0
2022-03-03,P004,S05,10,85000.0,0,0
2022-03-03,P004,S06,8,68000.0,0,0
2022-03-03,P005,S01,36,79200.0,0,0
2022-03-03,P005,S02,44,96800.0,0,0
2022-03-03,P005,S03,35,77000.0,0,0
2022-03-03,P005,S04,35,77000.0,0,0
2022-03-03,P005,S05,31,68200.0,0,0
2022-03-03,P005,S06,28,61600.0,0,0
2022-03-04,P001,S01,23,103500.0,0,0
2022-03-04,P001,S02,22,99000.0,0,0
2022-03-04,P001,S03,20,90000.0,0,0
2022-03-04,P001,S04,17,76500.0,0,0
2022-03-04,P001,S05,18,81000.0,0,0
2022-03-04,P001,S06,29,105616.81,1,0
2022-03-04,P002,S01,62,74400.0,0,0
2022-03-04,P002,S02,48,57600.0,0,0
2022-03-04,P002,S03,84,84807.97,1,0
2022-03-04,P002,S04,53,63600.0,0,0
2022-03-04,P002,S05,55,66000.0,0,0
2022-03-04,P002,S06,43,51600.0,0,0
2022-03-04,P003,S01,256,89600.0,0,0
2022-03-04,P003,S02,216,75600.0,0,0
2022-03-04,P003,S03,226,79100.0,0,0
2022-03-04,P003,S04,173,60550.0,0,0
2022-03-04,P003,S05,173,60550.0,0,0
2022-03-04,P003,S06,188,65800.0,0,0
2022-03-04,P004,S01,13,110500.0,0,0
2022-03-04,P004,S02,11,93500.0,0,0
2022-03-04,P004,S03,10,85000.0,0,0
2022-03-04,P004,S04,13,99580.47,1,0
2022-03-04,P004,S05,10,85000.0,0,0
2022-03-04,P004,S06,9,76500.0,0,0
2022-03-04,P005,S01,56,89299.0,1,0
2022-03-04,P005,S02,73,119499.47,1,0
2022-03-04,P005,S03,60,100366.17,1,0
2022-03-04,P005,S04,26,57200.0,0,0
2022-03-04,P005,S05,54,94562.21,1,0
2022-03-04,P005,S06,26,57200.0,0,0
2022-03-05,P001,S01,49,198543.82,1,0
2022-03-05,P001,S02,25,112500.0,0,0
2022-03-05,P001,S03,28,126000.0,0,0
2022-03-05,P001,S04,22,99000.0,0,0
2022-03-05,P001,S05,24,108000.0,0,0
2022-03-05,P001,S06,32,126881.61,1,0
2022-03-05,P002,S01,69,82800.0,0,0
2022-03-05,P002,S02,73,87600.0,0,0
2022-03-05,P002,S03,54,64800.0,0,0
2022-03-05,P002,S04,57,68400.0,0,0
2022-03-05,P002,S05,54,64800.0,0,0
2022-03-05,P002,S06,55,66000.0,0,0
2022-03-05,P003,S01,453,135463.21,1,0
2022-03-05,P003,S02,354,123900.0,0,0
2022-03-05,P003,S03,325,94036.86,1,0
2022-03-05,P003,S04,374,121736.36,1,0
2022-03-05,P003,S05,184,64400.0,0,0
2022-03-05,P003,S06,153,53550.0,0,0
2022-03-05,P004,S01,14,119000.0,0,0
2022-03-05,P004,S02,13,110500.0,0,0
2022-03-05,P004,S03,19,151908.68,1,0
2022-03-05,P004,S04,11,93500.0,0,0
2022-03-05,P004,S05,8,68000.0,0,0
2022-03-05,P004,S06,7,59500.0,0,0
2022-03-05,P005,S01,40,88000.0,0,0
2022-03-05,P005,S02,42,92400.0,0,0
2022-03-05,P005,S03,65,131767.91,1,0
2022-03-05,P005,S04,39,85800.0,0,0
2022-03-05,P005,S05,40,88000.0,0,0
2022-03-05,P005,S06,35,77000.0,0,0
2022-03-06,P001,S01,30,135000.0,0,0
2022-03-06,P001,S02,27,121500.0,0,0
2022-03-06,P001,S03,24,108000.0,0,0
2022-03-06,P001,S04,23,103500.0,0,0
2022-03-06,P001,S05,46,186201.3,1,0
2022-03-06,P001,S06,18,81000.0,0,0
2022-03-06,P002,S01,83,99600.0,0,0
2022-03-06,P002,S02,132,123285.72,1,0
2022-03-06,P002,S03,75,90000.0,0,0
2022-03-06,P002,S04,92,95692.88,1,0
2022-03-06,P002,S05,45,54000.0,0,0
2022-03-06,P002,S06,54,64800.0,0,0
2022-03-06,P003,S01,294,102900.0,0,0
2022-03-06,P003,S02,277,96950.0,0,0
2022-03-06,P003,S03,159,55650.0,0,0
2022-03-06,P003,S04,183,64050.0,0,0
2022-03-06,P003,S05,353,109611.6,1,0
2022-03-06,P003,S06,205,71750.0,0,0
2022-03-06,P004,S01,18,153000.0,0,0
2022-03-06,P004,S02,15,100533.38,1,0
2022-03-06,P004,S03,10,85000.0,0,0
2022-03-06,P004,S04,12,102000.0,0,0
2022-03-06,P004,S05,8,68000.0,0,0
2022-03-06,P004,S06,11,84953.7,1,0
2022-03-06,P005,S01,54,118800.0,0,0
2022-03-06,P005,S02,77,147735.51,1,0
2022-03-06,P005,S03,35,77000.0,0,0
2022-03-06,P005,S04,62,120694.59,1,0
2022-03-06,P005,S05,44,96800.0,0,0
2022-03-06,P005,S06,30,66000.0,0,0
2022-03-07,P001,S01,24,81616.88,1,0
2022-03-07,P001,S02,22,99000.0,0,0
2022-03-07,P001,S03,23,103500.0,0,0
2022-03-07,P001,S04,19,85500.0,0,0
2022-03-07,P001,S05,22,99000.0,0,0
2022-03-07,P001,S06,37,118166.2,1,0
2022-03-07,P002,S01,64,76800.0,0,0
2022-03-07,P002,S02,57,68400.0,0,0
2022-03-07,P002,S03,52,62400.0,0,0
2022-03-07,P002,S04,83,76023.25,1,0
2022-03-07,P002,S05,59,70800.0,0,0
2022-03-07,P002,S06,42,50400.0,0,0
2022-03-07,P003,S01,261,91350.0,0,0
2022-03-07,P003,S02,242,84700.0,0,0
2022-03-07,P003,S03,209,73150.0,0,0
2022-03-07,P003,S04,220,77000.0,0,0
2022-03-07,P003,S05,288,75193.89,1,0
2022-03-07,P003,S06,154,53900.0,0,0
2022-03-07,P004,S01,12,102000.0,0,0
2022-03-07,P004,S02,10,85000.0,0,0
2022-03-07,P004,S03,10,85000.0,0,0
2022-03-07,P004,S04,12,79864.57,1,0
2022-03-07,P004,S05,11,85187.95,1,0
2022-03-07,P004,S06,10,85000.0,0,0
2022-03-07,P005,S01,36,79200.0,0,0
2022-03-07,P005,S02,36,79200.0,0,0
2022-03-07,P005,S03,41,90200.0,0,0
2022-03-07,P005,S04,27,59400.0,0,0
2022-03-07,P005,S05,54,93082.33,1,0
2022-03-07,P005,S06,32,70400.0,0,0
2022-03-08,P001,S01,27,121500.0,0,0
2022-03-08,P001,S02,27,121500.0,0,0
2022-03-08,P001,S03,32,112038.23,1,0
2022-03-08,P001,S04,19,85500.0,0,0
2022-03-08,P001,S05,23,103500.0,0,0
2022-03-08,P001,S06,19,85500.0,0,0
2022-03-08,P002,S01,96,95078.37,1,0
2022-03-08,P002,S02,73,87600.0,0,0
2022-03-08,P002,S03,57,68400.0,0,0
2022-03-08,P002,S04,55,66000.0,0,0
2022-03-08,P002,S05,94,83943.16,1,0
2022-03-08,P002,S06,42,50400.0,0,0
2022-03-08,P003,S01,437,111715.34,1,0
2022-03-08,P003,S02,293,102550.0,0,0
2022-03-08,P003,S03,244,85400.0,0,0
2022-03-08,P003,S04,188,65800.0,0,0
2022-03-08,P003,S05,198,69300.0,0,0
2022-03-08,P003,S06,185,64750.0,0,0
2022-03-08,P004,S01,11,93500.0,0,0
2022-03-08,P004,S02,10,85000.0,0,0
2022-03-08,P004,S03,10,85000.0,0,0
2022-03-08,P004,S04,9,76500.0,0,0
2022-03-08,P004,S05,9,76500.0,0,0
2022-03-08,P004,S06,13,101268.59,1,0
2022-03-08,P005,S01,42,92400.0,0,0
2022-03-08,P005,S02,38,83600.0,0,0
2022-03-08,P005,S03,32,70400.0,0,0
2022-03-08,P005,S04,32,70400.0,0,0
2022-03-08,P005,S05,35,77000.0,0,0
2022-03-08,P005,S06,45,73980.87,1,0
2022-03-09,P001,S01,21,94500.0,0,0
2022-03-09,P001,S02,24,108000.0,0,0
2022-03-09,P001,S03,18,81000.0,0,0
2022-03-09,P001,S04,22,99000.0,0,0
2022-03-09,P001,S05,18,81000.0,0,0
2022-03-09,P001,S06,20,71634.1,1,0
2022-03-09,P002,S01,58,69600.0,0,0
2022-03-09,P002,S02,60,72000.0,0,0
2022-03-09,P002,S03,46,55200.0,0,0
2022-03-09,P002,S04,40,48000.0,0,0
2022-03-09,P002,S05,62,74400.0,0,0
2022-03-09,P002,S06,43,51600.0,0,0
2022-03-09,P003,S01,263,92050.0,0,0
2022-03-09,P003,S02,235,82250.0,0,0
2022-03-09,P003,S03,211,73850.0,0,0
2022-03-09,P003,S04,161,56350.0,0,0
2022-03-09,P003,S05,317,96586.41,1,0
2022-03-09,P003,S06,188,65800.0,0,0
2022-03-09,P004,S01,11,93500.0,0,0
2022-03-09,P004,S02,12,102000.0,0,0
2022-03-09,P004,S03,14,107600.38,1,0
2022-03-09,P004,S04,16,123871.91,1,0
2022-03-09,P004,S05,9,76500.0,0,0
2022-03-09,P004,S06,8,68000.0,0,0
2022-03-09,P005,S01,37,81400.0,0,0
2022-03-09,P005,S02,41,90200.0,0,0
2022-03-09,P005,S03,65,119716.72,1,0
2022-03-09,P005,S04,46,72573.08,1,0
2022-03-09,P005,S05,38,83600.0,0,0
2022-03-09,P005,S06,23,50600.0,0,0
2022-03-10,P001,S01,27,121500.0,0,0
2022-03-10,P001,S02,24,108000.0,0,0
2022-03-10,P001,S03,16,72000.0,0,0
2022-03-10,P001,S04,23,103500.0,0,0
2022-03-10,P001,S05,19,85500.0,0,0
2022-03-10,P001,S06,16,72000.0,0,0
2022-03-10,P002,S01,62,74400.0,0,0
2022-03-10,P002,S02,65,78000.0,0,0
2022-03-10,P002,S03,83,89768.52,1,0
2022-03-10,P002,S04,71,72087.84,1,0
2022-03-10,P002,S05,101,101203.55,1,0
2022-03-10,P002,S06,47,56400.0,0,0
2022-03-10,P003,S01,349,111548.48,1,0
2022-03-10,P003,S02,222,77700.0,0,0
2022-03-10,P003,S03,235,82250.0,0,0
2022-03-10,P003,S04,209,73150.0,0,0
2022-03-10,P003,S05,180,63000.0,0,0
2022-03-10,P003,S06,192,67200.0,0,0
2022-03-10,P004,S01,12,83901.4,1,0
2022-03-10,P004,S02,13,110500.0,0,0
2022-03-10,P004,S03,7,59500.0,0,0
2022-03-10,P004,S04,8,68000.0,0,0
2022-03-10,P004,S05,16,114894.57,1,0
2022-03-10,P004,S06,8,68000.0,0,0
2022-03-10,P005,S01,62,128311.27,1,0
2022-03-10,P005,S02,71,144829.83,1,0
2022-03-10,P005,S03,37,81400.0,0,0
2022-03-10,P005,S04,30,66000.0,0,0
2022-03-10,P005,S05,35,77000.0,0,0
2022-03-10,P005,S06,34,74800.0,0,0
2022-03-11,P001,S01,24,108000.0,0,0
2022-03-11,P001,S02,40,139300.69,1,0
2022-03-11,P001,S03,19,85500.0,0,0
2022-03-11,P001,S04,39,165493.43,1,0
2022-03-11,P001,S05,20,90000.0,0,0
2022-03-11,P001,S06,31,107165.7,1,0
2022-03-11,P002,S01,65,78000.0,0,0
2022-03-11,P002,S02,60,72000.0,0,0
2022-03-11,P002,S03,97,86175.87,1,0
2022-03-11,P002,S04,36,43200.0,0,0
2022-03-11,P002,S05,61,73200.0,0,0
2022-03-11,P002,S06,44,52800.0,0,0
2022-03-11,P003,S01,234,81900.0,0,0
2022-03-11,P003,S02,273,95550.0,0,0
2022-03-11,P003,S03,205,71750.0,0,0
2022-03-11,P003,S04,189,66150.0,0,0
2022-03-11,P003,S05,163,57050.0,0,0
2022-03-11,P003,S06,314,81162.55,1,0
2022-03-11,P004,S01,18,118886.38,1,0
2022-03-11,P004,S02,11,93500.0,0,0
2022-03-11,P004,S03,10,85000.0,0,0
2022-03-11,P004,S04,7,59500.0,0,0
2022-03-11,P004,S05,17,106693.76,1,0
2022-03-11,P004,S06,8,68000.0,0,0
2022-03-11,P005,S01,29,63800.0,0,0
2022-03-11,P005,S02,43,94600.0,0,0
2022-03-11,P005,S03,41,90200.0,0,0
2022-03-11,P005,S04,33,72600.0,0,0
2022-03-11,P005,S05,33,72600.0,0,0
2022-03-11,P005,S06,29,63800.0,0,0
2022-03-12,P001,S01,32,144000.0,0,0
2022-03-12,P001,S02,38,141080.06,1,0
2022-03-12,P001,S03,30,135000.0,0,0
2022-03-12,P001,S04,35,124448.35,1,0
2022-03-12,P001,S05,44,145074.21,1,0
2022-03-12,P001,S06,19,85500.0,0,0
2022-03-12,P002,S01,66,79200.0,0,0
2022-03-12,P002,S02,70,84000.0,0,0
2022-03-12,P002,S03,102,107219.71,1,0
2022-03-12,P002,S04,82,82094.6,1,0
2022-03-12,P002,S05,59,70800.0,0,0
2022-03-12,P002,S06,78,68388.66,1,0
2022-03-12,P003,S01,423,104514.26,1,0
2022-03-12,P003,S02,481,133584.85,1,0
2022-03-12,P003,S03,401,112240.66,1,0
2022-03-12,P003,S04,188,65800.0,0,0
2022-03-12,P003,S05,266,93100.0,0,0
2022-03-12,P003,S06,371,106326.56,1,0
2022-03-12,P004,S01,11,93500.0,0,0
2022-03-12,P004,S02,12,102000.0,0,0
2022-03-12,P004,S03,13,110500.0,0,0
2022-03-12,P004,S04,11,93500.0,0,0
2022-03-12,P004,S05,14,86928.63,1,0
2022-03-12,P004,S06,15,104300.73,1,0
2022-03-12,P005,S01,48,105600.0,0,0
2022-03-12,P005,S02,82,153565.67,1,0
2022-03-12,P005,S03,71,132334.47,1,0
2022-03-12,P005,S04,82,130038.64,1,0
2022-03-12,P005,S05,42,92400.0,0,0
2022-03-12,P005,S06,25,55000.0,0,0
2022-03-13,P001,S01,31,139500.0,0,0
2022-03-13,P001,S02,37,151801.25,1,0
2022-03-13,P001,S03,26,117000.0,0,0
2022-03-13,P001,S04,42,166100.27,1,0
2022-03-13,P001,S05,32,112777.37,1,0
2022-03-13,P001,S06,20,90000.0,0,0
2022-03-13,P002,S01,85,102000.0,0,0
2022-03-13,P002,S02,59,70800.0,0,0
2022-03-13,P002,S03,51,61200.0,0,0
2022-03-13,P002,S04,54,64800.0,0,0
2022-03-13,P002,S05,63,75600.0,0,0
2022-03-13,P002,S06,84,94615.14,1,0
2022-03-13,P003,S01,355,124250.0,0,0
2022-03-13,P003,S02,242,84700.0,0,0
2022-03-13,P003,S03,248,86800.0,0,0
2022-03-13,P003,S04,370,101687.96,1,0
2022-03-13,P003,S05,222,77700.0,0,0
2022-03-13,P003,S06,237,82950.0,0,0
2022-03-13,P004,S01,16,114172.78,1,0
2022-03-13,P004,S02,13,110500.0,0,0
2022-03-13,P004,S03,18,123193.31,1,0
2022-03-13,P004,S04,11,93500.0,0,0
2022-03-13,P004,S05,19,129653.88,1,0
2022-03-13,P004,S06,10,85000.0,0,0
2022-03-13,P005,S01,43,94600.0,0,0
2022-03-13,P005,S02,54,118800.0,0,0
2022-03-13,P005,S03,74,115222.72,1,0
2022-03-13,P005,S04,67,131938.3,1,0
2022-03-13,P005,S05,38,83600.0,0,0
2022-03-13,P005,S06,32,70400.0,0,0
2022-03-14,P001,S01,22,99000.0,0,0
2022-03-14,P001,S02,30,135000.0,0,0
2022-03-14,P001,S03,20,90000.0,0,0
2022-03-14,P001,S04,21,94500.0,0,0
2022-03-14,P001,S05,19,85500.0,0,0
2022-03-14,P001,S06,24,87493.25,1,0
2022-03-14,P002,S01,74,88800.0,0,0
2022-03-14,P002,S02,62,74400.0,0,0
2022-03-14,P002,S03,58,69600.0,0,0
2022-03-14,P002,S04,47,56400.0,0,0
2022-03-14,P002,S05,45,54000.0,0,0
2022-03-14,P002,S06,39,46800.0,0,0
2022-03-14,P003,S01,245,85750.0,0,0
2022-03-14,P003,S02,230,80500.0,0,0
2022-03-14,P003,S03,269,94150.0,0,0
2022-03-14,P003,S04,187,65450.0,0,0
2022-03-14,P003,S05,237,82950.0,0,0
2022-03-14,P003,S06,278,80782.88,1,0
2022-03-14,P004,S01,12,72248.19,1,0
2022-03-14,P004,S02,12,102000.0,0,0
2022-03-14,P004,S03,11,93500.0,0,0
2022-03-14,P004,S04,9,76500.0,0,0
2022-03-14,P004,S05,15,117478.64,1,0
2022-03-14,P004,S06,14,91268.27,1,0
2022-03-14,P005,S01,45,99000.0,0,0
2022-03-14,P005,S02,63,106888.15,1,0
2022-03-14,P005,S03,44,96800.0,0,0
2022-03-14,P005,S04,61,113669.89,1,0
2022-03-14,P005,S05,33,72600.0,0,0
2022-03-14,P005,S06,27,59400.0,0,0
2022-03-15,P001,S01,38,123556.38,1,0
2022-03-15,P001,S02,26,117000.0,0,0
2022-03-15,P001,S03,22,99000.0,0,0
2022-03-15,P001,S04,20,90000.0,0,0
2022-03-15,P001,S05,35,121966.05,1,0
2022-03-15,P001,S06,15,67500.0,0,0
2022-03-15,P002,S01,62,74400.0,0,0
2022-03-15,P002,S02,92,102892.92,1,0
2022-03-15,P002,S03,53,63600.0,0,0
2022-03-15,P002,S04,45,54000.0,0,0
2022-03-15,P002,S05,46,55200.0,0,0
2022-03-15,P002,S06,42,50400.0,0,0
2022-03-15,P003,S01,254,88900.0,0,0
2022-03-15,P003,S02,262,91700.0,0,0
2022-03-15,P003,S03,256,89600.0,0,0
2022-03-15,P003,S04,212,74200.0,0,0
2022-03-15,P003,S05,190,66500.0,0,0
2022-03-15,P003,S06,295,86841.26,1,0
2022-03-15,P004,S01,19,134959.96,1,0
2022-03-15,P004,S02,9,76500.0,0,0
2022-03-15,P004,S03,10,85000.0,0,0
2022-03-15,P004,S04,9,76500.0,0,0
2022-03-15,P004,S05,9,76500.0,0,0
2022-03-15,P004,S06,8,68000.0,0,0
2022-03-15,P005,S01,40,88000.0,0,0
2022-03-15,P005,S02,47,103400.0,0,0
2022-03-15,P005,S03,32,70400.0,0,0
2022-03-15,P005,S04,31,68200.0,0,0
2022-03-15,P005,S05,37,81400.0,0,0
2022-03-15,P005,S06,29,63800.0,0,0
2022-03-16,P001,S01,17,76500.0,0,0
2022-03-16,P001,S02,21,94500.0,0,0
2022-03-16,P001,S03,20,90000.0,0,0
2022-03-16,P001,S04,30,113941.4,1,0
2022-03-16,P001,S05,33,130860.77,1,0
2022-03-16,P001,S06,17,76500.0,0,0
2022-03-16,P002,S01,71,85200.0,0,0
2022-03-16,P002,S02,50,60000.0,0,0
2022-03-16,P002,S03,66,79200.0,0,0
2022-03-16,P002,S04,48,57600.0,0,0
2022-03-16,P002,S05,66,73291.49,1,0
2022-03-16,P002,S06,42,50400.0,0,0
2022-03-16,P003,S01,394,121662.84,1,0
2022-03-16,P003,S02,245,85750.0,0,0
2022-03-16,P003,S03,233,81550.0,0,0
2022-03-16,P003,S04,223,78050.0,0,0
2022-03-16,P003,S05,198,69300.0,0,0
2022-03-16,P003,S06,203,71050.0,0,0
2022-03-16,P004,S01,12,102000.0,0,0
2022-03-16,P004,S02,9,76500.0,0,0
2022-03-16,P004,S03,11,93500.0,0,0
2022-03-16,P004,S04,8,68000.0,0,0
2022-03-16,P004,S05,11,93500.0,0,0
2022-03-16,P004,S06,12,80188.45,1,0
2022-03-16,P005,S01,41,90200.0,0,0
2022-03-16,P005,S02,51,112200.0,0,0
2022-03-16,P005,S03,37,81400.0,0,0
2022-03-16,P005,S04,30,66000.0,0,0
2022-03-16,P005,S05,33,72600.0,0,0
2022-03-16,P005,S06,30,66000.0,0,0
2022-03-17,P001,S01,26,117000.0,0,0
2022-03-17,P001,S02,25,112500.0,0,0
2022-03-17,P001,S03,31,122557.99,1,0
2022-03-17,P001,S04,28,103893.15,1,0
2022-03-17,P001,S05,16,72000.0,0,0
2022-03-17,P001,S06,16,72000.0,0,0
2022-03-17,P002,S01,73,87600.0,0,0
2022-03-17,P002,S02,67,80400.0,0,0
2022-03-17,P002,S03,72,86400.0,0,0
2022-03-17,P002,S04,44,52800.0,0,0
2022-03-17,P002,S05,56,67200.0,0,0
2022-03-17,P002,S06,43,51600.0,0,0
2022-03-17,P003,S01,201,70350.0,0,0
2022-03-17,P003,S02,233,81550.0,0,0
2022-03-17,P003,S03,270,94500.0,0,0
2022-03-17,P003,S04,162,56700.0,0,0
2022-03-17,P003,S05,162,56700.0,0,0
2022-03-17,P003,S06,208,72800.0,0,0
2022-03-17,P004,S01,19,144646.33,1,0
2022-03-17,P004,S02,16,118158.27,1,0
2022-03-17,P004,S03,9,76500.0,0,0
2022-03-17,P004,S04,8,68000.0,0,0
2022-03-17,P004,S05,11,93500.0,0,0
2022-03-17,P004,S06,7,59500.0,0,0
2022-03-17,P005,S01,49,107800.0,0,0
2022-03-17,P005,S02,65,112534.61,1,0
2022-03-17,P005,S03,32,70400.0,0,0
2022-03-17,P005,S04,25,55000.0,0,0
2022-03-17,P005,S05,39,85800.0,0,0
2022-03-17,P005,S06,50,98724.87,1,0
2022-03-18,P001,S01,57,184277.08,1,1
2022-03-18,P001,S02,38,171000.0,0,1
2022-03-18,P001,S03,27,121500.0,0,1
2022-03-18,P001,S04,34,153000.0,0,1
2022-03-18,P001,S05,26,117000.0,0,1
2022-03-18,P001,S06,23,103500.0,0,1
2022-03-18,P002,S01,89,106800.0,0,1
2022-03-18,P002,S02,133,125546.09,1,1
2022-03-18,P002,S03,77,92400.0,0,1
2022-03-18,P002,S04,64,76800.0,0,1
2022-03-18,P002,S05,125,132730.6,1,1
2022-03-18,P002,S06,123,104251.38,1,1
2022-03-18,P003,S01,346,121100.0,0,1
2022-03-18,P003,S02,330,115500.0,0,1
2022-03-18,P003,S03,321,112350.0,0,1
2022-03-18,P003,S04,300,105000.0,0,1
2022-03-18,P003,S05,286,100100.0,0,1
2022-03-18,P003,S06,232,81200.0,0,1
2022-03-18,P004,S01,19,161500.0,0,1
2022-03-18,P004,S02,21,141373.83,1,1
2022-03-18,P004,S03,12,102000.0,0,1
2022-03-18,P004,S04,10,85000.0,0,1
2022-03-18,P004,S05,20,137003.46,1,1
2022-03-18,P004,S06,18,123744.78,1,1
2022-03-18,P005,S01,63,138600.0,0,1
2022-03-18,P005,S02,54,118800.0,0,1
2022-03-18,P005,S03,58,127600.0,0,1
2022-03-18,P005,S04,85,140902.8,1,1
2022-03-18,P005,S05,47,103400.0,0,1
2022-03-18,P005,S06,43,94600.0,0,1
2022-03-19,P001,S01,29,130500.0,0,0
2022-03-19,P001,S02,44,181766.87,1,0
2022-03-19,P001,S03,23,103500.0,0,0
2022-03-19,P001,S04,23,103500.0,0,0
2022-03-19,P001,S05,16,72000.0,0,0
2022-03-19,P001,S06,20,90000.0,0,0
2022-03-19,P002,S01,62,74400.0,0,0
2022-03-19,P002,S02,114,129915.88,1,0
2022-03-19,P002,S03,101,85550.75,1,0
2022-03-19,P002,S04,61,73200.0,0,0
2022-03-19,P002,S05,63,75600.0,0,0
2022-03-19,P002,S06,32,38400.0,0,0
2022-03-19,P003,S01,565,163998.84,1,0
2022-03-19,P003,S02,415,115760.09,1,0
2022-03-19,P003,S03,491,153421.93,1,0
2022-03-19,P003,S04,358,113831.88,1,0
2022-03-19,P003,S05,379,101525.95,1,0
2022-03-19,P003,S06,188,65800.0,0,0
2022-03-19,P004,S01,17,128893.1,1,0
2022-03-19,P004,S02,14,119000.0,0,0
2022-03-19,P004,S03,10,85000.0,0,0
2022-03-19,P004,S04,15,109358.58,1,0
2022-03-19,P004,S05,13,94399.46,1,0
2022-03-19,P004,S06,14,95675.35,1,0
2022-03-19,P005,S01,76,158324.35,1,0
2022-03-19,P005,S02,82,154387.74,1,0
2022-03-19,P005,S03,36,79200.0,0,0
2022-03-19,P005,S04,34,74800.0,0,0
2022-03-19,P005,S05,54,97124.06,1,0
2022-03-19,P005,S06,29,63800.0,0,0
2022-03-20,P001,S01,49,156781.62,1,0
2022-03-20,P001,S02,24,108000.0,0,0
2022-03-20,P001,S03,33,148500.0,0,0
2022-03-20,P001,S04,39,158778.39,1,0
2022-03-20,P001,S05,21,94500.0,0,0
2022-03-20,P001,S06,19,85500.0,0,0
2022-03-20,P002,S01,60,72000.0,0,0
2022-03-20,P002,S02,109,113159.59,1,0
2022-03-20,P002,S03,62,74400.0,0,0
2022-03-20,P002,S04,75,71068.1,1,0
2022-03-20,P002,S05,96,105196.76,1,0
2022-03-20,P002,S06,46,55200.0,0,0
2022-03-20,P003,S01,285,99750.0,0,0
2022-03-20,P003,S02,255,89250.0,0,0
2022-03-20,P003,S03,293,102550.0,0,0
2022-03-20,P003,S04,261,91350.0,0,0
2022-03-20,P003,S05,459,134189.17,1,0
2022-03-20,P003,S06,316,92612.56,1,0
2022-03-20,P004,S01,22,157905.12,1,0
2022-03-20,P004,S02,9,76500.0,0,0
2022-03-20,P004,S03,12,102000.0,0,0
2022-03-20,P004,S04,12,102000.0,0,0
2022-03-20,P004,S05,12,102000.0,0,0
2022-03-20,P004,S06,8,68000.0,0,0
2022-03-20,P005,S01,37,81400.0,0,0
2022-03-20,P005,S02,56,123200.0,0,0
2022-03-20,P005,S03,40,88000.0,0,0
2022-03-20,P005,S04,52,91910.34,1,0
2022-03-20,P005,S05,43,94600.0,0,0
2022-03-20,P005,S06,32,70400.0,0,0
2022-03-21,P001,S01,25,112500.0,0,0
2022-03-21,P001,S02,23,103500.0,0,0
2022-03-21,P001,S03,24,108000.0,0,0
2022-03-21,P001,S04,18,81000.0,0,0
2022-03-21,P001,S05,22,99000.0,0,0
2022-03-21,P001,S06,17,76500.0,0,0
2022-03-21,P002,S01,58,69600.0,0,0
2022-03-21,P002,S02,61,73200.0,0,0
2022-03-21,P002,S03,59,70800.0,0,0
2022-03-21,P002,S04,49,58800.0,0,0
2022-03-21,P002,S05,56,67200.0,0,0
2022-03-21,P002,S06,81,68472.42,1,0
2022-03-21,P003,S01,266,93100.0,0,0
2022-03-21,P003,S02,384,106735.11,1,0
2022-03-21,P003,S03,190,66500.0,0,0
2022-03-21,P003,S04,221,77350.0,0,0
2022-03-21,P003,S05,232,81200.0,0,0
2022-03-21,P003,S06,167,58450.0,0,0
2022-03-21,P004,S01,19,126806.33,1,0
2022-03-21,P004,S02,18,133137.15,1,0
2022-03-21,P004,S03,12,102000.0,0,0
2022-03-21,P004,S04,18,131050.13,1,0
2022-03-21,P004,S05,9,76500.0,0,0
2022-03-21,P004,S06,8,68000.0,0,0
2022-03-21,P005,S01,44,96800.0,0,0
2022-03-21,P005,S02,39,85800.0,0,0
2022-03-21,P005,S03,66,109380.76,1,0
2022-03-21,P005,S04,37,81400.0,0,0
2022-03-21,P005,S05,33,72600.0,0,0
2022-03-21,P005,S06,34,74800.0,0,0
2022-03-22,P001,S01,44,144342.38,1,0
2022-03-22,P001,S02,22,99000.0,0,0
2022-03-22,P001,S03,35,137010.08,1,0
2022-03-22,P001,S04,21,94500.0,0,0
2022-03-22,P001,S05,23,103500.0,0,0
2022-03-22,P001,S06,17,76500.0,0,0
2022-03-22,P002,S01,53,63600.0,0,0
2022-03-22,P002,S02,58,69600.0,0,0
2022-03-22,P002,S03,93,80003.81,1,0
2022-03-22,P002,S04,43,51600.0,0,0
2022-03-22,P002,S05,84,86476.72,1,0
2022-03-22,P002,S06,45,54000.0,0,0
2022-03-22,P003,S01,208,72800.0,0,0
2022-03-22,P003,S02,191,66850.0,0,0
2022-03-22,P003,S03,237,82950.0,0,0
2022-03-22,P003,S04,177,61950.0,0,0
2022-03-22,P003,S05,208,72800.0,0,0
2022-03-22,P003,S06,169,59150.0,0,0
2022-03-22,P004,S01,10,85000.0,0,0
2022-03-22,P004,S02,9,76500.0,0,0
2022-03-22,P004,S03,11,93500.0,0,0
2022-03-22,P004,S04,10,85000.0,0,0
2022-03-22,P004,S05,10,85000.0,0,0
2022-03-22,P004,S06,9,76500.0,0,0
2022-03-22,P005,S01,46,101200.0,0,0
2022-03-22,P005,S02,40,88000.0,0,0
2022-03-22,P005,S03,38,83600.0,0,0
2022-03-22,P005,S04,33,72600.0,0,0
2022-03-22,P005,S05,56,107366.43,1,0
2022-03-22,P005,S06,29,63800.0,0,0
2022-03-23,P001,S01,38,160874.49,1,0
2022-03-23,P001,S02,25,112500.0,0,0
2022-03-23,P001,S03,22,99000.0,0,0
2022-03-23,P001,S04,18,81000.0,0,0
2022-03-23,P001,S05,22,99000.0,0,0
2022-03-23,P001,S06,25,104302.4,1,0
2022-03-23,P002,S01,55,66000.0,0,0
2022-03-23,P002,S02,54,64800.0,0,0
2022-03-23,P002,S03,54,64800.0,0,0
2022-03-23,P002,S04,86,73343.75,1,0
2022-03-23,P002,S05,52,62400.0,0,0
2022-03-23,P002,S06,51,61200.0,0,0
2022-03-23,P003,S01,252,88200.0,0,0
2022-03-23,P003,S02,389,121710.12,1,0
2022-03-23,P003,S03,293,91882.48,1,0
2022-03-23,P003,S04,193,67550.0,0,0
2022-03-23,P003,S05,207,72450.0,0,0
2022-03-23,P003,S06,189,66150.0,0,0
2022-03-23,P004,S01,11,93500.0,0,0
2022-03-23,P004,S02,9,76500.0,0,0
2022-03-23,P004,S03,11,93500.0,0,0
2022-03-23,P004,S04,15,102159.55,1,0
2022-03-23,P004,S05,9,76500.0,0,0
2022-03-23,P004,S06,9,76500.0,0,0
2022-03-23,P005,S01,48,92855.38,1,0
2022-03-23,P005,S02,33,72600.0,0,0
2022-03-23,P005,S03,56,98579.16,1,0
2022-03-23,P005,S04,29,63800.0,0,0
2022-03-23,P005,S05,53,110488.32,1,0
2022-03-23,P005,S06,55,104127.99,1,0
2022-03-24,P001,S01,29,130500.0,0,0
2022-03-24,P001,S02,25,112500.0,0,0
2022-03-24,P001,S03,24,108000.0,0,0
2022-03-24,P001,S04,21,94500.0,0,0
2022-03-24,P001,S05,22,99000.0,0,0
2022-03-24,P001,S06,22,99000.0,0,0
2022-03-24,P002,S01,71,85200.0,0,0
2022-03-24,P002,S02,109,94626.75,1,0
2022-03-24,P002,S03,95,102235.44,1,0
2022-03-24,P002,S04,45,54000.0,0,0
2022-03-24,P002,S05,46,55200.0,0,0
2022-03-24,P002,S06,40,48000.0,0,0
2022-03-24,P003,S01,244,85400.0,0,0
2022-03-24,P003,S02,220,77000.0,0,0
2022-03-24,P003,S03,208,72800.0,0,0
2022-03-24,P003,S04,185,64750.0,0,0
2022-03-24,P003,S05,299,74639.97,1,0
2022-03-24,P003,S06,211,73850.0,0,0
2022-03-24,P004,S01,11,93500.0,0,0
2022-03-24,P004,S02,10,85000.0,0,0
2022-03-24,P004,S03,7,59500.0,0,0
2022-03-24,P004,S04,10,85000.0,0,0
2022-03-24,P004,S05,10,85000.0,0,0
2022-03-24,P004,S06,14,92275.68,1,0
2022-03-24,P005,S01,40,88000.0,0,0
2022-03-24,P005,S02,46,101200.0,0,0
2022-03-24,P005,S03,35,77000.0,0,0
2022-03-24,P005,S04,56,109949.49,1,0
2022-03-24,P005,S05,36,79200.0,0,0
2022-03-24,P005,S06,45,91893.55,1,0
2022-03-25,P001,S01,47,183284.05,1,0
2022-03-25,P001,S02,24,108000.0,0,0
2022-03-25,P001,S03,23,103500.0,0,0
2022-03-25,P001,S04,21,94500.0,0,0
2022-03-25,P001,S05,19,85500.0,0,0
2022-03-25,P001,S06,29,123741.04,1,0
2022-03-25,P002,S01,73,87600.0,0,0
2022-03-25,P002,S02,64,76800.0,0,0
2022-03-25,P002,S03,54,64800.0,0,0
2022-03-25,P002,S04,38,45600.0,0,0
2022-03-25,P002,S05,51,61200.0,0,0
2022-03-25,P002,S06,67,63639.0,1,0
2022-03-25,P003,S01,272,95200.0,0,0
2022-03-25,P003,S02,377,113500.81,1,0
2022-03-25,P003,S03,203,71050.0,0,0
2022-03-25,P003,S04,313,94022.12,1,0
2022-03-25,P003,S05,297,78205.5,1,0
2022-03-25,P003,S06,209,73150.0,0,0
2022-03-25,P004,S01,15,127500.0,0,0
2022-03-25,P004,S02,10,85000.0,0,0
2022-03-25,P004,S03,11,93500.0,0,0
2022-03-25,P004,S04,10,85000.0,0,0
2022-03-25,P004,S05,9,76500.0,0,0
2022-03-25,P004,S06,7,59500.0,0,0
2022-03-25,P005,S01,45,99000.0,0,0
2022-03-25,P005,S02,33,72600.0,0,0
2022-03-25,P005,S03,36,79200.0,0,0
2022-03-25,P005,S04,38,83600.0,0,0
2022-03-25,P005,S05,30,66000.0,0,0
2022-03-25,P005,S06,30,66000.0,0,0
2022-03-26,P001,S01,26,117000.0,0,0
2022-03-26,P001,S02,24,108000.0,0,0
2022-03-26,P001,S03,26,117000.0,0,0
2022-03-26,P001,S04,22,99000.0,0,0
2022-03-26,P001,S05,26,117000.0,0,0
2022-03-26,P001,S06,21,94500.0,0,0
2022-03-26,P002,S01,107,99356.65,1,0
2022-03-26,P002,S02,108,121053.61,1,0
2022-03-26,P002,S03,104,96712.0,1,0
2022-03-26,P002,S04,62,74400.0,0,0
2022-03-26,P002,S05,60,72000.0,0,0
2022-03-26,P002,S06,75,73101.72,1,0
2022-03-26,P003,S01,253,88550.0,0,0
2022-03-26,P003,S02,408,119563.82,1,0
2022-03-26,P003,S03,260,91000.0,0,0
2022-03-26,P003,S04,234,81900.0,0,0
2022-03-26,P003,S05,229,80150.0,0,0
2022-03-26,P003,S06,317,78673.05,1,0
2022-03-26,P004,S01,11,93500.0,0,0
2022-03-26,P004,S02,12,102000.0,0,0
2022-03-26,P004,S03,13,110500.0,0,0
2022-03-26,P004,S04,10,85000.0,0,0
2022-03-26,P004,S05,8,68000.0,0,0
2022-03-26,P004,S06,8,68000.0,0,0
2022-03-26,P005,S01,80,141783.62,1,0
2022-03-26,P005,S02,45,99000.0,0,0
2022-03-26,P005,S03,45,99000.0,0,0
2022-03-26,P005,S04,39,85800.0,0,0
2022-03-26,P005,S05,37,81400.0,0,0
2022-03-26,P005,S06,57,110549.86,1,0
2022-03-27,P001,S01,28,126000.0,0,0
2022-03-27,P001,S02,33,148500.0,0,0
2022-03-27,P001,S03,56,214248.97,1,0
2022-03-27,P001,S04,22,99000.0,0,0
2022-03-27,P001,S05,22,99000.0,0,0
2022-03-27,P001,S06,24,108000.0,0,0
2022-03-27,P002,S01,79,94800.0,0,0
2022-03-27,P002,S02,74,88800.0,0,0
2022-03-27,P002,S03,70,84000.0,0,0
2022-03-27,P002,S04,67,80400.0,0,0
2022-03-27,P002,S05,62,74400.0,0,0
2022-03-27,P002,S06,49,58800.0,0,0
2022-03-27,P003,S01,266,93100.0,0,0
2022-03-27,P003,S02,292,102200.0,0,0
2022-03-27,P003,S03,383,108398.34,1,0
2022-03-27,P003,S04,220,77000.0,0,0
2022-03-27,P003,S05,273,95550.0,0,0
2022-03-27,P003,S06,226,79100.0,0,0
2022-03-27,P004,S01,23,181197.82,1,0
2022-03-27,P004,S02,11,93500.0,0,0
2022-03-27,P004,S03,16,99496.25,1,0
2022-03-27,P004,S04,9,76500.0,0,0
2022-03-27,P004,S05,10,85000.0,0,0
2022-03-27,P004,S06,10,85000.0,0,0
2022-03-27,P005,S01,53,116600.0,0,0
2022-03-27,P005,S02,50,110000.0,0,0
2022-03-27,P005,S03,52,114400.0,0,0
2022-03-27,P005,S04,36,79200.0,0,0
2022-03-27,P005,S05,51,84032.99,1,0
2022-03-27,P005,S06,37,81400.0,0,0
2022-03-28,P001,S01,27,121500.0,0,0
2022-03-28,P001,S02,40,165017.56,1,0
2022-03-28,P001,S03,23,103500.0,0,0
2022-03-28,P001,S04,19,85500.0,0,0
2022-03-28,P001,S05,20,90000.0,0,0
2022-03-28,P001,S06,18,81000.0,0,0
2022-03-28,P002,S01,60,72000.0,0,0
2022-03-28,P002,S02,105,94362.94,1,0
2022-03-28,P002,S03,59,70800.0,0,0
2022-03-28,P002,S04,57,68400.0,0,0
2022-03-28,P002,S05,33,39600.0,0,0
2022-03-28,P002,S06,44,52800.0,0,0
2022-03-28,P003,S01,349,97724.04,1,0
2022-03-28,P003,S02,245,85750.0,0,0
2022-03-28,P003,S03,207,72450.0,0,0
2022-03-28,P003,S04,221,77350.0,0,0
2022-03-28,P003,S05,228,79800.0,0,0
2022-03-28,P003,S06,203,71050.0,0,0
2022-03-28,P004,S01,11,93500.0,0,0
2022-03-28,P004,S02,9,76500.0,0,0
2022-03-28,P004,S03,15,115251.39,1,0
2022-03-28,P004,S04,9,76500.0,0,0
2022-03-28,P004,S05,8,68000.0,0,0
2022-03-28,P004,S06,13,87067.94,1,0
2022-03-28,P005,S01,43,94600.0,0,0
2022-03-28,P005,S02,69,131708.81,1,0
2022-03-28,P005,S03,55,104068.69,1,0
2022-03-28,P005,S04,35,77000.0,0,0
2022-03-28,P005,S05,24,52800.0,0,0
2022-03-28,P005,S06,45,84559.62,1,0
2022-03-29,P001,S01,23,103500.0,0,0
2022-03-29,P001,S02,27,121500.0,0,0
2022-03-29,P001,S03,20,90000.0,0,0
2022-03-29,P001,S04,36,128838.2,1,0
2022-03-29,P001,S05,17,76500.0,0,0
2022-03-29,P001,S06,21,80066.79,1,0
2022-03-29,P002,S01,61,73200.0,0,0
2022-03-29,P002,S02,83,71468.81,1,0
2022-03-29,P002,S03,49,58800.0,0,0
2022-03-29,P002,S04,43,51600.0,0,0
2022-03-29,P002,S05,82,82646.73,1,0
2022-03-29,P002,S06,47,56400.0,0,0
2022-03-29,P003,S01,283,89871.92,1,0
2022-03-29,P003,S02,256,89600.0,0,0
2022-03-29,P003,S03,205,71750.0,0,0
2022-03-29,P003,S04,200,70000.0,0,0
2022-03-29,P003,S05,213,74550.0,0,0
2022-03-29,P003,S06,182,63700.0,0,0
2022-03-29,P004,S01,11,93500.0,0,0
2022-03-29,P004,S02,18,113308.76,1,0
2022-03-29,P004,S03,11,93500.0,0,0
2022-03-29,P004,S04,9,76500.0,0,0
2022-03-29,P004,S05,9,76500.0,0,0
2022-03-29,P004,S06,7,59500.0,0,0
2022-03-29,P005,S01,67,138451.71,1,0
2022-03-29,P005,S02,62,111679.24,1,0
2022-03-29,P005,S03,32,70400.0,0,0
2022-03-29,P005,S04,35,77000.0,0,0
2022-03-29,P005,S05,32,70400.0,0,0
2022-03-29,P005,S06,28,61600.0,0,0
2022-03-30,P001,S01,23,103500.0,0,0
2022-03-30,P001,S02,21,94500.0,0,0
2022-03-30,P001,S03,38,125515.55,1,0
2022-03-30,P001,S04,16,72000.0,0,0
2022-03-30,P001,S05,17,76500.0,0,0
2022-03-30,P001,S06,19,85500.0,0,0
2022-03-30,P002,S01,56,67200.0,0,0
2022-03-30,P002,S02,40,48000.0,0,0
2022-03-30,P002,S03,59,70800.0,0,0
2022-03-30,P002,S04,55,66000.0,0,0
2022-03-30,P002,S05,45,54000.0,0,0
2022-03-30,P002,S06,43,51600.0,0,0
2022-03-30,P003,S01,314,109900.0,0,0
2022-03-30,P003,S02,254,88900.0,0,0
2022-03-30,P003,S03,188,65800.0,0,0
2022-03-30,P003,S04,190,66500.0,0,0
2022-03-30,P003,S05,320,82149.31,1,0
2022-03-30,P003,S06,198,69300.0,0,0
2022-03-30,P004,S01,15,108036.45,1,0
2022-03-30,P004,S02,12,102000.0,0,0
2022-03-30,P004,S03,9,76500.0,0,0
2022-03-30,P004,S04,9,76500.0,0,0
2022-03-30,P004,S05,8,68000.0,0,0
2022-03-30,P004,S06,8,68000.0,0,0
2022-03-30,P005,S01,41,90200.0,0,0
2022-03-30,P005,S02,39,85800.0,0,0
2022-03-30,P005,S03,37,81400.0,0,0
2022-03-30,P005,S04,35,77000.0,0,0
2022-03-30,P005,S05,31,68200.0,0,0
2022-03-30,P005,S06,33,72600.0,0,0
2022-03-31,P001,S01,35,140075.48,1,0
2022-03-31,P001,S02,20,90000.0,0,0
2022-03-31,P001,S03,36,130513.61,1,0
2022-03-31,P001,S04,18,81000.0,0,0
2022-03-31,P001,S05,17,76500.0,0,0
2022-03-31,P001,S06,35,139208.48,1,0
2022-03-31,P002,S01,114,100583.28,1,0
2022-03-31,P002,S02,65,78000.0,0,0
2022-03-31,P002,S03,77,83629.35,1,0
2022-03-31,P002,S04,47,56400.0,0,0
2022-03-31,P002,S05,45,54000.0,0,0
2022-03-31,P002,S06,45,54000.0,0,0
2022-03-31,P003,S01,251,87850.0,0,0
2022-03-31,P003,S02,191,66850.0,0,0
2022-03-31,P003,S03,224,78400.0,0,0
2022-03-31,P003,S04,237,82950.0,0,0
2022-03-31,P003,S05,227,79450.0,0,0
2022-03-31,P003,S06,162,56700.0,0,0
2022-03-31,P004,S01,12,102000.0,0,0
2022-03-31,P004,S02,11,93500.0,0,0
2022-03-31,P004,S03,10,85000.0,0,0
2022-03-31,P004,S04,9,76500.0,0,0
2022-03-31,P004,S05,8,68000.0,0,0
2022-03-31,P004,S06,8,68000.0,0,0
2022-03-31,P005,S01,41,90200.0,0,0
2022-03-31,P005,S02,39,85800.0,0,0
2022-03-31,P005,S03,46,101200.0,0,0
2022-03-31,P005,S04,29,63800.0,0,0
2022-03-31,P005,S05,31,68200.0,0,0
2022-03-31,P005,S06,31,68200.0,0,0
2022-04-01,P001,S01,35,157500.0,0,0
2022-04-01,P001,S02,26,117000.0,0,0
2022-04-01,P001,S03,23,103500.0,0,0
2022-04-01,P001,S04,21,94500.0,0,0
2022-04-01,P001,S05,24,108000.0,0,0
2022-04-01,P001,S06,20,90000.0,0,0
2022-04-01,P002,S01,98,117600.0,0,0
2022-04-01,P002,S02,66,79200.0,0,0
2022-04-01,P002,S03,69,82800.0,0,0
2022-04-01,P002,S04,66,79200.0,0,0
2022-04-01,P002,S05,62,74400.0,0,0
2022-04-01,P002,S06,47,56400.0,0,0
2022-04-01,P003,S01,310,108500.0,0,0
2022-04-01,P003,S02,239,83650.0,0,0
2022-04-01,P003,S03,281,98350.0,0,0
2022-04-01,P003,S04,209,73150.0,0,0
2022-04-01,P003,S05,263,92050.0,0,0
2022-04-01,P003,S06,224,78400.0,0,0
2022-04-01,P004,S01,13,110500.0,0,0
2022-04-01,P004,S02,21,138422.43,1,0
2022-04-01,P004,S03,13,110500.0,0,0
2022-04-01,P004,S04,9,76500.0,0,0
2022-04-01,P004,S05,10,85000.0,0,0
2022-04-01,P004,S06,7,59500.0,0,0
2022-04-01,P005,S01,51,79718.87,1,0
2022-04-01,P005,S02,52,114400.0,0,0
2022-04-01,P005,S03,72,147584.77,1,0
2022-04-01,P005,S04,62,116122.19,1,0
2022-04-01,P005,S05,48,105600.0,0,0
2022-04-01,P005,S06,31,68200.0,0,0
2022-04-02,P001,S01,35,157500.0,0,0
2022-04-02,P001,S02,28,126000.0,0,0
2022-04-02,P001,S03,36,162000.0,0,0
2022-04-02,P001,S04,43,160241.35,1,0
2022-04-02,P001,S05,28,126000.0,0,0
2022-04-02,P001,S06,31,139500.0,0,0
2022-04-02,P002,S01,98,117600.0,0,0
2022-04-02,P002,S02,80,96000.0,0,0
2022-04-02,P002,S03,128,139481.3,1,0
2022-04-02,P002,S04,98,117600.0,0,0
2022-04-02,P002,S05,59,70800.0,0,0
2022-04-02,P002,S06,56,67200.0,0,0
2022-04-02,P003,S01,626,189275.22,1,0
2022-04-02,P003,S02,374,130900.0,0,0
2022-04-02,P003,S03,328,114800.0,0,0
2022-04-02,P003,S04,238,83300.0,0,0
2022-04-02,P003,S05,260,91000.0,0,0
2022-04-02,P003,S06,362,113880.43,1,0
2022-04-02,P004,S01,13,110500.0,0,0
2022-04-02,P004,S02,16,136000.0,0,0
2022-04-02,P004,S03,25,152011.55,1,0
2022-04-02,P004,S04,22,144954.51,1,0
2022-04-02,P004,S05,11,93500.0,0,0
2022-04-02,P004,S06,9,76500.0,0,0
2022-04-02,P005,S01,79,135349.51,1,0
2022-04-02,P005,S02,102,190724.93,1,0
2022-04-02,P005,S03,85,151165.02,1,0
2022-04-02,P005,S04,43,94600.0,0,0
2022-04-02,P005,S05,49,107800.0,0,0
2022-04-02,P005,S06,63,100349.17,1,0
2022-04-03,P001,S01,35,157500.0,0,0
2022-04-03,P001,S02,26,117000.0,0,0
2022-04-03,P001,S03,30,135000.0,0,0
2022-04-03,P001,S04,23,103500.0,0,0
2022-04-03,P001,S05,31,139500.0,0,0
2022-04-03,P001,S06,20,90000.0,0,0
2022-04-03,P002,S01,78,93600.0,0,0
2022-04-03,P002,S02,85,102000.0,0,0
2022-04-03,P002,S03,74,88800.0,0,0
2022-04-03,P002,S04,68,81600.0,0,0
2022-04-03,P002,S05,118,123452.71,1,0
2022-04-03,P002,S06,73,87600.0,0,0
2022-04-03,P003,S01,349,122150.0,0,0
2022-04-03,P003,S02,345,120750.0,0,0
2022-04-03,P003,S03,448,127788.84,1,0
2022-04-03,P003,S04,232,81200.0,0,0
2022-04-03,P003,S05,221,77350.0,0,0
2022-04-03,P003,S06,276,96600.0,0,0
2022-04-03,P004,S01,24,157458.63,1,0
2022-04-03,P004,S02,14,119000.0,0,0
2022-04-03,P004,S03,12,102000.0,0,0
2022-04-03,P004,S04,10,85000.0,0,0
2022-04-03,P004,S05,21,165401.22,1,0
2022-04-03,P004,S06,9,76500.0,0,0
2022-04-03,P005,S01,86,153655.37,1,0
2022-04-03,P005,S02,79,123220.29,1,0
2022-04-03,P005,S03,80,166093.26,1,0
2022-04-03,P005,S04,43,94600.0,0,0
2022-04-03,P005,S05,48,105600.0,0,0
2022-04-03,P005,S06,55,91834.87,1,0
2022-04-04,P001,S01,35,157500.0,0,0
2022-04-04,P001,S02,46,174194.32,1,0
2022-04-04,P001,S03,36,121813.73,1,0
2022-04-04,P001,S04,34,139499.73,1,0
2022-04-04,P001,S05,45,188378.68,1,0
2022-04-04,P001,S06,22,99000.0,0,0
2022-04-04,P002,S01,76,91200.0,0,0
2022-04-04,P002,S02,70,84000.0,0,0
2022-04-04,P002,S03,68,81600.0,0,0
2022-04-04,P002,S04,55,66000.0,0,0
2022-04-04,P002,S05,64,76800.0,0,0
2022-04-04,P002,S06,59,70800.0,0,0
2022-04-04,P003,S01,285,99750.0,0,0
2022-04-04,P003,S02,471,122526.62,1,0
2022-04-04,P003,S03,258,90300.0,0,0
2022-04-04,P003,S04,324,85071.7,1,0
2022-04-04,P003,S05,255,89250.0,0,0
2022-04-04,P003,S06,198,69300.0,0,0
2022-04-04,P004,S01,19,116509.02,1,0
2022-04-04,P004,S02,19,152686.76,1,0
2022-04-04,P004,S03,17,115645.57,1,0
2022-04-04,P004,S04,9,76500.0,0,0
2022-04-04,P004,S05,12,102000.0,0,0
2022-04-04,P004,S06,8,68000.0,0,0
2022-04-04,P005,S01,45,99000.0,0,0
2022-04-04,P005,S02,79,141191.4,1,0
2022-04-04,P005,S03,47,103400.0,0,0
2022-04-04,P005,S04,30,66000.0,0,0
2022-04-04,P005,S05,43,94600.0,0,0
2022-04-04,P005,S06,32,70400.0,0,0
2022-04-05,P001,S01,38,171000.0,0,0
2022-04-05,P001,S02,52,166788.21,1,0
2022-04-05,P001,S03,26,117000.0,0,0
2022-04-05,P001,S04,26,117000.0,0,0
2022-04-05,P001,S05,22,99000.0,0,0
2022-04-05,P001,S06,17,76500.0,0,0
2022-04-05,P002,S01,61,73200.0,0,0
2022-04-05,P002,S02,77,92400.0,0,0
2022-04-05,P002,S03,47,56400.0,0,0
2022-04-05,P002,S04,72,86400.0,0,0
2022-04-05,P002,S05,58,69600.0,0,0
2022-04-05,P002,S06,54,64800.0,0,0
2022-04-05,P003,S01,278,97300.0,0,0
2022-04-05,P003,S02,296,103600.0,0,0
2022-04-05,P003,S03,491,152086.68,1,0
2022-04-05,P003,S04,289,81322.88,1,0
2022-04-05,P003,S05,297,103950.0,0,0
2022-04-05,P003,S06,245,85750.0,0,0
2022-04-05,P004,S01,14,119000.0,0,0
2022-04-05,P004,S02,21,130683.76,1,0
2022-04-05,P004,S03,17,109356.58,1,0
2022-04-05,P004,S04,11,93500.0,0,0
2022-04-05,P004,S05,11,93500.0,0,0
2022-04-05,P004,S06,9,76500.0,0,0
2022-04-05,P005,S01,50,110000.0,0,0
2022-04-05,P005,S02,82,164411.38,1,0
2022-04-05,P005,S03,49,107800.0,0,0
2022-04-05,P005,S04,42,92400.0,0,0
2022-04-05,P005,S05,69,116635.99,1,0
2022-04-05,P005,S06,34,74800.0,0,0
2022-04-06,P001,S01,31,139500.0,0,0
2022-04-06,P001,S02,32,144000.0,0,0
2022-04-06,P001,S03,26,117000.0,0,0
2022-04-06,P001,S04,26,117000.0,0,0
2022-04-06,P001,S05,22,99000.0,0,0
2022-04-06,P001,S06,37,146329.21,1,0
2022-04-06,P002,S01,132,137832.02,1,0
2022-04-06,P002,S02,82,98400.0,0,0
2022-04-06,P002,S03,71,85200.0,0,0
2022-04-06,P002,S04,63,75600.0,0,0
2022-04-06,P002,S05,68,81600.0,0,0
2022-04-06,P002,S06,55,66000.0,0,0
2022-04-06,P003,S01,323,113050.0,0,0
2022-04-06,P003,S02,294,102900.0,0,0
2022-04-06,P003,S03,221,77350.0,0,0
2022-04-06,P003,S04,247,86450.0,0,0
2022-04-06,P003,S05,242,84700.0,0,0
2022-04-06,P003,S06,196,68600.0,0,0
2022-04-06,P004,S01,13,110500.0,0,0
2022-04-06,P004,S02,16,136000.0,0,0
2022-04-06,P004,S03,11,93500.0,0,0
2022-04-06,P004,S04,12,102000.0,0,0
2022-04-06,P004,S05,11,93500.0,0,0
2022-04-06,P004,S06,12,76688.11,1,0
2022-04-06,P005,S01,83,157104.22,1,0
2022-04-06,P005,S02,73,141476.24,1,0
2022-04-06,P005,S03,52,114400.0,0,0
2022-04-06,P005,S04,39,85800.0,0,0
2022-04-06,P005,S05,56,106254.49,1,0
2022-04-06,P005,S06,46,76229.4,1,0
2022-04-07,P001,S01,41,174041.25,1,0
2022-04-07,P001,S02,42,154444.04,1,0
2022-04-07,P001,S03,20,90000.0,0,0
2022-04-07,P001,S04,24,108000.0,0,0
2022-04-07,P001,S05,24,108000.0,0,0
2022-04-07,P001,S06,20,90000.0,0,0
2022-04-07,P002,S01,72,86400.0,0,0
2022-04-07,P002,S02,76,91200.0,0,0
2022-04-07,P002,S03,67,80400.0,0,0
2022-04-07,P002,S04,72,86400.0,0,0
2022-04-07,P002,S05,67,80400.0,0,0
2022-04-07,P002,S06,58,69600.0,0,0
2022-04-07,P003,S01,279,97650.0,0,0
2022-04-07,P003,S02,343,120050.0,0,0
2022-04-07,P003,S03,254,88900.0,0,0
2022-04-07,P003,S04,323,90566.07,1,0
2022-04-07,P003,S05,238,83300.0,0,0
2022-04-07,P003,S06,236,82600.0,0,0
2022-04-07,P004,S01,11,93500.0,0,0
2022-04-07,P004,S02,13,110500.0,0,0
2022-04-07,P004,S03,10,85000.0,0,0
2022-04-07,P004,S04,9,76500.0,0,0
2022-04-07,P004,S05,8,68000.0,0,0
2022-04-07,P004,S06,11,93500.0,0,0
2022-04-07,P005,S01,44,96800.0,0,0
2022-04-07,P005,S02,54,118800.0,0,0
2022-04-07,P005,S03,48,105600.0,0,0
2022-04-07,P005,S04,35,77000.0,0,0
2022-04-07,P005,S05,63,117503.44,1,0
2022-04-07,P005,S06,37,81400.0,0,0
2022-04-08,P001,S01,31,139500.0,0,0
2022-04-08,P001,S02,28,126000.0,0,0
2022-04-08,P001,S03,32,144000.0,0,0
2022-04-08,P001,S04,20,90000.0,0,0
2022-04-08,P001,S05,23,103500.0,0,0
2022-04-08,P001,S06,20,90000.0,0,0
2022-04-08,P002,S01,75,90000.0,0,0
2022-04-08,P002,S02,81,97200.0,0,0
2022-04-08,P002,S03,92,78650.62,1,0
2022-04-08,P002,S04,49,58800.0,0,0
2022-04-08,P002,S05,62,74400.0,0,0
2022-04-08,P002,S06,59,70800.0,0,0
2022-04-08,P003,S01,487,156072.69,1,0
2022-04-08,P003,S02,256,89600.0,0,0
2022-04-08,P003,S03,245,85750.0,0,0
2022-04-08,P003,S04,222,77700.0,0,0
2022-04-08,P003,S05,366,102560.78,1,0
2022-04-08,P003,S06,393,100339.12,1,0
2022-04-08,P004,S01,11,93500.0,0,0
2022-04-08,P004,S02,10,85000.0,0,0
2022-04-08,P004,S03,18,127258.55,1,0
2022-04-08,P004,S04,11,93500.0,0,0
2022-04-08,P004,S05,11,93500.0,0,0
2022-04-08,P004,S06,9,76500.0,0,0
2022-04-08,P005,S01,50,110000.0,0,0
2022-04-08,P005,S02,46,101200.0,0,0
2022-04-08,P005,S03,76,137952.46,1,0
2022-04-08,P005,S04,63,110931.61,1,0
2022-04-08,P005,S05,75,124426.94,1,0
2022-04-08,P005,S06,36,79200.0,0,0
2022-04-09,P001,S01,52,208324.88,1,0
2022-04-09,P001,S02,50,203904.01,1,0
2022-04-09,P001,S03,33,148500.0,0,0
2022-04-09,P001,S04,25,112500.0,0,0
2022-04-09,P001,S05,23,103500.0,0,0
2022-04-09,P001,S06,27,121500.0,0,0
2022-04-09,P002,S01,83,99600.0,0,0
2022-04-09,P002,S02,76,91200.0,0,0
2022-04-09,P002,S03,87,104400.0,0,0
2022-04-09,P002,S04,122,126471.69,1,0
2022-04-09,P002,S05,81,97200.0,0,0
2022-04-09,P002,S06,77,92400.0,0,0
2022-04-09,P003,S01,609,194960.29,1,0
2022-04-09,P003,S02,298,104300.0,0,0
2022-04-09,P003,S03,524,154181.56,1,0
2022-04-09,P003,S04,439,141466.11,1,0
2022-04-09,P003,S05,249,87150.0,0,0
2022-04-09,P003,S06,359,96647.21,1,0
2022-04-09,P004,S01,24,178748.57,1,0
2022-04-09,P004,S02,21,126299.94,1,0
2022-04-09,P004,S03,14,119000.0,0,0
2022-04-09,P004,S04,15,101411.15,1,0
2022-04-09,P004,S05,11,93500.0,0,0
2022-04-09,P004,S06,11,93500.0,0,0
2022-04-09,P005,S01,83,131794.85,1,0
2022-04-09,P005,S02,61,134200.0,0,0
2022-04-09,P005,S03,84,161786.9,1,0
2022-04-09,P005,S04,66,104585.3,1,0
2022-04-09,P005,S05,52,114400.0,0,0
2022-04-09,P005,S06,32,70400.0,0,0
2022-04-10,P001,S01,29,130500.0,0,0
2022-04-10,P001,S02,51,195845.17,1,0
2022-04-10,P001,S03,33,135827.82,1,0
2022-04-10,P001,S04,32,144000.0,0,0
2022-04-10,P001,S05,27,121500.0,0,0
2022-04-10,P001,S06,27,121500.0,0,0
2022-04-10,P002,S01,159,180836.41,1,0
2022-04-10,P002,S02,137,133665.08,1,0
2022-04-10,P002,S03,133,133715.22,1,0
2022-04-10,P002,S04,75,90000.0,0,0
2022-04-10,P002,S05,67,80400.0,0,0
2022-04-10,P002,S06,56,67200.0,0,0
2022-04-10,P003,S01,363,127050.0,0,0
2022-04-10,P003,S02,320,112000.0,0,0
2022-04-10,P003,S03,249,87150.0,0,0
2022-04-10,P003,S04,411,103657.82,1,0
2022-04-10,P003,S05,240,84000.0,0,0
2022-04-10,P003,S06,189,66150.0,0,0
2022-04-10,P004,S01,24,188142.41,1,0
2022-04-10,P004,S02,12,102000.0,0,0
2022-04-10,P004,S03,21,157757.91,1,0
2022-04-10,P004,S04,9,76500.0,0,0
2022-04-10,P004,S05,14,119000.0,0,0
2022-04-10,P004,S06,10,85000.0,0,0
2022-04-10,P005,S01,67,147400.0,0,0
2022-04-10,P005,S02,46,101200.0,0,0
2022-04-10,P005,S03,42,92400.0,0,0
2022-04-10,P005,S04,42,92400.0,0,0
2022-04-10,P005,S05,78,153743.38,1,0
2022-04-10,P005,S06,50,110000.0,0,0
2022-04-11,P001,S01,53,177770.9,1,0
2022-04-11,P001,S02,53,206564.98,1,0
2022-04-11,P001,S03,28,126000.0,0,0
2022-04-11,P001,S04,38,158470.95,1,0
2022-04-11,P001,S05,22,99000.0,0,0
2022-04-11,P001,S06,21,94500.0,0,0
2022-04-11,P002,S01,79,94800.0,0,0
2022-04-11,P002,S02,66,79200.0,0,0
2022-04-11,P002,S03,65,78000.0,0,0
2022-04-11,P002,S04,63,75600.0,0,0
2022-04-11,P002,S05,67,80400.0,0,0
2022-04-11,P002,S06,47,56400.0,0,0
2022-04-11,P003,S01,246,86100.0,0,0
2022-04-11,P003,S02,288,100800.0,0,0
2022-04-11,P003,S03,248,86800.0,0,0
2022-04-11,P003,S04,188,65800.0,0,0
2022-04-11,P003,S05,273,95550.0,0,0
2022-04-11,P003,S06,222,77700.0,0,0
2022-04-11,P004,S01,14,119000.0,0,0
2022-04-11,P004,S02,13,110500.0,0,0
2022-04-11,P004,S03,12,102000.0,0,0
2022-04-11,P004,S04,9,76500.0,0,0
2022-04-11,P004,S05,9,76500.0,0,0
2022-04-11,P004,S06,17,111333.65,1,0
2022-04-11,P005,S01,58,127600.0,0,0
2022-04-11,P005,S02,47,103400.0,0,0
2022-04-11,P005,S03,39,85800.0,0,0
2022-04-11,P005,S04,37,81400.0,0,0
2022-04-11,P005,S05,47,103400.0,0,0
2022-04-11,P005,S06,38,83600.0,0,0
2022-04-12,P001,S01,22,99000.0,0,0
2022-04-12,P001,S02,24,108000.0,0,0
2022-04-12,P001,S03,42,171981.61,1,0
2022-04-12,P001,S04,26,117000.0,0,0
2022-04-12,P001,S05,25,112500.0,0,0
2022-04-12,P001,S06,28,107070.82,1,0
2022-04-12,P002,S01,64,76800.0,0,0
2022-04-12,P002,S02,72,86400.0,0,0
2022-04-12,P002,S03,70,84000.0,0,0
2022-04-12,P002,S04,59,70800.0,0,0
2022-04-12,P002,S05,56,67200.0,0,0
2022-04-12,P002,S06,45,54000.0,0,0
2022-04-12,P003,S01,281,98350.0,0,0
2022-04-12,P003,S02,312,109200.0,0,0
2022-04-12,P003,S03,310,108500.0,0,0
2022-04-12,P003,S04,200,70000.0,0,0
2022-04-12,P003,S05,442,118192.52,1,0
2022-04-12,P003,S06,193,67550.0,0,0
2022-04-12,P004,S01,16,136000.0,0,0
2022-04-12,P004,S02,14,119000.0,0,0
2022-04-12,P004,S03,11,93500.0,0,0
2022-04-12,P004,S04,10,85000.0,0,0
2022-04-12,P004,S05,14,119000.0,0,0
2022-04-12,P004,S06,8,68000.0,0,0
2022-04-12,P005,S01,52,114400.0,0,0
2022-04-12,P005,S02,47,103400.0,0,0
2022-04-12,P005,S03,50,110000.0,0,0
2022-04-12,P005,S04,32,70400.0,0,0
2022-04-12,P005,S05,38,83600.0,0,0
2022-04-12,P005,S06,30,66000.0,0,0
2022-04-13,P001,S01,29,130500.0,0,0
2022-04-13,P001,S02,30,135000.0,0,0
2022-04-13,P001,S03,25,112500.0,0,0
2022-04-13,P001,S04,24,108000.0,0,0
2022-04-13,P001,S05,22,99000.0,0,0
2022-04-13,P001,S06,23,103500.0,0,0
2022-04-13,P002,S01,84,100800.0,0,0
2022-04-13,P002,S02,125,130743.39,1,0
2022-04-13,P002,S03,59,70800.0,0,0
2022-04-13,P002,S04,98,97374.43,1,0
2022-04-13,P002,S05,57,68400.0,0,0
2022-04-13,P002,S06,79,80455.8,1,0
2022-04-13,P003,S01,288,100800.0,0,0
2022-04-13,P003,S02,268,93800.0,0,0
2022-04-13,P003,S03,245,85750.0,0,0
2022-04-13,P003,S04,198,69300.0,0,0
2022-04-13,P003,S05,304,88700.42,1,0
2022-04-13,P003,S06,202,70700.0,0,0
2022-04-13,P004,S01,13,110500.0,0,0
2022-04-13,P004,S02,11,93500.0,0,0
2022-04-13,P004,S03,12,102000.0,0,0
2022-04-13,P004,S04,17,110529.46,1,0
2022-04-13,P004,S05,19,126043.03,1,0
2022-04-13,P004,S06,10,85000.0,0,0
2022-04-13,P005,S01,49,86208.54,1,0
2022-04-13,P005,S02,49,107800.0,0,0
2022-04-13,P005,S03,47,103400.0,0,0
2022-04-13,P005,S04,36,79200.0,0,0
2022-04-13,P005,S05,72,117369.43,1,0
2022-04-13,P005,S06,33,72600.0,0,0
2022-04-14,P001,S01,42,189000.0,0,1
2022-04-14,P001,S02,36,162000.0,0,1
2022-04-14,P001,S03,43,193500.0,0,1
2022-04-14,P001,S04,38,171000.0,0,1
2022-04-14,P001,S05,50,198038.32,1,1
2022-04-14,P001,S06,31,139500.0,0,1
2022-04-14,P002,S01,181,168212.88,1,1
2022-04-14,P002,S02,104,124800.0,0,1
2022-04-14,P002,S03,177,164759.13,1,1
2022-04-14,P002,S04,96,115200.0,0,1
2022-04-14,P002,S05,148,153821.24,1,1
2022-04-14,P002,S06,86,103200.0,0,1
2022-04-14,P003,S01,424,148400.0,0,1
2022-04-14,P003,S02,524,183400.0,0,1
2022-04-14,P003,S03,701,194470.57,1,1
2022-04-14,P003,S04,268,93800.0,0,1
2022-04-14,P003,S05,417,145950.0,0,1
2022-04-14,P003,S06,324,113400.0,0,1
2022-04-14,P004,S01,21,178500.0,0,1
2022-04-14,P004,S02,15,127500.0,0,1
2022-04-14,P004,S03,26,171168.43,1,1
2022-04-14,P004,S04,30,219534.4,1,1
2022-04-14,P004,S05,14,119000.0,0,1
2022-04-14,P004,S06,13,110500.0,0,1
2022-04-14,P005,S01,69,151800.0,0,1
2022-04-14,P005,S02,41,90200.0,0,1
2022-04-14,P005,S03,59,129800.0,0,1
2022-04-14,P005,S04,46,101200.0,0,1
2022-04-14,P005,S05,108,190923.52,1,1
2022-04-14,P005,S06,48,105600.0,0,1
2022-04-15,P001,S01,38,171000.0,0,1
2022-04-15,P001,S02,35,157500.0,0,1
2022-04-15,P001,S03,58,201565.53,1,1
2022-04-15,P001,S04,41,184500.0,0,1
2022-04-15,P001,S05,56,180042.57,1,1
2022-04-15,P001,S06,30,135000.0,0,1
2022-04-15,P002,S01,185,199546.32,1,1
2022-04-15,P002,S02,102,122400.0,0,1
2022-04-15,P002,S03,150,158682.3,1,1
2022-04-15,P002,S04,96,115200.0,0,1
2022-04-15,P002,S05,95,114000.0,0,1
2022-04-15,P002,S06,75,90000.0,0,1
2022-04-15,P003,S01,630,189361.64,1,1
2022-04-15,P003,S02,478,167300.0,0,1
2022-04-15,P003,S03,313,109550.0,0,1
2022-04-15,P003,S04,290,101500.0,0,1
2022-04-15,P003,S05,549,151650.03,1,1
2022-04-15,P003,S06,292,102200.0,0,1
2022-04-15,P004,S01,17,144500.0,0,1
2022-04-15,P004,S02,25,193333.02,1,1
2022-04-15,P004,S03,21,125978.5,1,1
2022-04-15,P004,S04,15,127500.0,0,1
2022-04-15,P004,S05,25,171097.21,1,1
2022-04-15,P004,S06,11,93500.0,0,1
2022-04-15,P005,S01,120,211780.8,1,1
2022-04-15,P005,S02,97,159655.8,1,1
2022-04-15,P005,S03,57,125400.0,0,1
2022-04-15,P005,S04,83,167193.73,1,1
2022-04-15,P005,S05,57,125400.0,0,1
2022-04-15,P005,S06,82,145503.84,1,1
2022-04-16,P001,S01,53,177929.31,1,0
2022-04-16,P001,S02,30,135000.0,0,0
2022-04-16,P001,S03,22,99000.0,0,0
2022-04-16,P001,S04,22,99000.0,0,0
2022-04-16,P001,S05,54,170947.44,1,0
2022-04-16,P001,S06,19,85500.0,0,0
2022-04-16,P002,S01,123,115332.0,1,0
2022-04-16,P002,S02,90,108000.0,0,0
2022-04-16,P002,S03,109,103686.07,1,0
2022-04-16,P002,S04,92,104313.14,1,0
2022-04-16,P002,S05,64,76800.0,0,0
2022-04-16,P002,S06,55,66000.0,0,0
2022-04-16,P003,S01,317,110950.0,0,0
2022-04-16,P003,S02,495,129471.23,1,0
2022-04-16,P003,S03,288,100800.0,0,0
2022-04-16,P003,S04,278,97300.0,0,0
2022-04-16,P003,S05,260,91000.0,0,0
2022-04-16,P003,S06,290,94557.82,1,0
2022-04-16,P004,S01,28,212740.42,1,0
2022-04-16,P004,S02,16,136000.0,0,0
2022-04-16,P004,S03,14,119000.0,0,0
2022-04-16,P004,S04,11,93500.0,0,0
2022-04-16,P004,S05,13,110500.0,0,0
2022-04-16,P004,S06,18,117537.52,1,0
2022-04-16,P005,S01,62,136400.0,0,0
2022-04-16,P005,S02,57,125400.0,0,0
2022-04-16,P005,S03,67,147400.0,0,0
2022-04-16,P005,S04,40,88000.0,0,0
2022-04-16,P005,S05,41,90200.0,0,0
2022-04-16,P005,S06,48,105600.0,0,0
2022-04-17,P001,S01,32,144000.0,0,0
2022-04-17,P001,S02,25,112500.0,0,0
2022-04-17,P001,S03,36,162000.0,0,0
2022-04-17,P001,S04,28,126000.0,0,0
2022-04-17,P001,S05,35,157500.0,0,0
2022-04-17,P001,S06,38,134884.73,1,0
2022-04-17,P002,S01,93,111600.0,0,0
2022-04-17,P002,S02,125,115346.1,1,0
2022-04-17,P002,S03,65,78000.0,0,0
2022-04-17,P002,S04,66,79200.0,0,0
2022-04-17,P002,S05,100,100269.43,1,0
2022-04-17,P002,S06,53,63600.0,0,0
2022-04-17,P003,S01,306,107100.0,0,0
2022-04-17,P003,S02,333,116550.0,0,0
2022-04-17,P003,S03,420,108973.01,1,0
2022-04-17,P003,S04,283,99050.0,0,0
2022-04-17,P003,S05,251,87850.0,0,0
2022-04-17,P003,S06,233,81550.0,0,0
2022-04-17,P004,S01,28,190957.27,1,0
2022-04-17,P004,S02,15,127500.0,0,0
2022-04-17,P004,S03,23,138909.3,1,0
2022-04-17,P004,S04,23,185456.75,1,0
2022-04-17,P004,S05,12,102000.0,0,0
2022-04-17,P004,S06,9,76500.0,0,0
2022-04-17,P005,S01,93,166252.37,1,0
2022-04-17,P005,S02,52,114400.0,0,0
2022-04-17,P005,S03,106,217761.71,1,0
2022-04-17,P005,S04,41,90200.0,0,0
2022-04-17,P005,S05,71,118900.84,1,0
2022-04-17,P005,S06,36,79200.0,0,0
2022-04-18,P001,S01,32,144000.0,0,0
2022-04-18,P001,S02,46,171406.65,1,0
2022-04-18,P001,S03,41,136244.21,1,0
2022-04-18,P001,S04,20,90000.0,0,0
2022-04-18,P001,S05,21,94500.0,0,0
2022-04-18,P001,S06,23,103500.0,0,0
2022-04-18,P002,S01,74,88800.0,0,0
2022-04-18,P002,S02,62,74400.0,0,0
2022-04-18,P002,S03,63,75600.0,0,0
2022-04-18,P002,S04,59,70800.0,0,0
2022-04-18,P002,S05,56,67200.0,0,0
2022-04-18,P002,S06,56,67200.0,0,0
2022-04-18,P003,S01,295,103250.0,0,0
2022-04-18,P003,S02,236,82600.0,0,0
2022-04-18,P003,S03,371,103750.93,1,0
2022-04-18,P003,S04,227,79450.0,0,0
2022-04-18,P003,S05,261,91350.0,0,0
2022-04-18,P003,S06,190,66500.0,0,0
2022-04-18,P004,S01,12,102000.0,0,0
2022-04-18,P004,S02,14,119000.0,0,0
2022-04-18,P004,S03,11,93500.0,0,0
2022-04-18,P004,S04,14,119000.0,0,0
2022-04-18,P004,S05,12,102000.0,0,0
2022-04-18,P004,S06,14,97676.04,1,0
2022-04-18,P005,S01,49,107800.0,0,0
2022-04-18,P005,S02,40,88000.0,0,0
2022-04-18,P005,S03,38,83600.0,0,0
2022-04-18,P005,S04,69,142504.02,1,0
2022-04-18,P005,S05,38,83600.0,0,0
2022-04-18,P005,S06,60,112079.26,1,0
2022-04-19,P001,S01,35,157500.0,0,0
2022-04-19,P001,S02,31,139500.0,0,0
2022-04-19,P001,S03,43,162502.91,1,0
2022-04-19,P001,S04,23,103500.0,0,0
2022-04-19,P001,S05,36,114739.13,1,0
2022-04-19,P001,S06,32,136608.37,1,0
2022-04-19,P002,S01,71,85200.0,0,0
2022-04-19,P002,S02,70,84000.0,0,0
2022-04-19,P002,S03,107,92784.37,1,0
2022-04-19,P002,S04,66,79200.0,0,0
2022-04-19,P002,S05,59,70800.0,0,0
2022-04-19,P002,S06,92,91879.11,1,0
2022-04-19,P003,S01,367,128450.0,0,0
2022-04-19,P003,S02,377,104258.84,1,0
2022-04-19,P003,S03,271,94850.0,0,0
2022-04-19,P003,S04,229,80150.0,0,0
2022-04-19,P003,S05,248,86800.0,0,0
2022-04-19,P003,S06,365,118326.73,1,0
2022-04-19,P004,S01,13,110500.0,0,0
2022-04-19,P004,S02,18,126201.89,1,0
2022-04-19,P004,S03,13,110500.0,0,0
2022-04-19,P004,S04,15,96066.45,1,0
2022-04-19,P004,S05,9,76500.0,0,0
2022-04-19,P004,S06,8,68000.0,0,0
2022-04-19,P005,S01,95,180082.34,1,0
2022-04-19,P005,S02,82,142225.13,1,0
2022-04-19,P005,S03,32,70400.0,0,0
2022-04-19,P005,S04,37,81400.0,0,0
2022-04-19,P005,S05,41,90200.0,0,0
2022-04-19,P005,S06,33,72600.0,0,0
2022-04-20,P001,S01,33,148500.0,0,0
2022-04-20,P001,S02,24,108000.0,0,0
2022-04-20,P001,S03,36,162000.0,0,0
2022-04-20,P001,S04,24,108000.0,0,0
2022-04-20,P001,S05,28,126000.0,0,0
2022-04-20,P001,S06,21,94500.0,0,0
2022-04-20,P002,S01,59,70800.0,0,0
2022-04-20,P002,S02,68,81600.0,0,0
2022-04-20,P002,S03,74,88800.0,0,0
2022-04-20,P002,S04,86,95570.62,1,0
2022-04-20,P002,S05,68,81600.0,0,0
2022-04-20,P002,S06,49,58800.0,0,0
2022-04-20,P003,S01,297,103950.0,0,0
2022-04-20,P003,S02,295,103250.0,0,0
2022-04-20,P003,S03,254,88900.0,0,0
2022-04-20,P003,S04,197,68950.0,0,0
2022-04-20,P003,S05,267,93450.0,0,0
2022-04-20,P003,S06,221,77350.0,0,0
2022-04-20,P004,S01,19,113278.38,1,0
2022-04-20,P004,S02,12,102000.0,0,0
2022-04-20,P004,S03,14,119000.0,0,0
2022-04-20,P004,S04,9,76500.0,0,0
2022-04-20,P004,S05,17,101999.35,1,0
2022-04-20,P004,S06,20,145628.74,1,0
2022-04-20,P005,S01,89,159910.15,1,0
2022-04-20,P005,S02,64,99108.33,1,0
2022-04-20,P005,S03,49,107800.0,0,0
2022-04-20,P005,S04,39,85800.0,0,0
2022-04-20,P005,S05,48,105600.0,0,0
2022-04-20,P005,S06,30,66000.0,0,0
2022-04-21,P001,S01,36,162000.0,0,0
2022-04-21,P001,S02,32,144000.0,0,0
2022-04-21,P001,S03,30,135000.0,0,0
2022-04-21,P001,S04,22,99000.0,0,0
2022-04-21,P001,S05,19,85500.0,0,0
2022-04-21,P001,S06,20,90000.0,0,0
2022-04-21,P002,S01,77,92400.0,0,0
2022-04-21,P002,S02,57,68400.0,0,0
2022-04-21,P002,S03,65,78000.0,0,0
2022-04-21,P002,S04,114,97974.47,1,0
2022-04-21,P002,S05,62,74400.0,0,0
2022-04-21,P002,S06,55,66000.0,0,0
2022-04-21,P003,S01,234,81900.0,0,0
2022-04-21,P003,S02,484,121726.97,1,0
2022-04-21,P003,S03,225,78750.0,0,0
2022-04-21,P003,S04,243,85050.0,0,0
2022-04-21,P003,S05,253,88550.0,0,0
2022-04-21,P003,S06,232,81200.0,0,0
2022-04-21,P004,S01,17,119231.66,1,0
2022-04-21,P004,S02,13,110500.0,0,0
2022-04-21,P004,S03,12,102000.0,0,0
2022-04-21,P004,S04,16,105729.79,1,0
2022-04-21,P004,S05,11,93500.0,0,0
2022-04-21,P004,S06,8,68000.0,0,0
2022-04-21,P005,S01,47,103400.0,0,0
2022-04-21,P005,S02,71,126042.76,1,0
2022-04-21,P005,S03,37,81400.0,0,0
2022-04-21,P005,S04,62,111685.6,1,0
2022-04-21,P005,S05,39,85800.0,0,0
2022-04-21,P005,S06,32,70400.0,0,0
2022-04-22,P001,S01,29,130500.0,0,0
2022-04-22,P001,S02,29,130500.0,0,0
2022-04-22,P001,S03,28,126000.0,0,0
2022-04-22,P001,S04,19,85500.0,0,0
2022-04-22,P001,S05,25,112500.0,0,0
2022-04-22,P001,S06,21,94500.0,0,0
2022-04-22,P002,S01,121,102713.29,1,0
2022-04-22,P002,S02,74,88800.0,0,0
2022-04-22,P002,S03,68,81600.0,0,0
2022-04-22,P002,S04,64,76800.0,0,0
2022-04-22,P002,S05,46,55200.0,0,0
2022-04-22,P002,S06,65,78000.0,0,0
2022-04-22,P003,S01,464,136576.26,1,0
2022-04-22,P003,S02,263,92050.0,0,0
2022-04-22,P003,S03,386,120762.97,1,0
2022-04-22,P003,S04,343,109139.96,1,0
2022-04-22,P003,S05,480,119693.96,1,0
2022-04-22,P003,S06,248,86800.0,0,0
2022-04-22,P004,S01,14,119000.0,0,0
2022-04-22,P004,S02,12,102000.0,0,0
2022-04-22,P004,S03,22,177282.33,1,0
2022-04-22,P004,S04,10,85000.0,0,0
2022-04-22,P004,S05,11,93500.0,0,0
2022-04-22,P004,S06,7,59500.0,0,0
2022-04-22,P005,S01,61,134200.0,0,0
2022-04-22,P005,S02,42,92400.0,0,0
2022-04-22,P005,S03,48,105600.0,0,0
2022-04-22,P005,S04,62,110459.28,1,0
2022-04-22,P005,S05,44,96800.0,0,0
2022-04-22,P005,S06,36,79200.0,0,0
2022-04-23,P001,S01,60,222498.78,1,0
2022-04-23,P001,S02,35,157500.0,0,0
2022-04-23,P001,S03,27,121500.0,0,0
2022-04-23,P001,S04,32,113006.33,1,0
2022-04-23,P001,S05,26,117000.0,0,0
2022-04-23,P001,S06,42,175353.64,1,0
2022-04-23,P002,S01,166,177133.27,1,0
2022-04-23,P002,S02,74,88800.0,0,0
2022-04-23,P002,S03,74,88800.0,0,0
2022-04-23,P002,S04,106,99137.43,1,0
2022-04-23,P002,S05,68,81600.0,0,0
2022-04-23,P002,S06,69,82800.0,0,0
2022-04-23,P003,S01,255,89250.0,0,0
2022-04-23,P003,S02,512,154179.32,1,0
2022-04-23,P003,S03,267,93450.0,0,0
2022-04-23,P003,S04,236,82600.0,0,0
2022-04-23,P003,S05,496,162340.22,1,0
2022-04-23,P003,S06,262,91700.0,0,0
2022-04-23,P004,S01,12,102000.0,0,0
2022-04-23,P004,S02,13,110500.0,0,0
2022-04-23,P004,S03,14,119000.0,0,0
2022-04-23,P004,S04,19,142317.15,1,0
2022-04-23,P004,S05,22,139275.67,1,0
2022-04-23,P004,S06,12,102000.0,0,0
2022-04-23,P005,S01,74,145074.77,1,0
2022-04-23,P005,S02,96,159162.67,1,0
2022-04-23,P005,S03,55,121000.0,0,0
2022-04-23,P005,S04,45,99000.0,0,0
2022-04-23,P005,S05,73,124802.93,1,0
2022-04-23,P005,S06,40,88000.0,0,0
2022-04-24,P001,S01,32,144000.0,0,0
2022-04-24,P001,S02,48,192059.7,1,0
2022-04-24,P001,S03,33,148500.0,0,0
2022-04-24,P001,S04,24,108000.0,0,0
2022-04-24,P001,S05,26,117000.0,0,0
2022-04-24,P001,S06,44,181449.86,1,0
2022-04-24,P002,S01,108,129600.0,0,0
2022-04-24,P002,S02,92,110400.0,0,0
2022-04-24,P002,S03,81,97200.0,0,0
2022-04-24,P002,S04,57,68400.0,0,0
2022-04-24,P002,S05,112,117424.73,1,0
2022-04-24,P002,S06,55,66000.0,0,0
2022-04-24,P003,S01,364,127400.0,0,0
2022-04-24,P003,S02,342,119700.0,0,0
2022-04-24,P003,S03,277,96950.0,0,0
2022-04-24,P003,S04,342,119700.0,0,0
2022-04-24,P003,S05,292,102200.0,0,0
2022-04-24,P003,S06,169,59150.0,0,0
2022-04-24,P004,S01,16,136000.0,0,0
2022-04-24,P004,S02,14,119000.0,0,0
2022-04-24,P004,S03,13,110500.0,0,0
2022-04-24,P004,S04,12,102000.0,0,0
2022-04-24,P004,S05,17,130297.68,1,0
2022-04-24,P004,S06,10,85000.0,0,0
2022-04-24,P005,S01,64,140800.0,0,0
2022-04-24,P005,S02,51,112200.0,0,0
2022-04-24,P005,S03,79,133975.36,1,0
2022-04-24,P005,S04,34,74800.0,0,0
2022-04-24,P005,S05,44,96800.0,0,0
2022-04-24,P005,S06,35,77000.0,0,0
2022-04-25,P001,S01,27,121500.0,0,0
2022-04-25,P001,S02,27,121500.0,0,0
2022-04-25,P001,S03,23,103500.0,0,0
2022-04-25,P001,S04,22,99000.0,0,0
2022-04-25,P001,S05,31,108822.53,1,0
2022-04-25,P001,S06,23,103500.0,0,0
2022-04-25,P002,S01,79,94800.0,0,0
2022-04-25,P002,S02,98,108445.65,1,0
2022-04-25,P002,S03,58,69600.0,0,0
2022-04-25,P002,S04,60,72000.0,0,0
2022-04-25,P002,S05,62,74400.0,0,0
2022-04-25,P002,S06,49,58800.0,0,0
2022-04-25,P003,S01,305,106750.0,0,0
2022-04-25,P003,S02,508,138541.49,1,0
2022-04-25,P003,S03,272,95200.0,0,0
2022-04-25,P003,S04,240,84000.0,0,0
2022-04-25,P003,S05,217,75950.0,0,0
2022-04-25,P003,S06,266,76668.83,1,0
2022-04-25,P004,S01,12,102000.0,0,0
2022-04-25,P004,S02,12,102000.0,0,0
2022-04-25,P004,S03,12,102000.0,0,0
2022-04-25,P004,S04,9,76500.0,0,0
2022-04-25,P004,S05,11,93500.0,0,0
2022-04-25,P004,S06,8,68000.0,0,0
2022-04-25,P005,S01,56,123200.0,0,0
2022-04-25,P005,S02,44,96800.0,0,0
2022-04-25,P005,S03,44,96800.0,0,0
2022-04-25,P005,S04,51,112200.0,0,0
2022-04-25,P005,S05,31,68200.0,0,0
2022-04-25,P005,S06,39,85800.0,0,0
2022-04-26,P001,S01,27,121500.0,0,0
2022-04-26,P001,S02,26,117000.0,0,0
2022-04-26,P001,S03,24,108000.0,0,0
2022-04-26,P001,S04,23,103500.0,0,0
2022-04-26,P001,S05,20,90000.0,0,0
2022-04-26,P001,S06,22,99000.0,0,0
2022-04-26,P002,S01,58,69600.0,0,0
2022-04-26,P002,S02,88,105600.0,0,0
2022-04-26,P002,S03,66,79200.0,0,0
2022-04-26,P002,S04,93,92964.27,1,0
2022-04-26,P002,S05,63,75600.0,0,0
2022-04-26,P002,S06,58,69600.0,0,0
2022-04-26,P003,S01,269,94150.0,0,0
2022-04-26,P003,S02,301,105350.0,0,0
2022-04-26,P003,S03,259,90650.0,0,0
2022-04-26,P003,S04,265,92750.0,0,0
2022-04-26,P003,S05,241,84350.0,0,0
2022-04-26,P003,S06,192,67200.0,0,0
2022-04-26,P004,S01,15,127500.0,0,0
2022-04-26,P004,S02,12,102000.0,0,0
2022-04-26,P004,S03,11,93500.0,0,0
2022-04-26,P004,S04,10,85000.0,0,0
2022-04-26,P004,S05,10,85000.0,0,0
2022-04-26,P004,S06,9,76500.0,0,0
2022-04-26,P005,S01,76,141809.71,1,0
2022-04-26,P005,S02,73,150099.69,1,0
2022-04-26,P005,S03,40,88000.0,0,0
2022-04-26,P005,S04,44,96800.0,0,0
2022-04-26,P005,S05,38,83600.0,0,0
2022-04-26,P005,S06,36,79200.0,0,0
2022-04-27,P001,S01,29,130500.0,0,0
2022-04-27,P001,S02,31,139500.0,0,0
2022-04-27,P001,S03,27,121500.0,0,0
2022-04-27,P001,S04,20,90000.0,0,0
2022-04-27,P001,S05,42,143028.98,1,0
2022-04-27,P001,S06,20,90000.0,0,0
2022-04-27,P002,S01,70,84000.0,0,0
2022-04-27,P002,S02,75,90000.0,0,0
2022-04-27,P002,S03,64,76800.0,0,0
2022-04-27,P002,S04,84,75482.38,1,0
2022-04-27,P002,S05,66,79200.0,0,0
2022-04-27,P002,S06,81,77055.89,1,0
2022-04-27,P003,S01,540,140264.45,1,0
2022-04-27,P003,S02,271,94850.0,0,0
2022-04-27,P003,S03,292,102200.0,0,0
2022-04-27,P003,S04,256,89600.0,0,0
2022-04-27,P003,S05,223,78050.0,0,0
2022-04-27,P003,S06,176,61600.0,0,0
2022-04-27,P004,S01,16,136000.0,0,0
2022-04-27,P004,S02,12,102000.0,0,0
2022-04-27,P004,S03,23,146237.99,1,0
2022-04-27,P004,S04,8,68000.0,0,0
2022-04-27,P004,S05,10,85000.0,0,0
2022-04-27,P004,S06,9,76500.0,0,0
2022-04-27,P005,S01,56,123200.0,0,0
2022-04-27,P005,S02,68,128156.16,1,0
2022-04-27,P005,S03,38,83600.0,0,0
2022-04-27,P005,S04,61,97973.67,1,0
2022-04-27,P005,S05,43,94600.0,0,0
2022-04-27,P005,S06,32,70400.0,0,0
2022-04-28,P001,S01,31,139500.0,0,0
2022-04-28,P001,S02,24,108000.0,0,0
2022-04-28,P001,S03,33,148500.0,0,0
2022-04-28,P001,S04,21,94500.0,0,0
2022-04-28,P001,S05,25,112500.0,0,0
2022-04-28,P001,S06,33,105101.18,1,0
2022-04-28,P002,S01,80,96000.0,0,0
2022-04-28,P002,S02,74,88800.0,0,0
2022-04-28,P002,S03,54,64800.0,0,0
2022-04-28,P002,S04,48,57600.0,0,0
2022-04-28,P002,S05,70,84000.0,0,0
2022-04-28,P002,S06,87,90418.32,1,0
2022-04-28,P003,S01,325,113750.0,0,0
2022-04-28,P003,S02,227,79450.0,0,0
2022-04-28,P003,S03,191,66850.0,0,0
2022-04-28,P003,S04,215,75250.0,0,0
2022-04-28,P003,S05,338,109350.8,1,0
2022-04-28,P003,S06,213,74550.0,0,0
2022-04-28,P004,S01,15,127500.0,0,0
2022-04-28,P004,S02,12,102000.0,0,0
2022-04-28,P004,S03,11,93500.0,0,0
2022-04-28,P004,S04,10,85000.0,0,0
2022-04-28,P004,S05,9,76500.0,0,0
2022-04-28,P004,S06,10,85000.0,0,0
2022-04-28,P005,S01,78,153389.29,1,0
2022-04-28,P005,S02,84,153855.24,1,0
2022-04-28,P005,S03,46,101200.0,0,0
2022-04-28,P005,S04,36,79200.0,0,0
2022-04-28,P005,S05,73,130033.22,1,0
2022-04-28,P005,S06,33,72600.0,0,0
2022-04-29,P001,S01,39,175500.0,0,0
2022-04-29,P001,S02,47,168423.8,1,0
2022-04-29,P001,S03,28,126000.0,0,0
2022-04-29,P001,S04,24,108000.0,0,0
2022-04-29,P001,S05,33,134783.7,1,0
2022-04-29,P001,S06,23,103500.0,0,0
2022-04-29,P002,S01,74,88800.0,0,0
2022-04-29,P002,S02,137,127023.83,1,0
2022-04-29,P002,S03,77,92400.0,0,0
2022-04-29,P002,S04,58,69600.0,0,0
2022-04-29,P002,S05,65,78000.0,0,0
2022-04-29,P002,S06,52,62400.0,0,0
2022-04-29,P003,S01,317,110950.0,0,0
2022-04-29,P003,S02,438,133643.15,1,0
2022-04-29,P003,S03,272,95200.0,0,0
2022-04-29,P003,S04,255,89250.0,0,0
2022-04-29,P003,S05,258,90300.0,0,0
2022-04-29,P003,S06,159,55650.0,0,0
2022-04-29,P004,S01,11,93500.0,0,0
2022-04-29,P004,S02,15,127500.0,0,0
2022-04-29,P004,S03,20,148652.79,1,0
2022-04-29,P004,S04,9,76500.0,0,0
2022-04-29,P004,S05,12,102000.0,0,0
2022-04-29,P004,S06,7,59500.0,0,0
2022-04-29,P005,S01,57,125400.0,0,0
2022-04-29,P005,S02,46,101200.0,0,0
2022-04-29,P005,S03,73,145527.19,1,0
2022-04-29,P005,S04,41,90200.0,0,0
2022-04-29,P005,S05,73,130120.11,1,0
2022-04-29,P005,S06,30,66000.0,0,0
2022-04-30,P001,S01,46,183736.11,1,0
2022-04-30,P001,S02,57,208400.82,1,0
2022-04-30,P001,S03,54,213042.78,1,0
2022-04-30,P001,S04,22,99000.0,0,0
2022-04-30,P001,S05,41,142864.62,1,0
2022-04-30,P001,S06,36,123756.51,1,0
2022-04-30,P002,S01,118,121951.35,1,0
2022-04-30,P002,S02,119,129121.65,1,0
2022-04-30,P002,S03,101,95475.04,1,0
2022-04-30,P002,S04,71,85200.0,0,0
2022-04-30,P002,S05,75,90000.0,0,0
2022-04-30,P002,S06,72,86400.0,0,0
2022-04-30,P003,S01,495,133770.88,1,0
2022-04-30,P003,S02,329,115150.0,0,0
2022-04-30,P003,S03,565,148050.71,1,0
2022-04-30,P003,S04,242,84700.0,0,0
2022-04-30,P003,S05,295,103250.0,0,0
2022-04-30,P003,S06,209,73150.0,0,0
2022-04-30,P004,S01,15,127500.0,0,0
2022-04-30,P004,S02,17,144500.0,0,0
2022-04-30,P004,S03,13,110500.0,0,0
2022-04-30,P004,S04,18,124472.03,1,0
2022-04-30,P004,S05,17,135411.83,1,0
2022-04-30,P004,S06,11,93500.0,0,0
2022-04-30,P005,S01,65,143000.0,0,0
2022-04-30,P005,S02,65,143000.0,0,0
2022-04-30,P005,S03,70,116290.33,1,0
2022-04-30,P005,S04,50,110000.0,0,0
2022-04-30,P005,S05,45,99000.0,0,0
2022-04-30,P005,S06,37,81400.0,0,0
2022-05-01,P001,S01,67,268190.26,1,0
2022-05-01,P001,S02,42,189000.0,0,0
2022-05-01,P001,S03,56,191444.43,1,0
2022-05-01,P001,S04,44,180087.68,1,0
2022-05-01,P001,S05,22,99000.0,0,0
2022-05-01,P001,S06,42,147537.03,1,0
2022-05-01,P002,S01,102,122400.0,0,0
2022-05-01,P002,S02,94,112800.0,0,0
2022-05-01,P002,S03,95,114000.0,0,0
2022-05-01,P002,S04,74,88800.0,0,0
2022-05-01,P002,S05,95,114000.0,0,0
2022-05-01,P002,S06,63,75600.0,0,0
2022-05-01,P003,S01,370,129500.0,0,0
2022-05-01,P003,S02,381,133350.0,0,0
2022-05-01,P003,S03,324,113400.0,0,0
2022-05-01,P003,S04,588,155114.62,1,0
2022-05-01,P003,S05,291,101850.0,0,0
2022-05-01,P003,S06,254,88900.0,0,0
2022-05-01,P004,S01,20,170000.0,0,0
2022-05-01,P004,S02,19,161500.0,0,0
2022-05-01,P004,S03,16,136000.0,0,0
2022-05-01,P004,S04,16,136000.0,0,0
2022-05-01,P004,S05,12,102000.0,0,0
2022-05-01,P004,S06,11,93500.0,0,0
2022-05-01,P005,S01,68,149600.0,0,0
2022-05-01,P005,S02,90,162694.61,1,0
2022-05-01,P005,S03,61,134200.0,0,0
2022-05-01,P005,S04,52,114400.0,0,0
2022-05-01,P005,S05,57,125400.0,0,0
2022-05-01,P005,S06,63,113254.49,1,0
2022-05-02,P001,S01,34,153000.0,0,0
2022-05-02,P001,S02,44,152882.67,1,0
2022-05-02,P001,S03,46,144958.39,1,0
2022-05-02,P001,S04,31,139500.0,0,0
2022-05-02,P001,S05,22,99000.0,0,0
2022-05-02,P001,S06,23,103500.0,0,0
2022-05-02,P002,S01,90,108000.0,0,0
2022-05-02,P002,S02,109,95507.68,1,0
2022-05-02,P002,S03,80,96000.0,0,0
2022-05-02,P002,S04,64,76800.0,0,0
2022-05-02,P002,S05,63,75600.0,0,0
2022-05-02,P002,S06,52,62400.0,0,0
2022-05-02,P003,S01,337,117950.0,0,0
2022-05-02,P003,S02,336,117600.0,0,0
2022-05-02,P003,S03,328,114800.0,0,0
2022-05-02,P003,S04,278,97300.0,0,0
2022-05-02,P003,S05,269,94150.0,0,0
2022-05-02,P003,S06,220,77000.0,0,0
2022-05-02,P004,S01,14,119000.0,0,0
2022-05-02,P004,S02,16,136000.0,0,0
2022-05-02,P004,S03,9,76500.0,0,0
2022-05-02,P004,S04,11,93500.0,0,0
2022-05-02,P004,S05,10,85000.0,0,0
2022-05-02,P004,S06,13,110500.0,0,0
2022-05-02,P005,S01,49,107800.0,0,0
2022-05-02,P005,S02,53,116600.0,0,0
2022-05-02,P005,S03,46,101200.0,0,0
2022-05-02,P005,S04,42,92400.0,0,0
2022-05-02,P005,S05,46,101200.0,0,0
2022-05-02,P005,S06,38,83600.0,0,0
2022-05-03,P001,S01,42,189000.0,0,1
2022-05-03,P001,S02,82,262311.81,1,1
2022-05-03,P001,S03,85,313645.99,1,1
2022-05-03,P001,S04,40,180000.0,0,1
2022-05-03,P001,S05,56,194756.29,1,1
2022-05-03,P001,S06,32,144000.0,0,1
2022-05-03,P002,S01,114,136800.0,0,1
2022-05-03,P002,S02,172,161089.42,1,1
2022-05-03,P002,S03,98,117600.0,0,1
2022-05-03,P002,S04,177,178810.56,1,1
2022-05-03,P002,S05,136,127820.25,1,1
2022-05-03,P002,S06,87,104400.0,0,1
2022-05-03,P003,S01,620,217000.0,0,1
2022-05-03,P003,S02,385,134750.0,0,1
2022-05-03,P003,S03,462,161700.0,0,1
2022-05-03,P003,S04,384,134400.0,0,1
2022-05-03,P003,S05,448,156800.0,0,1
2022-05-03,P003,S06,589,146651.66,1,1
2022-05-03,P004,S01,17,144500.0,0,1
2022-05-03,P004,S02,20,170000.0,0,1
2022-05-03,P004,S03,29,174097.69,1,1
2022-05-03,P004,S04,18,153000.0,0,1
2022-05-03,P004,S05,21,178500.0,0,1
2022-05-03,P004,S06,23,150675.08,1,1
2022-05-03,P005,S01,102,174870.14,1,1
2022-05-03,P005,S02,116,235472.07,1,1
2022-05-03,P005,S03,145,291382.23,1,1
2022-05-03,P005,S04,58,127600.0,0,1
2022-05-03,P005,S05,59,129800.0,0,1
2022-05-03,P005,S06,82,162876.05,1,1
2022-05-04,P001,S01,30,135000.0,0,0
2022-05-04,P001,S02,31,139500.0,0,0
2022-05-04,P001,S03,31,139500.0,0,0
2022-05-04,P001,S04,29,130500.0,0,0
2022-05-04,P001,S05,31,139500.0,0,0
2022-05-04,P001,S06,25,112500.0,0,0
2022-05-04,P002,S01,73,87600.0,0,0
2022-05-04,P002,S02,82,98400.0,0,0
2022-05-04,P002,S03,75,90000.0,0,0
2022-05-04,P002,S04,59,70800.0,0,0
2022-05-04,P002,S05,53,63600.0,0,0
2022-05-04,P002,S06,99,107678.45,1,0
2022-05-04,P003,S01,677,181534.75,1,0
2022-05-04,P003,S02,262,91700.0,0,0
2022-05-04,P003,S03,469,135078.89,1,0
2022-05-04,P003,S04,285,99750.0,0,0
2022-05-04,P003,S05,308,107800.0,0,0
2022-05-04,P003,S06,376,122007.72,1,0
2022-05-04,P004,S01,15,127500.0,0,0
2022-05-04,P004,S02,12,102000.0,0,0
2022-05-04,P004,S03,14,119000.0,0,0
2022-05-04,P004,S04,11,93500.0,0,0
2022-05-04,P004,S05,9,76500.0,0,0
2022-05-04,P004,S06,20,126405.72,1,0
2022-05-04,P005,S01,56,123200.0,0,0
2022-05-04,P005,S02,56,123200.0,0,0
2022-05-04,P005,S03,77,139731.87,1,0
2022-05-04,P005,S04,53,116600.0,0,0
2022-05-04,P005,S05,47,103400.0,0,0
2022-05-04,P005,S06,47,103400.0,0,0
2022-05-05,P001,S01,57,213267.87,1,0
2022-05-05,P001,S02,39,175500.0,0,0
2022-05-05,P001,S03,30,135000.0,0,0
2022-05-05,P001,S04,28,126000.0,0,0
2022-05-05,P001,S05,41,149388.85,1,0
2022-05-05,P001,S06,39,158584.0,1,0
2022-05-05,P002,S01,75,90000.0,0,0
2022-05-05,P002,S02,124,128227.85,1,0
2022-05-05,P002,S03,134,136380.48,1,0
2022-05-05,P002,S04,104,99705.73,1,0
2022-05-05,P002,S05,119,104860.02,1,0
2022-05-05,P002,S06,55,66000.0,0,0
2022-05-05,P003,S01,296,103600.0,0,0
2022-05-05,P003,S02,662,188163.12,1,0
2022-05-05,P003,S03,296,103600.0,0,0
2022-05-05,P003,S04,259,90650.0,0,0
2022-05-05,P003,S05,302,105700.0,0,0
2022-05-05,P003,S06,230,80500.0,0,0
2022-05-05,P004,S01,17,144500.0,0,0
2022-05-05,P004,S02,13,110500.0,0,0
2022-05-05,P004,S03,24,188455.29,1,0
2022-05-05,P004,S04,13,110500.0,0,0
2022-05-05,P004,S05,10,85000.0,0,0
2022-05-05,P004,S06,11,93500.0,0,0
2022-05-05,P005,S01,52,114400.0,0,0
2022-05-05,P005,S02,59,129800.0,0,0
2022-05-05,P005,S03,47,103400.0,0,0
2022-05-05,P005,S04,43,89031.68,1,0
2022-05-05,P005,S05,47,103400.0,0,0
2022-05-05,P005,S06,42,92400.0,0,0
2022-05-06,P001,S01,55,192018.94,1,0
2022-05-06,P001,S02,29,130500.0,0,0
2022-05-06,P001,S03,28,126000.0,0,0
2022-05-06,P001,S04,34,139740.51,1,0
2022-05-06,P001,S05,45,166113.01,1,0
2022-05-06,P001,S06,28,126000.0,0,0
2022-05-06,P002,S01,77,92400.0,0,0
2022-05-06,P002,S02,87,104400.0,0,0
2022-05-06,P002,S03,81,97200.0,0,0
2022-05-06,P002,S04,103,104006.73,1,0
2022-05-06,P002,S05,62,74400.0,0,0
2022-05-06,P002,S06,49,58800.0,0,0
2022-05-06,P003,S01,297,103950.0,0,0
2022-05-06,P003,S02,288,100800.0,0,0
2022-05-06,P003,S03,265,92750.0,0,0
2022-05-06,P003,S04,376,115409.04,1,0
2022-05-06,P003,S05,257,89950.0,0,0
2022-05-06,P003,S06,281,98350.0,0,0
2022-05-06,P004,S01,19,161500.0,0,0
2022-05-06,P004,S02,14,119000.0,0,0
2022-05-06,P004,S03,20,135390.93,1,0
2022-05-06,P004,S04,12,102000.0,0,0
2022-05-06,P004,S05,17,131668.36,1,0
2022-05-06,P004,S06,11,93500.0,0,0
2022-05-06,P005,S01,56,123200.0,0,0
2022-05-06,P005,S02,66,145200.0,0,0
2022-05-06,P005,S03,109,188781.36,1,0
2022-05-06,P005,S04,56,95698.67,1,0
2022-05-06,P005,S05,74,151642.15,1,0
2022-05-06,P005,S06,71,147019.89,1,0
2022-05-07,P001,S01,42,189000.0,0,0
2022-05-07,P001,S02,58,232390.28,1,0
2022-05-07,P001,S03,33,148500.0,0,0
2022-05-07,P001,S04,49,206685.93,1,0
2022-05-07,P001,S05,49,166014.03,1,0
2022-05-07,P001,S06,24,108000.0,0,0
2022-05-07,P002,S01,89,106800.0,0,0
2022-05-07,P002,S02,104,124800.0,0,0
2022-05-07,P002,S03,135,117524.99,1,0
2022-05-07,P002,S04,75,90000.0,0,0
2022-05-07,P002,S05,141,123782.68,1,0
2022-05-07,P002,S06,58,69600.0,0,0
2022-05-07,P003,S01,317,110950.0,0,0
2022-05-07,P003,S02,648,210827.2,1,0
2022-05-07,P003,S03,687,219237.96,1,0
2022-05-07,P003,S04,243,85050.0,0,0
2022-05-07,P003,S05,277,96950.0,0,0
2022-05-07,P003,S06,494,141810.27,1,0
2022-05-07,P004,S01,21,178500.0,0,0
2022-05-07,P004,S02,25,200454.31,1,0
2022-05-07,P004,S03,22,145161.16,1,0
2022-05-07,P004,S04,20,119509.04,1,0
2022-05-07,P004,S05,13,110500.0,0,0
2022-05-07,P004,S06,12,102000.0,0,0
2022-05-07,P005,S01,103,187683.23,1,0
2022-05-07,P005,S02,57,125400.0,0,0
2022-05-07,P005,S03,48,105600.0,0,0
2022-05-07,P005,S04,76,144075.13,1,0
2022-05-07,P005,S05,59,129800.0,0,0
2022-05-07,P005,S06,35,77000.0,0,0
2022-05-08,P001,S01,70,228494.41,1,0
2022-05-08,P001,S02,60,207656.25,1,0
2022-05-08,P001,S03,36,162000.0,0,0
2022-05-08,P001,S04,38,131358.41,1,0
2022-05-08,P001,S05,47,174549.02,1,0
2022-05-08,P001,S06,25,112500.0,0,0
2022-05-08,P002,S01,180,182094.85,1,0
2022-05-08,P002,S02,94,112800.0,0,0
2022-05-08,P002,S03,130,137420.21,1,0
2022-05-08,P002,S04,117,103189.7,1,0
2022-05-08,P002,S05,133,123549.25,1,0
2022-05-08,P002,S06,132,112421.66,1,0
2022-05-08,P003,S01,354,123900.0,0,0
2022-05-08,P003,S02,352,123200.0,0,0
2022-05-08,P003,S03,386,135100.0,0,0
2022-05-08,P003,S04,312,109200.0,0,0
2022-05-08,P003,S05,329,115150.0,0,0
2022-05-08,P003,S06,234,81900.0,0,0
2022-05-08,P004,S01,29,193232.32,1,0
2022-05-08,P004,S02,14,119000.0,0,0
2022-05-08,P004,S03,12,102000.0,0,0
2022-05-08,P004,S04,10,85000.0,0,0
2022-05-08,P004,S05,27,193769.07,1,0
2022-05-08,P004,S06,11,93500.0,0,0
2022-05-08,P005,S01,94,176779.83,1,0
2022-05-08,P005,S02,67,147400.0,0,0
2022-05-08,P005,S03,73,142032.63,1,0
2022-05-08,P005,S04,77,156646.63,1,0
2022-05-08,P005,S05,52,114400.0,0,0
2022-05-08,P005,S06,75,135187.16,1,0
2022-05-09,P001,S01,32,144000.0,0,0
2022-05-09,P001,S02,30,135000.0,0,0
2022-05-09,P001,S03,33,148500.0,0,0
2022-05-09,P001,S04,28,126000.0,0,0
2022-05-09,P001,S05,21,94500.0,0,0
2022-05-09,P001,S06,20,90000.0,0,0
2022-05-09,P002,S01,81,97200.0,0,0
2022-05-09,P002,S02,74,88800.0,0,0
2022-05-09,P002,S03,66,79200.0,0,0
2022-05-09,P002,S04,62,74400.0,0,0
2022-05-09,P002,S05,75,90000.0,0,0
2022-05-09,P002,S06,53,63600.0,0,0
2022-05-09,P003,S01,351,122850.0,0,0
2022-05-09,P003,S02,360,126000.0,0,0
2022-05-09,P003,S03,281,98350.0,0,0
2022-05-09,P003,S04,384,94277.72,1,0
2022-05-09,P003,S05,274,95900.0,0,0
2022-05-09,P003,S06,208,72800.0,0,0
2022-05-09,P004,S01,17,144500.0,0,0
2022-05-09,P004,S02,13,110500.0,0,0
2022-05-09,P004,S03,11,93500.0,0,0
2022-05-09,P004,S04,12,102000.0,0,0
2022-05-09,P004,S05,11,93500.0,0,0
2022-05-09,P004,S06,12,102000.0,0,0
2022-05-09,P005,S01,56,123200.0,0,0
2022-05-09,P005,S02,47,103400.0,0,0
2022-05-09,P005,S03,51,112200.0,0,0
2022-05-09,P005,S04,47,103400.0,0,0
2022-05-09,P005,S05,35,77000.0,0,0
2022-05-09,P005,S06,44,96800.0,0,0
2022-05-10,P001,S01,35,157500.0,0,0
2022-05-10,P001,S02,35,157500.0,0,0
2022-05-10,P001,S03,26,117000.0,0,0
2022-05-10,P001,S04,46,178467.31,1,0
2022-05-10,P001,S05,21,94500.0,0,0
2022-05-10,P001,S06,21,94500.0,0,0
2022-05-10,P002,S01,95,114000.0,0,0
2022-05-10,P002,S02,148,166406.56,1,0
2022-05-10,P002,S03,63,75600.0,0,0
2022-05-10,P002,S04,53,63600.0,0,0
2022-05-10,P002,S05,113,100464.19,1,0
2022-05-10,P002,S06,44,52800.0,0,0
2022-05-10,P003,S01,315,110250.0,0,0
2022-05-10,P003,S02,309,108150.0,0,0
2022-05-10,P003,S03,310,108500.0,0,0
2022-05-10,P003,S04,345,120750.0,0,0
2022-05-10,P003,S05,453,125979.36,1,0
2022-05-10,P003,S06,196,68600.0,0,0
2022-05-10,P004,S01,17,144500.0,0,0
2022-05-10,P004,S02,15,127500.0,0,0
2022-05-10,P004,S03,23,140008.55,1,0
2022-05-10,P004,S04,11,93500.0,0,0
2022-05-10,P004,S05,12,102000.0,0,0
2022-05-10,P004,S06,9,76500.0,0,0
2022-05-10,P005,S01,108,225626.68,1,0
2022-05-10,P005,S02,57,125400.0,0,0
2022-05-10,P005,S03,46,101200.0,0,0
2022-05-10,P005,S04,43,94600.0,0,0
2022-05-10,P005,S05,47,103400.0,0,0
2022-05-10,P005,S06,37,81400.0,0,0
2022-05-11,P001,S01,60,211330.75,1,0
2022-05-11,P001,S02,33,148500.0,0,0
2022-05-11,P001,S03,31,139500.0,0,0
2022-05-11,P001,S04,28,126000.0,0,0
2022-05-11,P001,S05,27,121500.0,0,0
2022-05-11,P001,S06,44,146381.23,1,0
2022-05-11,P002,S01,96,115200.0,0,0
2022-05-11,P002,S02,82,98400.0,0,0
2022-05-11,P002,S03,67,80400.0,0,0
2022-05-11,P002,S04,63,75600.0,0,0
2022-05-11,P002,S05,63,75600.0,0,0
2022-05-11,P002,S06,55,66000.0,0,0
2022-05-11,P003,S01,615,193159.24,1,0
2022-05-11,P003,S02,271,94850.0,0,0
2022-05-11,P003,S03,303,106050.0,0,0
2022-05-11,P003,S04,452,114162.04,1,0
2022-05-11,P003,S05,239,83650.0,0,0
2022-05-11,P003,S06,240,84000.0,0,0
2022-05-11,P004,S01,24,190832.94,1,0
2022-05-11,P004,S02,15,127500.0,0,0
2022-05-11,P004,S03,14,119000.0,0,0
2022-05-11,P004,S04,10,85000.0,0,0
2022-05-11,P004,S05,13,110500.0,0,0
2022-05-11,P004,S06,12,102000.0,0,0
2022-05-11,P005,S01,62,136400.0,0,0
2022-05-11,P005,S02,45,99000.0,0,0
2022-05-11,P005,S03,50,110000.0,0,0
2022-05-11,P005,S04,40,88000.0,0,0
2022-05-11,P005,S05,68,118924.18,1,0
2022-05-11,P005,S06,42,92400.0,0,0
2022-05-12,P001,S01,41,184500.0,0,0
2022-05-12,P001,S02,51,172359.96,1,0
2022-05-12,P001,S03,28,126000.0,0,0
2022-05-12,P001,S04,42,163361.66,1,0
2022-05-12,P001,S05,31,139500.0,0,0
2022-05-12,P001,S06,23,103500.0,0,0
2022-05-12,P002,S01,65,78000.0,0,0
2022-05-12,P002,S02,65,78000.0,0,0
2022-05-12,P002,S03,82,98400.0,0,0
2022-05-12,P002,S04,70,84000.0,0,0
2022-05-12,P002,S05,84,100800.0,0,0
2022-05-12,P002,S06,51,61200.0,0,0
2022-05-12,P003,S01,285,99750.0,0,0
2022-05-12,P003,S02,269,94150.0,0,0
2022-05-12,P003,S03,274,95900.0,0,0
2022-05-12,P003,S04,261,91350.0,0,0
2022-05-12,P003,S05,269,94150.0,0,0
2022-05-12,P003,S06,205,71750.0,0,0
2022-05-12,P004,S01,18,153000.0,0,0
2022-05-12,P004,S02,14,119000.0,0,0
2022-05-12,P004,S03,20,143166.08,1,0
2022-05-12,P004,S04,14,119000.0,0,0
2022-05-12,P004,S05,19,113364.94,1,0
2022-05-12,P004,S06,10,85000.0,0,0
2022-05-12,P005,S01,62,136400.0,0,0
2022-05-12,P005,S02,71,118954.7,1,0
2022-05-12,P005,S03,46,101200.0,0,0
2022-05-12,P005,S04,53,116600.0,0,0
2022-05-12,P005,S05,49,107800.0,0,0
2022-05-12,P005,S06,36,79200.0,0,0
2022-05-13,P001,S01,53,198626.45,1,0
2022-05-13,P001,S02,29,130500.0,0,0
2022-05-13,P001,S03,32,144000.0,0,0
2022-05-13,P001,S04,23,103500.0,0,0
2022-05-13,P001,S05,26,117000.0,0,0
2022-05-13,P001,S06,30,135000.0,0,0
2022-05-13,P002,S01,125,112323.48,1,0
2022-05-13,P002,S02,61,73200.0,0,0
2022-05-13,P002,S03,70,84000.0,0,0
2022-05-13,P002,S04,65,78000.0,0,0
2022-05-13,P002,S05,67,80400.0,0,0
2022-05-13,P002,S06,54,64800.0,0,0
2022-05-13,P003,S01,330,115500.0,0,0
2022-05-13,P003,S02,551,135044.71,1,0
2022-05-13,P003,S03,305,106750.0,0,0
2022-05-13,P003,S04,264,92400.0,0,0
2022-05-13,P003,S05,281,98350.0,0,0
2022-05-13,P003,S06,240,84000.0,0,0
2022-05-13,P004,S01,24,161897.44,1,0
2022-05-13,P004,S02,25,184960.89,1,0
2022-05-13,P004,S03,11,93500.0,0,0
2022-05-13,P004,S04,13,110500.0,0,0
2022-05-13,P004,S05,11,93500.0,0,0
2022-05-13,P004,S06,10,85000.0,0,0
2022-05-13,P005,S01,55,121000.0,0,0
2022-05-13,P005,S02,78,159183.19,1,0
2022-05-13,P005,S03,43,94600.0,0,0
2022-05-13,P005,S04,43,94600.0,0,0
2022-05-13,P005,S05,58,97696.91,1,0
2022-05-13,P005,S06,37,81400.0,0,0
2022-05-14,P001,S01,72,229675.11,1,0
2022-05-14,P001,S02,34,153000.0,0,0
2022-05-14,P001,S03,32,144000.0,0,0
2022-05-14,P001,S04,34,153000.0,0,0
2022-05-14,P001,S05,53,203174.91,1,0
2022-05-14,P001,S06,25,112500.0,0,0
2022-05-14,P002,S01,96,115200.0,0,0
2022-05-14,P002,S02,157,175541.57,1,0
2022-05-14,P002,S03,81,97200.0,0,0
2022-05-14,P002,S04,76,91200.0,0,0
2022-05-14,P002,S05,92,110400.0,0,0
2022-05-14,P002,S06,64,76800.0,0,0
2022-05-14,P003,S01,445,155750.0,0,0
2022-05-14,P003,S02,418,146300.0,0,0
2022-05-14,P003,S03,601,198920.22,1,0
2022-05-14,P003,S04,323,113050.0,0,0
2022-05-14,P003,S05,308,107800.0,0,0
2022-05-14,P003,S06,226,79100.0,0,0
2022-05-14,P004,S01,19,161500.0,0,0
2022-05-14,P004,S02,19,161500.0,0,0
2022-05-14,P004,S03,21,139949.95,1,0
2022-05-14,P004,S04,12,102000.0,0,0
2022-05-14,P004,S05,20,127468.43,1,0
2022-05-14,P004,S06,12,102000.0,0,0
2022-05-14,P005,S01,65,143000.0,0,0
2022-05-14,P005,S02,63,138600.0,0,0
2022-05-14,P005,S03,61,134200.0,0,0
2022-05-14,P005,S04,48,105600.0,0,0
2022-05-14,P005,S05,88,140473.74,1,0
2022-05-14,P005,S06,56,123200.0,0,0
2022-05-15,P001,S01,31,139500.0,0,0
2022-05-15,P001,S02,37,166500.0,0,0
2022-05-15,P001,S03,62,214881.78,1,0
2022-05-15,P001,S04,54,202522.78,1,0
2022-05-15,P001,S05,50,179295.29,1,0
2022-05-15,P001,S06,26,117000.0,0,0
2022-05-15,P002,S01,86,103200.0,0,0
2022-05-15,P002,S02,92,110400.0,0,0
2022-05-15,P002,S03,154,138159.65,1,0
2022-05-15,P002,S04,77,92400.0,0,0
2022-05-15,P002,S05,120,130538.25,1,0
2022-05-15,P002,S06,105,99097.51,1,0
2022-05-15,P003,S01,462,138149.14,1,0
2022-05-15,P003,S02,589,188311.43,1,0
2022-05-15,P003,S03,309,108150.0,0,0
2022-05-15,P003,S04,266,93100.0,0,0
2022-05-15,P003,S05,306,107100.0,0,0
2022-05-15,P003,S06,418,126852.64,1,0
2022-05-15,P004,S01,15,127500.0,0,0
2022-05-15,P004,S02,15,127500.0,0,0
2022-05-15,P004,S03,12,102000.0,0,0
2022-05-15,P004,S04,14,119000.0,0,0
2022-05-15,P004,S05,15,127500.0,0,0
2022-05-15,P004,S06,19,152901.43,1,0
2022-05-15,P005,S01,64,140800.0,0,0
2022-05-15,P005,S02,55,121000.0,0,0
2022-05-15,P005,S03,56,123200.0,0,0
2022-05-15,P005,S04,81,126087.01,1,0
2022-05-15,P005,S05,53,116600.0,0,0
2022-05-15,P005,S06,52,114400.0,0,0
2022-05-16,P001,S01,35,157500.0,0,0
2022-05-16,P001,S02,32,144000.0,0,0
2022-05-16,P001,S03,31,139500.0,0,0
2022-05-16,P001,S04,26,117000.0,0,0
2022-05-16,P001,S05,30,135000.0,0,0
2022-05-16,P001,S06,26,117000.0,0,0
2022-05-16,P002,S01,84,100800.0,0,0
2022-05-16,P002,S02,131,147511.26,1,0
2022-05-16,P002,S03,71,85200.0,0,0
2022-05-16,P002,S04,114,104804.36,1,0
2022-05-16,P002,S05,70,84000.0,0,0
2022-05-16,P002,S06,52,62400.0,0,0
2022-05-16,P003,S01,336,117600.0,0,0
2022-05-16,P003,S02,323,113050.0,0,0
2022-05-16,P003,S03,331,115850.0,0,0
2022-05-16,P003,S04,260,91000.0,0,0
2022-05-16,P003,S05,185,64750.0,0,0
2022-05-16,P003,S06,245,85750.0,0,0
2022-05-16,P004,S01,13,110500.0,0,0
2022-05-16,P004,S02,15,127500.0,0,0
2022-05-16,P004,S03,15,127500.0,0,0
2022-05-16,P004,S04,12,102000.0,0,0
2022-05-16,P004,S05,13,110500.0,0,0
2022-05-16,P004,S06,11,93500.0,0,0
2022-05-16,P005,S01,54,118800.0,0,0
2022-05-16,P005,S02,87,164484.76,1,0
2022-05-16,P005,S03,82,144869.17,1,0
2022-05-16,P005,S04,43,94600.0,0,0
2022-05-16,P005,S05,51,112200.0,0,0
2022-05-16,P005,S06,53,96502.48,1,0
2022-05-17,P001,S01,40,180000.0,0,0
2022-05-17,P001,S02,20,90000.0,0,0
2022-05-17,P001,S03,29,130500.0,0,0
2022-05-17,P001,S04,44,180384.59,1,0
2022-05-17,P001,S05,27,121500.0,0,0
2022-05-17,P001,S06,19,85500.0,0,0
2022-05-17,P002,S01,105,126000.0,0,0
2022-05-17,P002,S02,74,88800.0,0,0
2022-05-17,P002,S03,94,112800.0,0,0
2022-05-17,P002,S04,58,69600.0,0,0
2022-05-17,P002,S05,63,75600.0,0,0
2022-05-17,P002,S06,55,66000.0,0,0
2022-05-17,P003,S01,509,161139.0,1,0
2022-05-17,P003,S02,519,133161.21,1,0
2022-05-17,P003,S03,280,98000.0,0,0
2022-05-17,P003,S04,235,82250.0,0,0
2022-05-17,P003,S05,247,86450.0,0,0
2022-05-17,P003,S06,198,69300.0,0,0
2022-05-17,P004,S01,16,136000.0,0,0
2022-05-17,P004,S02,26,189163.69,1,0
2022-05-17,P004,S03,15,127500.0,0,0
2022-05-17,P004,S04,11,93500.0,0,0
2022-05-17,P004,S05,10,85000.0,0,0
2022-05-17,P004,S06,11,93500.0,0,0
2022-05-17,P005,S01,58,127600.0,0,0
2022-05-17,P005,S02,53,116600.0,0,0
2022-05-17,P005,S03,50,110000.0,0,0
2022-05-17,P005,S04,41,90200.0,0,0
2022-05-17,P005,S05,45,99000.0,0,0
2022-05-17,P005,S06,42,92400.0,0,0
2022-05-18,P001,S01,36,162000.0,0,0
2022-05-18,P001,S02,35,157500.0,0,0
2022-05-18,P001,S03,29,130500.0,0,0
2022-05-18,P001,S04,40,170181.18,1,0
2022-05-18,P001,S05,27,121500.0,0,0
2022-05-18,P001,S06,27,121500.0,0,0
2022-05-18,P002,S01,116,109027.96,1,0
2022-05-18,P002,S02,80,96000.0,0,0
2022-05-18,P002,S03,64,76800.0,0,0
2022-05-18,P002,S04,67,80400.0,0,0
2022-05-18,P002,S05,75,90000.0,0,0
2022-05-18,P002,S06,52,62400.0,0,0
2022-05-18,P003,S01,312,109200.0,0,0
2022-05-18,P003,S02,563,175018.11,1,0
2022-05-18,P003,S03,318,111300.0,0,0
2022-05-18,P003,S04,446,125002.55,1,0
2022-05-18,P003,S05,288,100800.0,0,0
2022-05-18,P003,S06,247,86450.0,0,0
2022-05-18,P004,S01,30,190606.86,1,0
2022-05-18,P004,S02,13,110500.0,0,0
2022-05-18,P004,S03,13,110500.0,0,0
2022-05-18,P004,S04,9,76500.0,0,0
2022-05-18,P004,S05,12,102000.0,0,0
2022-05-18,P004,S06,9,76500.0,0,0
2022-05-18,P005,S01,49,107800.0,0,0
2022-05-18,P005,S02,50,110000.0,0,0
2022-05-18,P005,S03,46,101200.0,0,0
2022-05-18,P005,S04,49,107800.0,0,0
2022-05-18,P005,S05,45,99000.0,0,0
2022-05-18,P005,S06,37,81400.0,0,0
2022-05-19,P001,S01,51,206399.56,1,0
2022-05-19,P001,S02,28,126000.0,0,0
2022-05-19,P001,S03,33,148500.0,0,0
2022-05-19,P001,S04,44,155631.96,1,0
2022-05-19,P001,S05,44,160434.07,1,0
2022-05-19,P001,S06,27,121500.0,0,0
2022-05-19,P002,S01,77,92400.0,0,0
2022-05-19,P002,S02,71,85200.0,0,0
2022-05-19,P002,S03,106,103487.17,1,0
2022-05-19,P002,S04,68,81600.0,0,0
2022-05-19,P002,S05,116,118648.62,1,0
2022-05-19,P002,S06,58,69600.0,0,0
2022-05-19,P003,S01,323,113050.0,0,0
2022-05-19,P003,S02,321,112350.0,0,0
2022-05-19,P003,S03,232,81200.0,0,0
2022-05-19,P003,S04,266,93100.0,0,0
2022-05-19,P003,S05,315,110250.0,0,0
2022-05-19,P003,S06,245,85750.0,0,0
2022-05-19,P004,S01,11,93500.0,0,0
2022-05-19,P004,S02,10,85000.0,0,0
2022-05-19,P004,S03,12,102000.0,0,0
2022-05-19,P004,S04,18,122266.72,1,0
2022-05-19,P004,S05,11,93500.0,0,0
2022-05-19,P004,S06,11,93500.0,0,0
2022-05-19,P005,S01,53,116600.0,0,0
2022-05-19,P005,S02,64,140800.0,0,0
2022-05-19,P005,S03,47,103400.0,0,0
2022-05-19,P005,S04,45,99000.0,0,0
2022-05-19,P005,S05,41,90200.0,0,0
2022-05-19,P005,S06,38,83600.0,0,0
2022-05-20,P001,S01,32,144000.0,0,0
2022-05-20,P001,S02,55,227298.16,1,0
2022-05-20,P001,S03,50,169068.99,1,0
2022-05-20,P001,S04,29,130500.0,0,0
2022-05-20,P001,S05,28,126000.0,0,0
2022-05-20,P001,S06,20,90000.0,0,0
2022-05-20,P002,S01,80,96000.0,0,0
2022-05-20,P002,S02,66,79200.0,0,0
2022-05-20,P002,S03,57,68400.0,0,0
2022-05-20,P002,S04,69,82800.0,0,0
2022-05-20,P002,S05,58,69600.0,0,0
2022-05-20,P002,S06,61,73200.0,0,0
2022-05-20,P003,S01,340,119000.0,0,0
2022-05-20,P003,S02,304,106400.0,0,0
2022-05-20,P003,S03,337,89618.54,1,0
2022-05-20,P003,S04,278,97300.0,0,0
2022-05-20,P003,S05,379,101801.46,1,0
2022-05-20,P003,S06,209,73150.0,0,0
2022-05-20,P004,S01,13,110500.0,0,0
2022-05-20,P004,S02,15,127500.0,0,0
2022-05-20,P004,S03,13,110500.0,0,0
2022-05-20,P004,S04,11,93500.0,0,0
2022-05-20,P004,S05,14,119000.0,0,0
2022-05-20,P004,S06,10,85000.0,0,0
2022-05-20,P005,S01,51,112200.0,0,0
2022-05-20,P005,S02,75,151827.97,1,0
2022-05-20,P005,S03,47,103400.0,0,0
2022-05-20,P005,S04,47,103400.0,0,0
2022-05-20,P005,S05,46,101200.0,0,0
2022-05-20,P005,S06,39,85800.0,0,0
2022-05-21,P001,S01,38,171000.0,0,0
2022-05-21,P001,S02,32,144000.0,0,0
2022-05-21,P001,S03,27,121500.0,0,0
2022-05-21,P001,S04,48,186561.24,1,0
2022-05-21,P001,S05,33,148500.0,0,0
2022-05-21,P001,S06,28,126000.0,0,0
2022-05-21,P002,S01,100,120000.0,0,0
2022-05-21,P002,S02,131,137743.43,1,0
2022-05-21,P002,S03,117,99223.16,1,0
2022-05-21,P002,S04,128,112474.98,1,0
2022-05-21,P002,S05,73,87600.0,0,0
2022-05-21,P002,S06,90,96019.8,1,0
2022-05-21,P003,S01,416,145600.0,0,0
2022-05-21,P003,S02,332,116200.0,0,0
2022-05-21,P003,S03,290,101500.0,0,0
2022-05-21,P003,S04,293,102550.0,0,0
2022-05-21,P003,S05,277,96950.0,0,0
2022-05-21,P003,S06,431,108933.31,1,0
2022-05-21,P004,S01,15,127500.0,0,0
2022-05-21,P004,S02,17,144500.0,0,0
2022-05-21,P004,S03,13,110500.0,0,0
2022-05-21,P004,S04,13,110500.0,0,0
2022-05-21,P004,S05,15,127500.0,0,0
2022-05-21,P004,S06,19,129084.11,1,0
2022-05-21,P005,S01,71,156200.0,0,0
2022-05-21,P005,S02,85,155723.15,1,0
2022-05-21,P005,S03,78,162351.83,1,0
2022-05-21,P005,S04,42,92400.0,0,0
2022-05-21,P005,S05,66,145200.0,0,0
2022-05-21,P005,S06,74,125749.18,1,0
2022-05-22,P001,S01,36,162000.0,0,0
2022-05-22,P001,S02,58,215623.87,1,0
2022-05-22,P001,S03,62,220986.55,1,0
2022-05-22,P001,S04,28,126000.0,0,0
2022-05-22,P001,S05,30,135000.0,0,0
2022-05-22,P001,S06,29,130500.0,0,0
2022-05-22,P002,S01,94,112800.0,0,0
2022-05-22,P002,S02,97,116400.0,0,0
2022-05-22,P002,S03,111,119654.67,1,0
2022-05-22,P002,S04,82,98400.0,0,0
2022-05-22,P002,S05,73,87600.0,0,0
2022-05-22,P002,S06,114,107982.86,1,0
2022-05-22,P003,S01,400,140000.0,0,0
2022-05-22,P003,S02,412,144200.0,0,0
2022-05-22,P003,S03,349,122150.0,0,0
2022-05-22,P003,S04,502,161312.7,1,0
2022-05-22,P003,S05,324,93521.78,1,0
2022-05-22,P003,S06,244,85400.0,0,0
2022-05-22,P004,S01,26,200032.58,1,0
2022-05-22,P004,S02,17,144500.0,0,0
2022-05-22,P004,S03,17,144500.0,0,0
2022-05-22,P004,S04,21,158586.4,1,0
2022-05-22,P004,S05,13,110500.0,0,0
2022-05-22,P004,S06,14,119000.0,0,0
2022-05-22,P005,S01,62,136400.0,0,0
2022-05-22,P005,S02,63,138600.0,0,0
2022-05-22,P005,S03,60,132000.0,0,0
2022-05-22,P005,S04,48,105600.0,0,0
2022-05-22,P005,S05,51,112200.0,0,0
2022-05-22,P005,S06,44,96800.0,0,0
2022-05-23,P001,S01,39,175500.0,0,0
2022-05-23,P001,S02,29,130500.0,0,0
2022-05-23,P001,S03,35,157500.0,0,0
2022-05-23,P001,S04,30,135000.0,0,0
2022-05-23,P001,S05,20,90000.0,0,0
2022-05-23,P001,S06,23,103500.0,0,0
2022-05-23,P002,S01,113,135600.0,0,0
2022-05-23,P002,S02,85,102000.0,0,0
2022-05-23,P002,S03,76,91200.0,0,0
2022-05-23,P002,S04,57,68400.0,0,0
2022-05-23,P002,S05,100,98773.49,1,0
2022-05-23,P002,S06,56,67200.0,0,0
2022-05-23,P003,S01,400,140000.0,0,0
2022-05-23,P003,S02,304,106400.0,0,0
2022-05-23,P003,S03,366,128100.0,0,0
2022-05-23,P003,S04,263,92050.0,0,0
2022-05-23,P003,S05,481,156692.15,1,0
2022-05-23,P003,S06,288,100800.0,0,0
2022-05-23,P004,S01,16,136000.0,0,0
2022-05-23,P004,S02,14,119000.0,0,0
2022-05-23,P004,S03,13,110500.0,0,0
2022-05-23,P004,S04,11,93500.0,0,0
2022-05-23,P004,S05,13,110500.0,0,0
2022-05-23,P004,S06,11,93500.0,0,0
2022-05-23,P005,S01,86,168389.54,1,0
2022-05-23,P005,S02,51,112200.0,0,0
2022-05-23,P005,S03,44,96800.0,0,0
2022-05-23,P005,S04,71,124422.93,1,0
2022-05-23,P005,S05,44,96800.0,0,0
2022-05-23,P005,S06,34,74800.0,0,0
2022-05-24,P001,S01,48,183869.28,1,0
2022-05-24,P001,S02,34,153000.0,0,0
2022-05-24,P001,S03,29,130500.0,0,0
2022-05-24,P001,S04,21,94500.0,0,0
2022-05-24,P001,S05,26,117000.0,0,0
2022-05-24,P001,S06,25,112500.0,0,0
2022-05-24,P002,S01,68,81600.0,0,0
2022-05-24,P002,S02,88,105600.0,0,0
2022-05-24,P002,S03,73,87600.0,0,0
2022-05-24,P002,S04,61,73200.0,0,0
2022-05-24,P002,S05,65,78000.0,0,0
2022-05-24,P002,S06,66,79200.0,0,0
2022-05-24,P003,S01,337,117950.0,0,0
2022-05-24,P003,S02,379,132650.0,0,0
2022-05-24,P003,S03,390,136500.0,0,0
2022-05-24,P003,S04,381,103698.15,1,0
2022-05-24,P003,S05,264,92400.0,0,0
2022-05-24,P003,S06,268,93800.0,0,0
2022-05-24,P004,S01,18,142773.69,1,0
2022-05-24,P004,S02,15,127500.0,0,0
2022-05-24,P004,S03,26,190552.36,1,0
2022-05-24,P004,S04,17,137112.22,1,0
2022-05-24,P004,S05,10,85000.0,0,0
2022-05-24,P004,S06,9,76500.0,0,0
2022-05-24,P005,S01,108,182908.09,1,0
2022-05-24,P005,S02,61,134200.0,0,0
2022-05-24,P005,S03,48,105600.0,0,0
2022-05-24,P005,S04,44,96800.0,0,0
2022-05-24,P005,S05,42,92400.0,0,0
2022-05-24,P005,S06,38,83600.0,0,0
2022-05-25,P001,S01,39,175500.0,0,0
2022-05-25,P001,S02,32,144000.0,0,0
2022-05-25,P001,S03,29,130500.0,0,0
2022-05-25,P001,S04,27,121500.0,0,0
2022-05-25,P001,S05,28,126000.0,0,0
2022-05-25,P001,S06,23,103500.0,0,0
2022-05-25,P002,S01,79,94800.0,0,0
2022-05-25,P002,S02,79,94800.0,0,0
2022-05-25,P002,S03,82,98400.0,0,0
2022-05-25,P002,S04,100,88126.94,1,0
2022-05-25,P002,S05,80,96000.0,0,0
2022-05-25,P002,S06,55,66000.0,0,0
2022-05-25,P003,S01,566,179532.58,1,0
2022-05-25,P003,S02,330,115500.0,0,0
2022-05-25,P003,S03,242,84700.0,0,0
2022-05-25,P003,S04,302,105700.0,0,0
2022-05-25,P003,S05,246,86100.0,0,0
2022-05-25,P003,S06,437,143293.96,1,0
2022-05-25,P004,S01,23,144878.9,1,0
2022-05-25,P004,S02,14,119000.0,0,0
2022-05-25,P004,S03,22,152377.84,1,0
2022-05-25,P004,S04,10,85000.0,0,0
2022-05-25,P004,S05,13,110500.0,0,0
2022-05-25,P004,S06,18,120333.91,1,0
2022-05-25,P005,S01,67,147400.0,0,0
2022-05-25,P005,S02,57,125400.0,0,0
2022-05-25,P005,S03,46,101200.0,0,0
2022-05-25,P005,S04,69,137243.84,1,0
2022-05-25,P005,S05,39,85800.0,0,0
2022-05-25,P005,S06,51,92271.41,1,0
2022-05-26,P001,S01,34,153000.0,0,0
2022-05-26,P001,S02,36,162000.0,0,0
2022-05-26,P001,S03,30,135000.0,0,0
2022-05-26,P001,S04,48,203968.18,1,0
2022-05-26,P001,S05,25,112500.0,0,0
2022-05-26,P001,S06,21,94500.0,0,0
2022-05-26,P002,S01,104,124800.0,0,0
2022-05-26,P002,S02,133,117707.51,1,0
2022-05-26,P002,S03,119,131430.04,1,0
2022-05-26,P002,S04,67,80400.0,0,0
2022-05-26,P002,S05,61,73200.0,0,0
2022-05-26,P002,S06,97,93235.59,1,0
2022-05-26,P003,S01,473,153353.71,1,0
2022-05-26,P003,S02,285,99750.0,0,0
2022-05-26,P003,S03,557,167927.66,1,0
2022-05-26,P003,S04,252,88200.0,0,0
2022-05-26,P003,S05,255,89250.0,0,0
2022-05-26,P003,S06,224,78400.0,0,0
2022-05-26,P004,S01,14,119000.0,0,0
2022-05-26,P004,S02,11,93500.0,0,0
2022-05-26,P004,S03,14,119000.0,0,0
2022-05-26,P004,S04,16,97361.98,1,0
2022-05-26,P004,S05,13,110500.0,0,0
2022-05-26,P004,S06,8,68000.0,0,0
2022-05-26,P005,S01,55,121000.0,0,0
2022-05-26,P005,S02,34,74800.0,0,0
2022-05-26,P005,S03,46,101200.0,0,0
2022-05-26,P005,S04,35,77000.0,0,0
2022-05-26,P005,S05,61,105039.03,1,0
2022-05-26,P005,S06,54,108962.25,1,0
2022-05-27,P001,S01,36,162000.0,0,0
2022-05-27,P001,S02,26,117000.0,0,0
2022-05-27,P001,S03,29,130500.0,0,0
2022-05-27,P001,S04,27,103073.93,1,0
2022-05-27,P001,S05,22,99000.0,0,0
2022-05-27,P001,S06,22,99000.0,0,0
2022-05-27,P002,S01,76,91200.0,0,0
2022-05-27,P002,S02,78,93600.0,0,0
2022-05-27,P002,S03,69,82800.0,0,0
2022-05-27,P002,S04,53,63600.0,0,0
2022-05-27,P002,S05,75,90000.0,0,0
2022-05-27,P002,S06,48,57600.0,0,0
2022-05-27,P003,S01,288,100800.0,0,0
2022-05-27,P003,S02,414,101527.51,1,0
2022-05-27,P003,S03,285,99750.0,0,0
2022-05-27,P003,S04,267,93450.0,0,0
2022-05-27,P003,S05,267,93450.0,0,0
2022-05-27,P003,S06,226,79100.0,0,0
2022-05-27,P004,S01,14,119000.0,0,0
2022-05-27,P004,S02,14,119000.0,0,0
2022-05-27,P004,S03,15,127500.0,0,0
2022-05-27,P004,S04,18,139557.9,1,0
2022-05-27,P004,S05,12,102000.0,0,0
2022-05-27,P004,S06,12,102000.0,0,0
2022-05-27,P005,S01,57,125400.0,0,0
2022-05-27,P005,S02,87,172426.62,1,0
2022-05-27,P005,S03,52,114400.0,0,0
2022-05-27,P005,S04,44,96800.0,0,0
2022-05-27,P005,S05,73,132094.71,1,0
2022-05-27,P005,S06,36,79200.0,0,0
2022-05-28,P001,S01,33,148500.0,0,0
2022-05-28,P001,S02,56,232105.46,1,0
2022-05-28,P001,S03,52,218845.18,1,0
2022-05-28,P001,S04,31,139500.0,0,0
2022-05-28,P001,S05,28,126000.0,0,0
2022-05-28,P001,S06,33,148500.0,0,0
2022-05-28,P002,S01,89,106800.0,0,0
2022-05-28,P002,S02,172,174457.35,1,0
2022-05-28,P002,S03,150,169927.2,1,0
2022-05-28,P002,S04,65,78000.0,0,0
2022-05-28,P002,S05,73,87600.0,0,0
2022-05-28,P002,S06,66,79200.0,0,0
2022-05-28,P003,S01,667,182244.89,1,0
2022-05-28,P003,S02,331,115850.0,0,0
2022-05-28,P003,S03,340,119000.0,0,0
2022-05-28,P003,S04,283,99050.0,0,0
2022-05-28,P003,S05,362,126700.0,0,0
2022-05-28,P003,S06,237,82950.0,0,0
2022-05-28,P004,S01,17,144500.0,0,0
2022-05-28,P004,S02,27,214293.96,1,0
2022-05-28,P004,S03,30,217309.33,1,0
2022-05-28,P004,S04,25,189906.73,1,0
2022-05-28,P004,S05,15,127500.0,0,0
2022-05-28,P004,S06,13,110500.0,0,0
2022-05-28,P005,S01,107,211999.36,1,0
2022-05-28,P005,S02,92,154984.49,1,0
2022-05-28,P005,S03,91,175217.3,1,0
2022-05-28,P005,S04,49,107800.0,0,0
2022-05-28,P005,S05,63,138600.0,0,0
2022-05-28,P005,S06,35,77000.0,0,0
2022-05-29,P001,S01,43,193500.0,0,0
2022-05-29,P001,S02,39,175500.0,0,0
2022-05-29,P001,S03,41,143889.82,1,0
2022-05-29,P001,S04,32,144000.0,0,0
2022-05-29,P001,S05,48,198826.22,1,0
2022-05-29,P001,S06,44,168383.43,1,0
2022-05-29,P002,S01,154,131750.68,1,0
2022-05-29,P002,S02,99,118800.0,0,0
2022-05-29,P002,S03,82,98400.0,0,0
2022-05-29,P002,S04,122,118253.34,1,0
2022-05-29,P002,S05,95,114000.0,0,0
2022-05-29,P002,S06,121,119798.19,1,0
2022-05-29,P003,S01,697,190427.96,1,0
2022-05-29,P003,S02,542,145236.76,1,0
2022-05-29,P003,S03,653,179934.25,1,0
2022-05-29,P003,S04,526,169068.72,1,0
2022-05-29,P003,S05,296,103600.0,0,0
2022-05-29,P003,S06,248,86800.0,0,0
2022-05-29,P004,S01,28,210387.0,1,0
2022-05-29,P004,S02,16,136000.0,0,0
2022-05-29,P004,S03,29,201967.75,1,0
2022-05-29,P004,S04,19,122018.3,1,0
2022-05-29,P004,S05,12,102000.0,0,0
2022-05-29,P004,S06,19,136220.45,1,0
2022-05-29,P005,S01,60,132000.0,0,0
2022-05-29,P005,S02,61,134200.0,0,0
2022-05-29,P005,S03,62,136400.0,0,0
2022-05-29,P005,S04,68,111507.6,1,0
2022-05-29,P005,S05,52,114400.0,0,0
2022-05-29,P005,S06,58,94091.97,1,0
2022-05-30,P001,S01,47,178928.94,1,0
2022-05-30,P001,S02,30,135000.0,0,0
2022-05-30,P001,S03,34,153000.0,0,0
2022-05-30,P001,S04,21,94500.0,0,0
2022-05-30,P001,S05,26,117000.0,0,0
2022-05-30,P001,S06,28,126000.0,0,0
2022-05-30,P002,S01,80,96000.0,0,0
2022-05-30,P002,S02,65,78000.0,0,0
2022-05-30,P002,S03,71,85200.0,0,0
2022-05-30,P002,S04,81,72810.66,1,0
2022-05-30,P002,S05,67,80400.0,0,0
2022-05-30,P002,S06,104,93991.74,1,0
2022-05-30,P003,S01,304,106400.0,0,0
2022-05-30,P003,S02,378,132300.0,0,0
2022-05-30,P003,S03,251,87850.0,0,0
2022-05-30,P003,S04,244,85400.0,0,0
2022-05-30,P003,S05,258,90300.0,0,0
2022-05-30,P003,S06,262,91700.0,0,0
2022-05-30,P004,S01,25,150921.14,1,0
2022-05-30,P004,S02,15,127500.0,0,0
2022-05-30,P004,S03,14,119000.0,0,0
2022-05-30,P004,S04,11,93500.0,0,0
2022-05-30,P004,S05,10,85000.0,0,0
2022-05-30,P004,S06,11,93500.0,0,0
2022-05-30,P005,S01,52,114400.0,0,0
2022-05-30,P005,S02,51,112200.0,0,0
2022-05-30,P005,S03,48,105600.0,0,0
2022-05-30,P005,S04,49,107800.0,0,0
2022-05-30,P005,S05,60,111446.49,1,0
2022-05-30,P005,S06,62,107245.8,1,0
2022-05-31,P001,S01,37,166500.0,0,0
2022-05-31,P001,S02,24,108000.0,0,0
2022-05-31,P001,S03,30,135000.0,0,0
2022-05-31,P001,S04,41,129440.09,1,0
2022-05-31,P001,S05,30,135000.0,0,0
2022-05-31,P001,S06,22,99000.0,0,0
2022-05-31,P002,S01,74,88800.0,0,0
2022-05-31,P002,S02,77,92400.0,0,0
2022-05-31,P002,S03,80,96000.0,0,0
2022-05-31,P002,S04,65,78000.0,0,0
2022-05-31,P002,S05,70,84000.0,0,0
2022-05-31,P002,S06,91,83564.0,1,0
2022-05-31,P003,S01,551,172118.61,1,0
2022-05-31,P003,S02,247,86450.0,0,0
2022-05-31,P003,S03,286,100100.0,0,0
2022-05-31,P003,S04,471,140873.23,1,0
2022-05-31,P003,S05,528,131487.74,1,0
2022-05-31,P003,S06,185,64750.0,0,0
2022-05-31,P004,S01,14,119000.0,0,0
2022-05-31,P004,S02,12,102000.0,0,0
2022-05-31,P004,S03,15,127500.0,0,0
2022-05-31,P004,S04,9,76500.0,0,0
2022-05-31,P004,S05,17,117389.05,1,0
2022-05-31,P004,S06,9,76500.0,0,0
2022-05-31,P005,S01,92,183313.34,1,0
2022-05-31,P005,S02,68,115109.26,1,0
2022-05-31,P005,S03,70,126578.61,1,0
2022-05-31,P005,S04,44,96800.0,0,0
2022-05-31,P005,S05,41,90200.0,0,0
2022-05-31,P005,S06,67,127819.12,1,0
2022-06-01,P001,S01,38,171000.0,0,0
2022-06-01,P001,S02,43,193500.0,0,0
2022-06-01,P001,S03,32,144000.0,0,0
2022-06-01,P001,S04,46,172605.09,1,0
2022-06-01,P001,S05,50,202423.01,1,0
2022-06-01,P001,S06,26,117000.0,0,0
2022-06-01,P002,S01,140,132661.32,1,0
2022-06-01,P002,S02,85,102000.0,0,0
2022-06-01,P002,S03,61,73200.0,0,0
2022-06-01,P002,S04,66,79200.0,0,0
2022-06-01,P002,S05,65,78000.0,0,0
2022-06-01,P002,S06,67,80400.0,0,0
2022-06-01,P003,S01,271,94850.0,0,0
2022-06-01,P003,S02,299,104650.0,0,0
2022-06-01,P003,S03,399,139650.0,0,0
2022-06-01,P003,S04,228,79800.0,0,0
2022-06-01,P003,S05,311,108850.0,0,0
2022-06-01,P003,S06,236,82600.0,0,0
2022-06-01,P004,S01,18,134356.24,1,0
2022-06-01,P004,S02,16,136000.0,0,0
2022-06-01,P004,S03,14,119000.0,0,0
2022-06-01,P004,S04,13,110500.0,0,0
2022-06-01,P004,S05,13,110500.0,0,0
2022-06-01,P004,S06,12,102000.0,0,0
2022-06-01,P005,S01,60,132000.0,0,0
2022-06-01,P005,S02,50,110000.0,0,0
2022-06-01,P005,S03,42,92400.0,0,0
2022-06-01,P005,S04,48,105600.0,0,0
2022-06-01,P005,S05,89,144917.75,1,0
2022-06-01,P005,S06,42,92400.0,0,0
2022-06-02,P001,S01,32,144000.0,0,0
2022-06-02,P001,S02,27,121500.0,0,0
2022-06-02,P001,S03,30,135000.0,0,0
2022-06-02,P001,S04,39,140139.65,1,0
2022-06-02,P001,S05,26,117000.0,0,0
2022-06-02,P001,S06,26,117000.0,0,0
2022-06-02,P002,S01,101,121200.0,0,0
2022-06-02,P002,S02,151,140286.73,1,0
2022-06-02,P002,S03,81,97200.0,0,0
2022-06-02,P002,S04,69,82800.0,0,0
2022-06-02,P002,S05,75,90000.0,0,0
2022-06-02,P002,S06,65,78000.0,0,0
2022-06-02,P003,S01,357,124950.0,0,0
2022-06-02,P003,S02,397,138950.0,0,0
2022-06-02,P003,S03,421,124242.94,1,0
2022-06-02,P003,S04,255,89250.0,0,0
2022-06-02,P003,S05,286,100100.0,0,0
2022-06-02,P003,S06,413,115707.14,1,0
2022-06-02,P004,S01,18,153000.0,0,0
2022-06-02,P004,S02,15,127500.0,0,0
2022-06-02,P004,S03,10,85000.0,0,0
2022-06-02,P004,S04,13,110500.0,0,0
2022-06-02,P004,S05,14,119000.0,0,0
2022-06-02,P004,S06,10,85000.0,0,0
2022-06-02,P005,S01,53,116600.0,0,0
2022-06-02,P005,S02,75,151594.62,1,0
2022-06-02,P005,S03,54,118800.0,0,0
2022-06-02,P005,S04,47,103400.0,0,0
2022-06-02,P005,S05,45,99000.0,0,0
2022-06-02,P005,S06,62,120319.12,1,0
2022-06-03,P001,S01,31,139500.0,0,0
2022-06-03,P001,S02,33,148500.0,0,0
2022-06-03,P001,S03,30,135000.0,0,0
2022-06-03,P001,S04,28,126000.0,0,0
2022-06-03,P001,S05,32,144000.0,0,0
2022-06-03,P001,S06,40,137051.86,1,0
2022-06-03,P002,S01,82,98400.0,0,0
2022-06-03,P002,S02,78,93600.0,0,0
2022-06-03,P002,S03,81,97200.0,0,0
2022-06-03,P002,S04,73,87600.0,0,0
2022-06-03,P002,S05,73,87600.0,0,0
2022-06-03,P002,S06,57,68400.0,0,0
2022-06-03,P003,S01,314,109900.0,0,0
2022-06-03,P003,S02,299,104650.0,0,0
2022-06-03,P003,S03,314,109900.0,0,0
2022-06-03,P003,S04,311,108850.0,0,0
2022-06-03,P003,S05,321,112350.0,0,0
2022-06-03,P003,S06,242,84700.0,0,0
2022-06-03,P004,S01,17,144500.0,0,0
2022-06-03,P004,S02,14,119000.0,0,0
2022-06-03,P004,S03,13,110500.0,0,0
2022-06-03,P004,S04,16,102293.02,1,0
2022-06-03,P004,S05,23,139401.52,1,0
2022-06-03,P004,S06,11,93500.0,0,0
2022-06-03,P005,S01,58,127600.0,0,0
2022-06-03,P005,S02,55,121000.0,0,0
2022-06-03,P005,S03,94,148387.15,1,0
2022-06-03,P005,S04,43,94600.0,0,0
2022-06-03,P005,S05,53,116600.0,0,0
2022-06-03,P005,S06,37,81400.0,0,0
2022-06-04,P001,S01,60,254870.5,1,0
2022-06-04,P001,S02,59,197893.67,1,0
2022-06-04,P001,S03,37,166500.0,0,0
2022-06-04,P001,S04,29,130500.0,0,0
2022-06-04,P001,S05,33,148500.0,0,0
2022-06-04,P001,S06,44,138679.88,1,0
2022-06-04,P002,S01,114,136800.0,0,0
2022-06-04,P002,S02,107,128400.0,0,0
2022-06-04,P002,S03,110,110395.93,1,0
2022-06-04,P002,S04,91,109200.0,0,0
2022-06-04,P002,S05,85,102000.0,0,0
2022-06-04,P002,S06,66,79200.0,0,0
2022-06-04,P003,S01,393,137550.0,0,0
2022-06-04,P003,S02,303,106050.0,0,0
2022-06-04,P003,S03,358,125300.0,0,0
2022-06-04,P003,S04,557,167312.74,1,0
2022-06-04,P003,S05,342,119700.0,0,0
2022-06-04,P003,S06,225,78750.0,0,0
2022-06-04,P004,S01,14,119000.0,0,0
2022-06-04,P004,S02,17,144500.0,0,0
2022-06-04,P004,S03,21,148269.76,1,0
2022-06-04,P004,S04,13,110500.0,0,0
2022-06-04,P004,S05,15,127500.0,0,0
2022-06-04,P004,S06,11,93500.0,0,0
2022-06-04,P005,S01,82,180400.0,0,0
2022-06-04,P005,S02,66,145200.0,0,0
2022-06-04,P005,S03,85,138559.87,1,0
2022-06-04,P005,S04,60,132000.0,0,0
2022-06-04,P005,S05,48,105600.0,0,0
2022-06-04,P005,S06,85,170495.53,1,0
2022-06-05,P001,S01,33,148500.0,0,0
2022-06-05,P001,S02,38,171000.0,0,0
2022-06-05,P001,S03,32,144000.0,0,0
2022-06-05,P001,S04,29,130500.0,0,0
2022-06-05,P001,S05,32,144000.0,0,0
2022-06-05,P001,S06,32,144000.0,0,0
2022-06-05,P002,S01,105,126000.0,0,0
2022-06-05,P002,S02,98,117600.0,0,0
2022-06-05,P002,S03,164,182810.64,1,0
2022-06-05,P002,S04,133,131884.57,1,0
2022-06-05,P002,S05,84,100800.0,0,0
2022-06-05,P002,S06,73,87600.0,0,0
2022-06-05,P003,S01,473,165550.0,0,0
2022-06-05,P003,S02,644,163060.04,1,0
2022-06-05,P003,S03,351,122850.0,0,0
2022-06-05,P003,S04,613,183197.69,1,0
2022-06-05,P003,S05,418,146300.0,0,0
2022-06-05,P003,S06,413,122751.04,1,0
2022-06-05,P004,S01,16,136000.0,0,0
2022-06-05,P004,S02,26,183644.95,1,0
2022-06-05,P004,S03,16,136000.0,0,0
2022-06-05,P004,S04,11,93500.0,0,0
2022-06-05,P004,S05,16,136000.0,0,0
2022-06-05,P004,S06,14,119000.0,0,0
2022-06-05,P005,S01,53,116600.0,0,0
2022-06-05,P005,S02,67,147400.0,0,0
2022-06-05,P005,S03,57,125400.0,0,0
2022-06-05,P005,S04,51,112200.0,0,0
2022-06-05,P005,S05,53,116600.0,0,0
2022-06-05,P005,S06,53,116600.0,0,0
2022-06-06,P001,S01,36,162000.0,0,0
2022-06-06,P001,S02,38,171000.0,0,0
2022-06-06,P001,S03,37,166500.0,0,0
2022-06-06,P001,S04,31,139500.0,0,0
2022-06-06,P001,S05,40,154485.16,1,0
2022-06-06,P001,S06,24,108000.0,0,0
2022-06-06,P002,S01,109,130800.0,0,0
2022-06-06,P002,S02,66,79200.0,0,0
2022-06-06,P002,S03,92,110400.0,0,0
2022-06-06,P002,S04,91,90436.82,1,0
2022-06-06,P002,S05,78,93600.0,0,0
2022-06-06,P002,S06,107,111487.23,1,0
2022-06-06,P003,S01,301,105350.0,0,0
2022-06-06,P003,S02,320,112000.0,0,0
2022-06-06,P003,S03,328,114800.0,0,0
2022-06-06,P003,S04,304,106400.0,0,0
2022-06-06,P003,S05,280,98000.0,0,0
2022-06-06,P003,S06,338,89980.64,1,0
2022-06-06,P004,S01,26,197626.73,1,0
2022-06-06,P004,S02,15,127500.0,0,0
2022-06-06,P004,S03,14,119000.0,0,0
2022-06-06,P004,S04,12,102000.0,0,0
2022-06-06,P004,S05,15,127500.0,0,0
2022-06-06,P004,S06,9,76500.0,0,0
2022-06-06,P005,S01,97,185352.87,1,0
2022-06-06,P005,S02,61,134200.0,0,0
2022-06-06,P005,S03,56,123200.0,0,0
2022-06-06,P005,S04,38,83600.0,0,0
2022-06-06,P005,S05,43,94600.0,0,0
2022-06-06,P005,S06,75,122939.76,1,0
2022-06-07,P001,S01,29,130500.0,0,0
2022-06-07,P001,S02,31,139500.0,0,0
2022-06-07,P001,S03,38,171000.0,0,0
2022-06-07,P001,S04,49,159421.07,1,0
2022-06-07,P001,S05,40,150398.17,1,0
2022-06-07,P001,S06,29,130500.0,0,0
2022-06-07,P002,S01,78,93600.0,0,0
2022-06-07,P002,S02,97,116400.0,0,0
2022-06-07,P002,S03,80,96000.0,0,0
2022-06-07,P002,S04,58,69600.0,0,0
2022-06-07,P002,S05,79,94800.0,0,0
2022-06-07,P002,S06,116,110088.11,1,0
2022-06-07,P003,S01,409,143150.0,0,0
2022-06-07,P003,S02,346,121100.0,0,0
2022-06-07,P003,S03,268,93800.0,0,0
2022-06-07,P003,S04,260,91000.0,0,0
2022-06-07,P003,S05,268,93800.0,0,0
2022-06-07,P003,S06,280,98000.0,0,0
2022-06-07,P004,S01,23,158309.56,1,0
2022-06-07,P004,S02,14,119000.0,0,0
2022-06-07,P004,S03,13,110500.0,0,0
2022-06-07,P004,S04,15,127500.0,0,0
2022-06-07,P004,S05,19,146226.34,1,0
2022-06-07,P004,S06,10,85000.0,0,0
2022-06-07,P005,S01,69,151800.0,0,0
2022-06-07,P005,S02,58,127600.0,0,0
2022-06-07,P005,S03,60,132000.0,0,0
2022-06-07,P005,S04,43,94600.0,0,0
2022-06-07,P005,S05,39,85800.0,0,0
2022-06-07,P005,S06,40,88000.0,0,0
2022-06-08,P001,S01,53,219225.41,1,0
2022-06-08,P001,S02,32,144000.0,0,0
2022-06-08,P001,S03,33,148500.0,0,0
2022-06-08,P001,S04,27,121500.0,0,0
2022-06-08,P001,S05,51,167175.79,1,0
2022-06-08,P001,S06,25,112500.0,0,0
2022-06-08,P002,S01,95,114000.0,0,0
2022-06-08,P002,S02,92,110400.0,0,0
2022-06-08,P002,S03,129,129463.89,1,0
2022-06-08,P002,S04,119,101109.34,1,0
2022-06-08,P002,S05,71,85200.0,0,0
2022-06-08,P002,S06,64,76800.0,0,0
2022-06-08,P003,S01,321,112350.0,0,0
2022-06-08,P003,S02,458,145520.35,1,0
2022-06-08,P003,S03,297,103950.0,0,0
2022-06-08,P003,S04,289,101150.0,0,0
2022-06-08,P003,S05,303,106050.0,0,0
2022-06-08,P003,S06,231,80850.0,0,0
2022-06-08,P004,S01,14,119000.0,0,0
2022-06-08,P004,S02,14,119000.0,0,0
2022-06-08,P004,S03,14,119000.0,0,0
2022-06-08,P004,S04,17,130264.44,1,0
2022-06-08,P004,S05,20,149591.76,1,0
2022-06-08,P004,S06,11,93500.0,0,0
2022-06-08,P005,S01,58,127600.0,0,0
2022-06-08,P005,S02,55,121000.0,0,0
2022-06-08,P005,S03,79,131609.51,1,0
2022-06-08,P005,S04,56,123200.0,0,0
2022-06-08,P005,S05,49,107800.0,0,0
2022-06-08,P005,S06,36,79200.0,0,0
2022-06-09,P001,S01,28,126000.0,0,0
2022-06-09,P001,S02,59,225768.17,1,0
2022-06-09,P001,S03,35,157500.0,0,0
2022-06-09,P001,S04,28,126000.0,0,0
2022-06-09,P001,S05,56,195409.48,1,0
2022-06-09,P001,S06,23,103500.0,0,0
2022-06-09,P002,S01,111,120887.47,1,0
2022-06-09,P002,S02,77,92400.0,0,0
2022-06-09,P002,S03,81,97200.0,0,0
2022-06-09,P002,S04,60,72000.0,0,0
2022-06-09,P002,S05,74,88800.0,0,0
2022-06-09,P002,S06,72,86400.0,0,0
2022-06-09,P003,S01,324,113400.0,0,0
2022-06-09,P003,S02,309,108150.0,0,0
2022-06-09,P003,S03,520,163792.14,1,0
2022-06-09,P003,S04,281,98350.0,0,0
2022-06-09,P003,S05,435,143412.96,1,0
2022-06-09,P003,S06,263,92050.0,0,0
2022-06-09,P004,S01,24,169844.13,1,0
2022-06-09,P004,S02,15,127500.0,0,0
2022-06-09,P004,S03,15,127500.0,0,0
2022-06-09,P004,S04,13,110500.0,0,0
2022-06-09,P004,S05,12,102000.0,0,0
2022-06-09,P004,S06,11,93500.0,0,0
2022-06-09,P005,S01,51,112200.0,0,0
2022-06-09,P005,S02,50,110000.0,0,0
2022-06-09,P005,S03,64,140800.0,0,0
2022-06-09,P005,S04,50,110000.0,0,0
2022-06-09,P005,S05,53,116600.0,0,0
2022-06-09,P005,S06,40,88000.0,0,0
2022-06-10,P001,S01,33,148500.0,0,0
2022-06-10,P001,S02,62,221845.69,1,0
2022-06-10,P001,S03,33,148500.0,0,0
2022-06-10,P001,S04,26,117000.0,0,0
2022-06-10,P001,S05,30,135000.0,0,0
2022-06-10,P001,S06,25,112500.0,0,0
2022-06-10,P002,S01,104,124800.0,0,0
2022-06-10,P002,S02,76,91200.0,0,0
2022-06-10,P002,S03,89,106800.0,0,0
2022-06-10,P002,S04,73,87600.0,0,0
2022-06-10,P002,S05,75,90000.0,0,0
2022-06-10,P002,S06,89,100876.9,1,0
2022-06-10,P003,S01,511,150986.97,1,0
2022-06-10,P003,S02,345,120750.0,0,0
2022-06-10,P003,S03,303,106050.0,0,0
2022-06-10,P003,S04,227,79450.0,0,0
2022-06-10,P003,S05,276,96600.0,0,0
2022-06-10,P003,S06,253,88550.0,0,0
2022-06-10,P004,S01,17,144500.0,0,0
2022-06-10,P004,S02,11,93500.0,0,0
2022-06-10,P004,S03,16,136000.0,0,0
2022-06-10,P004,S04,18,134757.26,1,0
2022-06-10,P004,S05,12,102000.0,0,0
2022-06-10,P004,S06,10,85000.0,0,0
2022-06-10,P005,S01,54,118800.0,0,0
2022-06-10,P005,S02,54,118800.0,0,0
2022-06-10,P005,S03,55,121000.0,0,0
2022-06-10,P005,S04,75,145325.05,1,0
2022-06-10,P005,S05,56,123200.0,0,0
2022-06-10,P005,S06,42,92400.0,0,0
2022-06-11,P001,S01,38,171000.0,0,0
2022-06-11,P001,S02,38,171000.0,0,0
2022-06-11,P001,S03,59,229501.5,1,0
2022-06-11,P001,S04,27,121500.0,0,0
2022-06-11,P001,S05,34,153000.0,0,0
2022-06-11,P001,S06,23,103500.0,0,0
2022-06-11,P002,S01,107,128400.0,0,0
2022-06-11,P002,S02,79,94800.0,0,0
2022-06-11,P002,S03,96,115200.0,0,0
2022-06-11,P002,S04,73,87600.0,0,0
2022-06-11,P002,S05,80,96000.0,0,0
2022-06-11,P002,S06,117,102458.8,1,0
2022-06-11,P003,S01,460,161000.0,0,0
2022-06-11,P003,S02,571,143762.38,1,0
2022-06-11,P003,S03,370,129500.0,0,0
2022-06-11,P003,S04,342,119700.0,0,0
2022-06-11,P003,S05,289,101150.0,0,0
2022-06-11,P003,S06,338,118300.0,0,0
2022-06-11,P004,S01,24,160852.99,1,0
2022-06-11,P004,S02,16,136000.0,0,0
2022-06-11,P004,S03,18,153000.0,0,0
2022-06-11,P004,S04,21,159893.43,1,0
2022-06-11,P004,S05,22,152441.47,1,0
2022-06-11,P004,S06,11,93500.0,0,0
2022-06-11,P005,S01,66,145200.0,0,0
2022-06-11,P005,S02,74,162800.0,0,0
2022-06-11,P005,S03,64,140800.0,0,0
2022-06-11,P005,S04,86,152130.88,1,0
2022-06-11,P005,S05,64,140800.0,0,0
2022-06-11,P005,S06,46,101200.0,0,0
2022-06-12,P001,S01,48,216000.0,0,0
2022-06-12,P001,S02,41,184500.0,0,0
2022-06-12,P001,S03,35,157500.0,0,0
2022-06-12,P001,S04,44,186785.01,1,0
2022-06-12,P001,S05,59,217024.34,1,0
2022-06-12,P001,S06,51,183505.08,1,0
2022-06-12,P002,S01,150,141341.04,1,0
2022-06-12,P002,S02,92,110400.0,0,0
2022-06-12,P002,S03,124,108700.0,1,0
2022-06-12,P002,S04,81,97200.0,0,0
2022-06-12,P002,S05,103,123600.0,0,0
2022-06-12,P002,S06,93,111600.0,0,0
2022-06-12,P003,S01,555,177875.54,1,0
2022-06-12,P003,S02,286,100100.0,0,0
2022-06-12,P003,S03,321,112350.0,0,0
2022-06-12,P003,S04,300,105000.0,0,0
2022-06-12,P003,S05,348,121800.0,0,0
2022-06-12,P003,S06,251,87850.0,0,0
2022-06-12,P004,S01,18,153000.0,0,0
2022-06-12,P004,S02,14,119000.0,0,0
2022-06-12,P004,S03,16,136000.0,0,0
2022-06-12,P004,S04,22,157883.94,1,0
2022-06-12,P004,S05,18,153000.0,0,0
2022-06-12,P004,S06,20,127348.42,1,0
2022-06-12,P005,S01,109,208651.94,1,0
2022-06-12,P005,S02,56,123200.0,0,0
2022-06-12,P005,S03,61,134200.0,0,0
2022-06-12,P005,S04,83,131562.42,1,0
2022-06-12,P005,S05,45,99000.0,0,0
2022-06-12,P005,S06,49,107800.0,0,0
2022-06-13,P001,S01,41,184500.0,0,0
2022-06-13,P001,S02,33,148500.0,0,0
2022-06-13,P001,S03,32,144000.0,0,0
2022-06-13,P001,S04,31,139500.0,0,0
2022-06-13,P001,S05,30,135000.0,0,0
2022-06-13,P001,S06,30,135000.0,0,0
2022-06-13,P002,S01,89,106800.0,0,0
2022-06-13,P002,S02,76,91200.0,0,0
2022-06-13,P002,S03,77,92400.0,0,0
2022-06-13,P002,S04,110,110503.53,1,0
2022-06-13,P002,S05,57,68400.0,0,0
2022-06-13,P002,S06,99,95523.83,1,0
2022-06-13,P003,S01,357,124950.0,0,0
2022-06-13,P003,S02,388,135800.0,0,0
2022-06-13,P003,S03,356,124600.0,0,0
2022-06-13,P003,S04,261,91350.0,0,0
2022-06-13,P003,S05,331,115850.0,0,0
2022-06-13,P003,S06,219,76650.0,0,0
2022-06-13,P004,S01,17,144500.0,0,0
2022-06-13,P004,S02,28,216123.71,1,0
2022-06-13,P004,S03,14,119000.0,0,0
2022-06-13,P004,S04,13,110500.0,0,0
2022-06-13,P004,S05,10,85000.0,0,0
2022-06-13,P004,S06,9,76500.0,0,0
2022-06-13,P005,S01,51,112200.0,0,0
2022-06-13,P005,S02,53,116600.0,0,0
2022-06-13,P005,S03,82,151547.27,1,0
2022-06-13,P005,S04,42,92400.0,0,0
2022-06-13,P005,S05,52,114400.0,0,0
2022-06-13,P005,S06,40,88000.0,0,0
2022-06-14,P001,S01,34,153000.0,0,0
2022-06-14,P001,S02,50,170739.09,1,0
2022-06-14,P001,S03,55,186756.89,1,0
2022-06-14,P001,S04,32,144000.0,0,0
2022-06-14,P001,S05,33,148500.0,0,0
2022-06-14,P001,S06,43,142900.89,1,0
2022-06-14,P002,S01,77,92400.0,0,0
2022-06-14,P002,S02,141,135274.94,1,0
2022-06-14,P002,S03,65,78000.0,0,0
2022-06-14,P002,S04,69,82800.0,0,0
2022-06-14,P002,S05,119,120659.69,1,0
2022-06-14,P002,S06,78,93600.0,0,0
2022-06-14,P003,S01,428,149800.0,0,0
2022-06-14,P003,S02,302,105700.0,0,0
2022-06-14,P003,S03,297,103950.0,0,0
2022-06-14,P003,S04,292,102200.0,0,0
2022-06-14,P003,S05,315,110250.0,0,0
2022-06-14,P003,S06,258,90300.0,0,0
2022-06-14,P004,S01,30,189309.64,1,0
2022-06-14,P004,S02,14,119000.0,0,0
2022-06-14,P004,S03,24,154040.04,1,0
2022-06-14,P004,S04,13,110500.0,0,0
2022-06-14,P004,S05,19,121259.14,1,0
2022-06-14,P004,S06,22,154893.74,1,0
2022-06-14,P005,S01,49,107800.0,0,0
2022-06-14,P005,S02,66,145200.0,0,0
2022-06-14,P005,S03,46,101200.0,0,0
2022-06-14,P005,S04,51,112200.0,0,0
2022-06-14,P005,S05,70,144175.65,1,0
2022-06-14,P005,S06,43,94600.0,0,0
2022-06-15,P001,S01,39,175500.0,0,0
2022-06-15,P001,S02,36,162000.0,0,0
2022-06-15,P001,S03,36,162000.0,0,0
2022-06-15,P001,S04,25,112500.0,0,0
2022-06-15,P001,S05,49,169641.41,1,0
2022-06-15,P001,S06,23,103500.0,0,0
2022-06-15,P002,S01,71,85200.0,0,0
2022-06-15,P002,S02,86,103200.0,0,0
2022-06-15,P002,S03,129,133637.69,1,0
2022-06-15,P002,S04,60,72000.0,0,0
2022-06-15,P002,S05,83,99600.0,0,0
2022-06-15,P002,S06,84,88147.87,1,0
2022-06-15,P003,S01,364,127400.0,0,0
2022-06-15,P003,S02,362,126700.0,0,0
2022-06-15,P003,S03,449,137327.32,1,0
2022-06-15,P003,S04,265,92750.0,0,0
2022-06-15,P003,S05,276,96600.0,0,0
2022-06-15,P003,S06,259,90650.0,0,0
2022-06-15,P004,S01,14,119000.0,0,0
2022-06-15,P004,S02,12,102000.0,0,0
2022-06-15,P004,S03,14,119000.0,0,0
2022-06-15,P004,S04,11,93500.0,0,0
2022-06-15,P004,S05,10,85000.0,0,0
2022-06-15,P004,S06,17,123126.34,1,0
2022-06-15,P005,S01,66,145200.0,0,0
2022-06-15,P005,S02,57,125400.0,0,0
2022-06-15,P005,S03,81,154205.34,1,0
2022-06-15,P005,S04,39,85800.0,0,0
2022-06-15,P005,S05,58,127600.0,0,0
2022-06-15,P005,S06,47,103400.0,0,0
2022-06-16,P001,S01,38,171000.0,0,0
2022-06-16,P001,S02,37,166500.0,0,0
2022-06-16,P001,S03,25,112500.0,0,0
2022-06-16,P001,S04,24,108000.0,0,0
2022-06-16,P001,S05,43,140860.45,1,0
2022-06-16,P001,S06,25,112500.0,0,0
2022-06-16,P002,S01,88,105600.0,0,0
2022-06-16,P002,S02,149,153465.47,1,0
2022-06-16,P002,S03,86,103200.0,0,0
2022-06-16,P002,S04,66,79200.0,0,0
2022-06-16,P002,S05,133,130552.19,1,0
2022-06-16,P002,S06,64,76800.0,0,0
2022-06-16,P003,S01,419,146650.0,0,0
2022-06-16,P003,S02,419,146650.0,0,0
2022-06-16,P003,S03,230,80500.0,0,0
2022-06-16,P003,S04,457,134849.36,1,0
2022-06-16,P003,S05,304,106400.0,0,0
2022-06-16,P003,S06,292,102200.0,0,0
2022-06-16,P004,S01,14,119000.0,0,0
2022-06-16,P004,S02,13,110500.0,0,0
2022-06-16,P004,S03,14,119000.0,0,0
2022-06-16,P004,S04,14,119000.0,0,0
2022-06-16,P004,S05,14,119000.0,0,0
2022-06-16,P004,S06,19,146351.98,1,0
2022-06-16,P005,S01,62,136400.0,0,0
2022-06-16,P005,S02,52,114400.0,0,0
2022-06-16,P005,S03,83,162067.96,1,0
2022-06-16,P005,S04,47,103400.0,0,0
2022-06-16,P005,S05,70,128987.31,1,0
2022-06-16,P005,S06,60,94023.79,1,0
2022-06-17,P001,S01,39,175500.0,0,0
2022-06-17,P001,S02,40,180000.0,0,0
2022-06-17,P001,S03,33,148500.0,0,0
2022-06-17,P001,S04,27,121500.0,0,0
2022-06-17,P001,S05,42,167746.7,1,0
2022-06-17,P001,S06,23,103500.0,0,0
2022-06-17,P002,S01,116,109604.3,1,0
2022-06-17,P002,S02,79,94800.0,0,0
2022-06-17,P002,S03,85,102000.0,0,0
2022-06-17,P002,S04,72,86400.0,0,0
2022-06-17,P002,S05,79,94800.0,0,0
2022-06-17,P002,S06,65,78000.0,0,0
2022-06-17,P003,S01,326,114100.0,0,0
2022-06-17,P003,S02,319,111650.0,0,0
2022-06-17,P003,S03,462,140359.64,1,0
2022-06-17,P003,S04,272,95200.0,0,0
2022-06-17,P003,S05,280,98000.0,0,0
2022-06-17,P003,S06,293,102550.0,0,0
2022-06-17,P004,S01,18,153000.0,0,0
2022-06-17,P004,S02,13,110500.0,0,0
2022-06-17,P004,S03,14,119000.0,0,0
2022-06-17,P004,S04,12,102000.0,0,0
2022-06-17,P004,S05,12,102000.0,0,0
2022-06-17,P004,S06,11,93500.0,0,0
2022-06-17,P005,S01,101,175157.93,1,0
2022-06-17,P005,S02,54,118800.0,0,0
2022-06-17,P005,S03,52,114400.0,0,0
2022-06-17,P005,S04,45,99000.0,0,0
2022-06-17,P005,S05,44,96800.0,0,0
2022-06-17,P005,S06,50,110000.0,0,0
2022-06-18,P001,S01,31,139500.0,0,0
2022-06-18,P001,S02,34,153000.0,0,0
2022-06-18,P001,S03,33,148500.0,0,0
2022-06-18,P001,S04,44,159313.0,1,0
2022-06-18,P001,S05,36,162000.0,0,0
2022-06-18,P001,S06,51,177210.43,1,0
2022-06-18,P002,S01,143,155740.02,1,0
2022-06-18,P002,S02,97,116400.0,0,0
2022-06-18,P002,S03,118,133850.89,1,0
2022-06-18,P002,S04,109,123376.71,1,0
2022-06-18,P002,S05,146,133552.17,1,0
2022-06-18,P002,S06,70,84000.0,0,0
2022-06-18,P003,S01,779,204878.23,1,0
2022-06-18,P003,S02,425,148750.0,0,0
2022-06-18,P003,S03,399,139650.0,0,0
2022-06-18,P003,S04,464,116261.59,1,0
2022-06-18,P003,S05,276,96600.0,0,0
2022-06-18,P003,S06,440,118385.26,1,0
2022-06-18,P004,S01,22,187000.0,0,0
2022-06-18,P004,S02,26,205608.71,1,0
2022-06-18,P004,S03,24,183556.6,1,0
2022-06-18,P004,S04,20,152052.53,1,0
2022-06-18,P004,S05,14,119000.0,0,0
2022-06-18,P004,S06,18,122479.43,1,0
2022-06-18,P005,S01,59,129800.0,0,0
2022-06-18,P005,S02,67,147400.0,0,0
2022-06-18,P005,S03,53,116600.0,0,0
2022-06-18,P005,S04,48,105600.0,0,0
2022-06-18,P005,S05,52,114400.0,0,0
2022-06-18,P005,S06,74,131161.72,1,0
2022-06-19,P001,S01,40,180000.0,0,0
2022-06-19,P001,S02,38,171000.0,0,0
2022-06-19,P001,S03,35,157500.0,0,0
2022-06-19,P001,S04,28,126000.0,0,0
2022-06-19,P001,S05,32,144000.0,0,0
2022-06-19,P001,S06,30,135000.0,0,0
2022-06-19,P002,S01,104,124800.0,0,0
2022-06-19,P002,S02,78,93600.0,0,0
2022-06-19,P002,S03,144,146843.32,1,0
2022-06-19,P002,S04,116,108945.69,1,0
2022-06-19,P002,S05,75,90000.0,0,0
2022-06-19,P002,S06,70,84000.0,0,0
2022-06-19,P003,S01,376,131600.0,0,0
2022-06-19,P003,S02,522,133584.25,1,0
2022-06-19,P003,S03,398,139300.0,0,0
2022-06-19,P003,S04,528,131517.48,1,0
2022-06-19,P003,S05,344,120400.0,0,0
2022-06-19,P003,S06,479,121598.56,1,0
2022-06-19,P004,S01,25,171052.94,1,0
2022-06-19,P004,S02,20,135345.33,1,0
2022-06-19,P004,S03,18,153000.0,0,0
2022-06-19,P004,S04,14,119000.0,0,0
2022-06-19,P004,S05,15,127500.0,0,0
2022-06-19,P004,S06,20,149062.67,1,0
2022-06-19,P005,S01,102,174638.39,1,0
2022-06-19,P005,S02,58,127600.0,0,0
2022-06-19,P005,S03,68,149600.0,0,0
2022-06-19,P005,S04,70,154000.0,0,0
2022-06-19,P005,S05,97,195225.97,1,0
2022-06-19,P005,S06,47,103400.0,0,0
2022-06-20,P001,S01,33,148500.0,0,0
2022-06-20,P001,S02,52,192532.28,1,0
2022-06-20,P001,S03,32,144000.0,0,0
2022-06-20,P001,S04,29,130500.0,0,0
2022-06-20,P001,S05,25,112500.0,0,0
2022-06-20,P001,S06,25,112500.0,0,0
2022-06-20,P002,S01,96,115200.0,0,0
2022-06-20,P002,S02,80,96000.0,0,0
2022-06-20,P002,S03,76,91200.0,0,0
2022-06-20,P002,S04,69,82800.0,0,0
2022-06-20,P002,S05,71,85200.0,0,0
2022-06-20,P002,S06,57,68400.0,0,0
2022-06-20,P003,S01,387,135450.0,0,0
2022-06-20,P003,S02,348,121800.0,0,0
2022-06-20,P003,S03,453,118157.77,1,0
2022-06-20,P003,S04,271,94850.0,0,0
2022-06-20,P003,S05,468,146476.07,1,0
2022-06-20,P003,S06,239,83650.0,0,0
2022-06-20,P004,S01,17,144500.0,0,0
2022-06-20,P004,S02,28,208184.36,1,0
2022-06-20,P004,S03,14,119000.0,0,0
2022-06-20,P004,S04,22,139038.67,1,0
2022-06-20,P004,S05,13,110500.0,0,0
2022-06-20,P004,S06,11,93500.0,0,0
2022-06-20,P005,S01,61,134200.0,0,0
2022-06-20,P005,S02,45,99000.0,0,0
2022-06-20,P005,S03,71,125216.03,1,0
2022-06-20,P005,S04,43,94600.0,0,0
2022-06-20,P005,S05,51,112200.0,0,0
2022-06-20,P005,S06,57,108892.93,1,0
2022-06-21,P001,S01,42,189000.0,0,0
2022-06-21,P001,S02,29,130500.0,0,0
2022-06-21,P001,S03,34,153000.0,0,0
2022-06-21,P001,S04,27,121500.0,0,0
2022-06-21,P001,S05,31,139500.0,0,0
2022-06-21,P001,S06,26,117000.0,0,0
2022-06-21,P002,S01,79,94800.0,0,0
2022-06-21,P002,S02,79,94800.0,0,0
2022-06-21,P002,S03,88,105600.0,0,0
2022-06-21,P002,S04,68,81600.0,0,0
2022-06-21,P002,S05,63,75600.0,0,0
2022-06-21,P002,S06,76,91200.0,0,0
2022-06-21,P003,S01,382,133700.0,0,0
2022-06-21,P003,S02,328,114800.0,0,0
2022-06-21,P003,S03,222,77700.0,0,0
2022-06-21,P003,S04,312,109200.0,0,0
2022-06-21,P003,S05,333,84412.63,1,0
2022-06-21,P003,S06,295,103250.0,0,0
2022-06-21,P004,S01,13,110500.0,0,0
2022-06-21,P004,S02,28,211171.14,1,0
2022-06-21,P004,S03,14,119000.0,0,0
2022-06-21,P004,S04,11,93500.0,0,0
2022-06-21,P004,S05,10,85000.0,0,0
2022-06-21,P004,S06,10,85000.0,0,0
2022-06-21,P005,S01,49,107800.0,0,0
2022-06-21,P005,S02,54,118800.0,0,0
2022-06-21,P005,S03,48,105600.0,0,0
2022-06-21,P005,S04,43,94600.0,0,0
2022-06-21,P005,S05,61,115768.7,1,0
2022-06-21,P005,S06,34,74800.0,0,0
2022-06-22,P001,S01,31,139500.0,0,0
2022-06-22,P001,S02,34,153000.0,0,0
2022-06-22,P001,S03,30,135000.0,0,0
2022-06-22,P001,S04,28,126000.0,0,0
2022-06-22,P001,S05,25,112500.0,0,0
2022-06-22,P001,S06,25,112500.0,0,0
2022-06-22,P002,S01,85,102000.0,0,0
2022-06-22,P002,S02,92,110400.0,0,0
2022-06-22,P002,S03,73,87600.0,0,0
2022-06-22,P002,S04,70,84000.0,0,0
2022-06-22,P002,S05,115,100680.45,1,0
2022-06-22,P002,S06,71,85200.0,0,0
2022-06-22,P003,S01,333,116550.0,0,0
2022-06-22,P003,S02,333,116550.0,0,0
2022-06-22,P003,S03,311,108850.0,0,0
2022-06-22,P003,S04,259,90650.0,0,0
2022-06-22,P003,S05,350,122500.0,0,0
2022-06-22,P003,S06,281,98350.0,0,0
2022-06-22,P004,S01,17,144500.0,0,0
2022-06-22,P004,S02,14,119000.0,0,0
2022-06-22,P004,S03,13,110500.0,0,0
2022-06-22,P004,S04,10,85000.0,0,0
2022-06-22,P004,S05,12,102000.0,0,0
2022-06-22,P004,S06,18,121130.11,1,0
2022-06-22,P005,S01,83,165932.19,1,0
2022-06-22,P005,S02,101,169602.96,1,0
2022-06-22,P005,S03,55,121000.0,0,0
2022-06-22,P005,S04,48,105600.0,0,0
2022-06-22,P005,S05,47,103400.0,0,0
2022-06-22,P005,S06,43,94600.0,0,0
2022-06-23,P001,S01,36,162000.0,0,0
2022-06-23,P001,S02,34,153000.0,0,0
2022-06-23,P001,S03,30,135000.0,0,0
2022-06-23,P001,S04,31,139500.0,0,0
2022-06-23,P001,S05,33,148500.0,0,0
2022-06-23,P001,S06,25,112500.0,0,0
2022-06-23,P002,S01,94,112800.0,0,0
2022-06-23,P002,S02,75,90000.0,0,0
2022-06-23,P002,S03,88,78477.63,1,0
2022-06-23,P002,S04,65,78000.0,0,0
2022-06-23,P002,S05,64,76800.0,0,0
2022-06-23,P002,S06,64,76800.0,0,0
2022-06-23,P003,S01,372,130200.0,0,0
2022-06-23,P003,S02,310,108500.0,0,0
2022-06-23,P003,S03,375,131250.0,0,0
2022-06-23,P003,S04,235,82250.0,0,0
2022-06-23,P003,S05,281,98350.0,0,0
2022-06-23,P003,S06,266,93100.0,0,0
2022-06-23,P004,S01,15,127500.0,0,0
2022-06-23,P004,S02,16,136000.0,0,0
2022-06-23,P004,S03,15,127500.0,0,0
2022-06-23,P004,S04,14,119000.0,0,0
2022-06-23,P004,S05,12,102000.0,0,0
2022-06-23,P004,S06,11,93500.0,0,0
2022-06-23,P005,S01,58,127600.0,0,0
2022-06-23,P005,S02,59,129800.0,0,0
2022-06-23,P005,S03,56,123200.0,0,0
2022-06-23,P005,S04,81,148887.66,1,0
2022-06-23,P005,S05,71,109745.59,1,0
2022-06-23,P005,S06,39,85800.0,0,0
2022-06-24,P001,S01,31,139500.0,0,0
2022-06-24,P001,S02,60,189035.26,1,0
2022-06-24,P001,S03,27,121500.0,0,0
2022-06-24,P001,S04,25,112500.0,0,0
2022-06-24,P001,S05,26,117000.0,0,0
2022-06-24,P001,S06,26,117000.0,0,0
2022-06-24,P002,S01,84,100800.0,0,0
2022-06-24,P002,S02,73,87600.0,0,0
2022-06-24,P002,S03,73,87600.0,0,0
2022-06-24,P002,S04,129,121703.08,1,0
2022-06-24,P002,S05,67,80400.0,0,0
2022-06-24,P002,S06,64,76800.0,0,0
2022-06-24,P003,S01,550,147849.64,1,0
2022-06-24,P003,S02,367,128450.0,0,0
2022-06-24,P003,S03,259,90650.0,0,0
2022-06-24,P003,S04,250,87500.0,0,0
2022-06-24,P003,S05,252,88200.0,0,0
2022-06-24,P003,S06,297,103950.0,0,0
2022-06-24,P004,S01,29,180113.39,1,0
2022-06-24,P004,S02,14,119000.0,0,0
2022-06-24,P004,S03,13,110500.0,0,0
2022-06-24,P004,S04,13,110500.0,0,0
2022-06-24,P004,S05,12,102000.0,0,0
2022-06-24,P004,S06,11,93500.0,0,0
2022-06-24,P005,S01,60,132000.0,0,0
2022-06-24,P005,S02,76,129491.06,1,0
2022-06-24,P005,S03,54,118800.0,0,0
2022-06-24,P005,S04,54,118800.0,0,0
2022-06-24,P005,S05,47,103400.0,0,0
2022-06-24,P005,S06,31,68200.0,0,0
2022-06-25,P001,S01,60,211625.22,1,0
2022-06-25,P001,S02,33,148500.0,0,0
2022-06-25,P001,S03,37,166500.0,0,0
2022-06-25,P001,S04,34,153000.0,0,0
2022-06-25,P001,S05,35,157500.0,0,0
2022-06-25,P001,S06,60,192115.71,1,0
2022-06-25,P002,S01,144,136932.18,1,0
2022-06-25,P002,S02,102,122400.0,0,0
2022-06-25,P002,S03,120,130245.24,1,0
2022-06-25,P002,S04,71,85200.0,0,0
2022-06-25,P002,S05,75,90000.0,0,0
2022-06-25,P002,S06,106,102776.83,1,0
2022-06-25,P003,S01,475,166250.0,0,0
2022-06-25,P003,S02,374,130900.0,0,0
2022-06-25,P003,S03,416,145600.0,0,0
2022-06-25,P003,S04,523,166890.9,1,0
2022-06-25,P003,S05,444,118838.82,1,0
2022-06-25,P003,S06,224,78400.0,0,0
2022-06-25,P004,S01,18,153000.0,0,0
2022-06-25,P004,S02,31,208449.39,1,0
2022-06-25,P004,S03,24,145066.34,1,0
2022-06-25,P004,S04,24,147813.79,1,0
2022-06-25,P004,S05,16,136000.0,0,0
2022-06-25,P004,S06,11,93500.0,0,0
2022-06-25,P005,S01,106,209347.85,1,0
2022-06-25,P005,S02,103,201292.36,1,0
2022-06-25,P005,S03,55,121000.0,0,0
2022-06-25,P005,S04,82,152189.85,1,0
2022-06-25,P005,S05,52,114400.0,0,0
2022-06-25,P005,S06,93,155856.66,1,0
2022-06-26,P001,S01,48,216000.0,0,0
2022-06-26,P001,S02,45,202500.0,0,0
2022-06-26,P001,S03,55,197009.33,1,0
2022-06-26,P001,S04,36,162000.0,0,0
2022-06-26,P001,S05,27,121500.0,0,0
2022-06-26,P001,S06,24,108000.0,0,0
2022-06-26,P002,S01,170,183187.09,1,0
2022-06-26,P002,S02,147,156018.18,1,0
2022-06-26,P002,S03,99,118800.0,0,0
2022-06-26,P002,S04,72,86400.0,0,0
2022-06-26,P002,S05,124,119112.35,1,0
2022-06-26,P002,S06,82,98400.0,0,0
2022-06-26,P003,S01,383,134050.0,0,0
2022-06-26,P003,S02,376,131600.0,0,0
2022-06-26,P003,S03,417,145950.0,0,0
2022-06-26,P003,S04,264,92400.0,0,0
2022-06-26,P003,S05,276,96600.0,0,0
2022-06-26,P003,S06,286,100100.0,0,0
2022-06-26,P004,S01,21,178500.0,0,0
2022-06-26,P004,S02,33,214611.93,1,0
2022-06-26,P004,S03,13,110500.0,0,0
2022-06-26,P004,S04,14,119000.0,0,0
2022-06-26,P004,S05,13,110500.0,0,0
2022-06-26,P004,S06,20,148634.29,1,0
2022-06-26,P005,S01,74,162800.0,0,0
2022-06-26,P005,S02,57,125400.0,0,0
2022-06-26,P005,S03,57,125400.0,0,0
2022-06-26,P005,S04,51,112200.0,0,0
2022-06-26,P005,S05,85,135543.01,1,0
2022-06-26,P005,S06,51,112200.0,0,0
2022-06-27,P001,S01,38,171000.0,0,0
2022-06-27,P001,S02,35,157500.0,0,0
2022-06-27,P001,S03,28,126000.0,0,0
2022-06-27,P001,S04,24,108000.0,0,0
2022-06-27,P001,S05,32,144000.0,0,0
2022-06-27,P001,S06,26,117000.0,0,0
2022-06-27,P002,S01,108,129600.0,0,0
2022-06-27,P002,S02,81,97200.0,0,0
2022-06-27,P002,S03,89,106800.0,0,0
2022-06-27,P002,S04,63,75600.0,0,0
2022-06-27,P002,S05,65,78000.0,0,0
2022-06-27,P002,S06,63,75600.0,0,0
2022-06-27,P003,S01,293,102550.0,0,0
2022-06-27,P003,S02,490,161534.36,1,0
2022-06-27,P003,S03,329,115150.0,0,0
2022-06-27,P003,S04,216,75600.0,0,0
2022-06-27,P003,S05,349,122150.0,0,0
2022-06-27,P003,S06,261,91350.0,0,0
2022-06-27,P004,S01,16,136000.0,0,0
2022-06-27,P004,S02,16,136000.0,0,0
2022-06-27,P004,S03,13,110500.0,0,0
2022-06-27,P004,S04,12,102000.0,0,0
2022-06-27,P004,S05,14,119000.0,0,0
2022-06-27,P004,S06,16,122806.65,1,0
2022-06-27,P005,S01,55,121000.0,0,0
2022-06-27,P005,S02,52,114400.0,0,0
2022-06-27,P005,S03,56,123200.0,0,0
2022-06-27,P005,S04,52,114400.0,0,0
2022-06-27,P005,S05,51,112200.0,0,0
2022-06-27,P005,S06,38,83600.0,0,0
2022-06-28,P001,S01,30,135000.0,0,0
2022-06-28,P001,S02,61,247099.25,1,0
2022-06-28,P001,S03,57,228948.61,1,0
2022-06-28,P001,S04,30,135000.0,0,0
2022-06-28,P001,S05,28,126000.0,0,0
2022-06-28,P001,S06,26,117000.0,0,0
2022-06-28,P002,S01,84,100800.0,0,0
2022-06-28,P002,S02,84,93902.83,1,0
2022-06-28,P002,S03,72,86400.0,0,0
2022-06-28,P002,S04,73,87600.0,0,0
2022-06-28,P002,S05,101,87409.62,1,0
2022-06-28,P002,S06,59,70800.0,0,0
2022-06-28,P003,S01,289,101150.0,0,0
2022-06-28,P003,S02,351,122850.0,0,0
2022-06-28,P003,S03,444,124484.54,1,0
2022-06-28,P003,S04,247,86450.0,0,0
2022-06-28,P003,S05,474,116584.27,1,0
2022-06-28,P003,S06,278,97300.0,0,0
2022-06-28,P004,S01,14,119000.0,0,0
2022-06-28,P004,S02,16,136000.0,0,0
2022-06-28,P004,S03,13,110500.0,0,0
2022-06-28,P004,S04,12,102000.0,0,0
2022-06-28,P004,S05,20,130180.74,1,0
2022-06-28,P004,S06,13,110500.0,0,0
2022-06-28,P005,S01,55,121000.0,0,0
2022-06-28,P005,S02,59,129800.0,0,0
2022-06-28,P005,S03,44,96800.0,0,0
2022-06-28,P005,S04,50,110000.0,0,0
2022-06-28,P005,S05,51,112200.0,0,0
2022-06-28,P005,S06,77,124788.89,1,0
2022-06-29,P001,S01,44,198000.0,0,0
2022-06-29,P001,S02,22,99000.0,0,0
2022-06-29,P001,S03,32,144000.0,0,0
2022-06-29,P001,S04,28,126000.0,0,0
2022-06-29,P001,S05,31,139500.0,0,0
2022-06-29,P001,S06,27,121500.0,0,0
2022-06-29,P002,S01,101,121200.0,0,0
2022-06-29,P002,S02,160,175630.52,1,0
2022-06-29,P002,S03,118,105384.14,1,0
2022-06-29,P002,S04,93,81239.3,1,0
2022-06-29,P002,S05,112,95748.93,1,0
2022-06-29,P002,S06,67,80400.0,0,0
2022-06-29,P003,S01,470,164500.0,0,0
2022-06-29,P003,S02,505,138838.73,1,0
2022-06-29,P003,S03,437,139612.94,1,0
2022-06-29,P003,S04,222,77700.0,0,0
2022-06-29,P003,S05,253,88550.0,0,0
2022-06-29,P003,S06,214,74900.0,0,0
2022-06-29,P004,S01,16,136000.0,0,0
2022-06-29,P004,S02,15,127500.0,0,0
2022-06-29,P004,S03,15,127500.0,0,0
2022-06-29,P004,S04,23,138713.92,1,0
2022-06-29,P004,S05,15,127500.0,0,0
2022-06-29,P004,S06,11,93500.0,0,0
2022-06-29,P005,S01,43,94600.0,0,0
2022-06-29,P005,S02,61,134200.0,0,0
2022-06-29,P005,S03,43,94600.0,0,0
2022-06-29,P005,S04,72,110985.38,1,0
2022-06-29,P005,S05,50,110000.0,0,0
2022-06-29,P005,S06,54,118800.0,0,0
2022-06-30,P001,S01,52,193232.82,1,0
2022-06-30,P001,S02,39,175500.0,0,0
2022-06-30,P001,S03,30,135000.0,0,0
2022-06-30,P001,S04,31,139500.0,0,0
2022-06-30,P001,S05,46,150492.14,1,0
2022-06-30,P001,S06,45,165292.21,1,0
2022-06-30,P002,S01,106,127200.0,0,0
2022-06-30,P002,S02,126,127280.41,1,0
2022-06-30,P002,S03,81,97200.0,0,0
2022-06-30,P002,S04,68,81600.0,0,0
2022-06-30,P002,S05,72,86400.0,0,0
2022-06-30,P002,S06,60,72000.0,0,0
2022-06-30,P003,S01,366,128100.0,0,0
2022-06-30,P003,S02,345,120750.0,0,0
2022-06-30,P003,S03,325,113750.0,0,0
2022-06-30,P003,S04,263,92050.0,0,0
2022-06-30,P003,S05,294,102900.0,0,0
2022-06-30,P003,S06,261,91350.0,0,0
2022-06-30,P004,S01,21,153972.41,1,0
2022-06-30,P004,S02,11,93500.0,0,0
2022-06-30,P004,S03,16,136000.0,0,0
2022-06-30,P004,S04,14,119000.0,0,0
2022-06-30,P004,S05,10,85000.0,0,0
2022-06-30,P004,S06,11,93500.0,0,0
2022-06-30,P005,S01,61,134200.0,0,0
2022-06-30,P005,S02,53,116600.0,0,0
2022-06-30,P005,S03,42,92400.0,0,0
2022-06-30,P005,S04,48,105600.0,0,0
2022-06-30,P005,S05,47,103400.0,0,0
2022-06-30,P005,S06,46,101200.0,0,0
2022-07-01,P001,S01,28,126000.0,0,0
2022-07-01,P001,S02,32,144000.0,0,0
2022-07-01,P001,S03,36,162000.0,0,0
2022-07-01,P001,S04,26,117000.0,0,0
2022-07-01,P001,S05,28,126000.0,0,0
2022-07-01,P001,S06,34,116437.08,1,0
2022-07-01,P002,S01,95,114000.0,0,0
2022-07-01,P002,S02,74,88800.0,0,0
2022-07-01,P002,S03,71,85200.0,0,0
2022-07-01,P002,S04,73,87600.0,0,0
2022-07-01,P002,S05,115,108902.81,1,0
2022-07-01,P002,S06,93,102506.47,1,0
2022-07-01,P003,S01,291,101850.0,0,0
2022-07-01,P003,S02,260,91000.0,0,0
2022-07-01,P003,S03,307,107450.0,0,0
2022-07-01,P003,S04,280,98000.0,0,0
2022-07-01,P003,S05,400,130922.96,1,0
2022-07-01,P003,S06,274,95900.0,0,0
2022-07-01,P004,S01,15,127500.0,0,0
2022-07-01,P004,S02,12,102000.0,0,0
2022-07-01,P004,S03,16,136000.0,0,0
2022-07-01,P004,S04,13,110500.0,0,0
2022-07-01,P004,S05,13,110500.0,0,0
2022-07-01,P004,S06,12,102000.0,0,0
2022-07-01,P005,S01,56,123200.0,0,0
2022-07-01,P005,S02,51,112200.0,0,0
2022-07-01,P005,S03,55,121000.0,0,0
2022-07-01,P005,S04,45,99000.0,0,0
2022-07-01,P005,S05,55,121000.0,0,0
2022-07-01,P005,S06,81,163459.37,1,0
2022-07-02,P001,S01,41,184500.0,0,0
2022-07-02,P001,S02,44,160934.46,1,0
2022-07-02,P001,S03,52,212575.13,1,0
2022-07-02,P001,S04,24,108000.0,0,0
2022-07-02,P001,S05,23,103500.0,0,0
2022-07-02,P001,S06,27,121500.0,0,0
2022-07-02,P002,S01,82,98400.0,0,0
2022-07-02,P002,S02,77,92400.0,0,0
2022-07-02,P002,S03,128,144490.21,1,0
2022-07-02,P002,S04,129,115763.13,1,0
2022-07-02,P002,S05,137,149420.43,1,0
2022-07-02,P002,S06,84,100800.0,0,0
2022-07-02,P003,S01,333,116550.0,0,0
2022-07-02,P003,S02,307,107450.0,0,0
2022-07-02,P003,S03,615,178515.77,1,0
2022-07-02,P003,S04,246,86100.0,0,0
2022-07-02,P003,S05,368,128800.0,0,0
2022-07-02,P003,S06,282,98700.0,0,0
2022-07-02,P004,S01,18,153000.0,0,0
2022-07-02,P004,S02,18,153000.0,0,0
2022-07-02,P004,S03,24,167570.93,1,0
2022-07-02,P004,S04,19,127670.06,1,0
2022-07-02,P004,S05,15,127500.0,0,0
2022-07-02,P004,S06,21,167266.01,1,0
2022-07-02,P005,S01,63,138600.0,0,0
2022-07-02,P005,S02,66,145200.0,0,0
2022-07-02,P005,S03,52,114400.0,0,0
2022-07-02,P005,S04,51,112200.0,0,0
2022-07-02,P005,S05,50,110000.0,0,0
2022-07-02,P005,S06,53,95829.33,1,0
2022-07-03,P001,S01,67,273013.92,1,0
2022-07-03,P001,S02,43,193500.0,0,0
2022-07-03,P001,S03,56,232311.68,1,0
2022-07-03,P001,S04,46,146959.0,1,0
2022-07-03,P001,S05,61,202078.0,1,0
2022-07-03,P001,S06,42,173945.18,1,0
2022-07-03,P002,S01,97,116400.0,0,0
2022-07-03,P002,S02,88,105600.0,0,0
2022-07-03,P002,S03,81,97200.0,0,0
2022-07-03,P002,S04,89,106800.0,0,0
2022-07-03,P002,S05,169,165189.58,1,0
2022-07-03,P002,S06,105,119223.73,1,0
2022-07-03,P003,S01,694,222715.17,1,0
2022-07-03,P003,S02,417,145950.0,0,0
2022-07-03,P003,S03,630,186499.48,1,0
2022-07-03,P003,S04,285,99750.0,0,0
2022-07-03,P003,S05,273,95550.0,0,0
2022-07-03,P003,S06,410,106352.59,1,0
2022-07-03,P004,S01,31,198633.64,1,0
2022-07-03,P004,S02,16,136000.0,0,0
2022-07-03,P004,S03,15,127500.0,0,0
2022-07-03,P004,S04,15,127500.0,0,0
2022-07-03,P004,S05,23,160751.58,1,0
2022-07-03,P004,S06,19,123571.32,1,0
2022-07-03,P005,S01,56,123200.0,0,0
2022-07-03,P005,S02,43,94600.0,0,0
2022-07-03,P005,S03,46,101200.0,0,0
2022-07-03,P005,S04,51,112200.0,0,0
2022-07-03,P005,S05,70,122819.13,1,0
2022-07-03,P005,S06,42,92400.0,0,0
2022-07-04,P001,S01,34,153000.0,0,0
2022-07-04,P001,S02,35,157500.0,0,0
2022-07-04,P001,S03,21,94500.0,0,0
2022-07-04,P001,S04,24,108000.0,0,0
2022-07-04,P001,S05,28,126000.0,0,0
2022-07-04,P001,S06,37,153978.24,1,0
2022-07-04,P002,S01,74,88800.0,0,0
2022-07-04,P002,S02,90,108000.0,0,0
2022-07-04,P002,S03,106,105217.02,1,0
2022-07-04,P002,S04,69,82800.0,0,0
2022-07-04,P002,S05,69,82800.0,0,0
2022-07-04,P002,S06,62,74400.0,0,0
2022-07-04,P003,S01,360,126000.0,0,0
2022-07-04,P003,S02,362,126700.0,0,0
2022-07-04,P003,S03,362,126700.0,0,0
2022-07-04,P003,S04,366,128100.0,0,0
2022-07-04,P003,S05,268,93800.0,0,0
2022-07-04,P003,S06,218,76300.0,0,0
2022-07-04,P004,S01,15,127500.0,0,0
2022-07-04,P004,S02,12,102000.0,0,0
2022-07-04,P004,S03,22,133270.17,1,0
2022-07-04,P004,S04,11,93500.0,0,0
2022-07-04,P004,S05,11,93500.0,0,0
2022-07-04,P004,S06,10,85000.0,0,0
2022-07-04,P005,S01,58,127600.0,0,0
2022-07-04,P005,S02,58,127600.0,0,0
2022-07-04,P005,S03,50,110000.0,0,0
2022-07-04,P005,S04,46,101200.0,0,0
2022-07-04,P005,S05,51,112200.0,0,0
2022-07-04,P005,S06,62,112805.37,1,0
2022-07-05,P001,S01,35,157500.0,0,0
2022-07-05,P001,S02,56,200874.42,1,0
2022-07-05,P001,S03,50,204751.99,1,0
2022-07-05,P001,S04,28,126000.0,0,0
2022-07-05,P001,S05,28,126000.0,0,0
2022-07-05,P001,S06,26,117000.0,0,0
2022-07-05,P002,S01,67,80400.0,0,0
2022-07-05,P002,S02,92,110400.0,0,0
2022-07-05,P002,S03,62,74400.0,0,0
2022-07-05,P002,S04,71,85200.0,0,0
2022-07-05,P002,S05,67,80400.0,0,0
2022-07-05,P002,S06,55,66000.0,0,0
2022-07-05,P003,S01,385,134750.0,0,0
2022-07-05,P003,S02,350,122500.0,0,0
2022-07-05,P003,S03,278,97300.0,0,0
2022-07-05,P003,S04,250,87500.0,0,0
2022-07-05,P003,S05,459,130434.21,1,0
2022-07-05,P003,S06,345,91692.74,1,0
2022-07-05,P004,S01,15,127500.0,0,0
2022-07-05,P004,S02,18,153000.0,0,0
2022-07-05,P004,S03,12,102000.0,0,0
2022-07-05,P004,S04,11,93500.0,0,0
2022-07-05,P004,S05,13,110500.0,0,0
2022-07-05,P004,S06,16,120538.75,1,0
2022-07-05,P005,S01,96,179156.65,1,0
2022-07-05,P005,S02,54,118800.0,0,0
2022-07-05,P005,S03,40,88000.0,0,0
2022-07-05,P005,S04,39,85800.0,0,0
2022-07-05,P005,S05,40,88000.0,0,0
2022-07-05,P005,S06,52,83719.27,1,0
2022-07-06,P001,S01,31,139500.0,0,0
2022-07-06,P001,S02,34,153000.0,0,0
2022-07-06,P001,S03,34,153000.0,0,0
2022-07-06,P001,S04,45,158453.89,1,0
2022-07-06,P001,S05,31,139500.0,0,0
2022-07-06,P001,S06,39,139612.28,1,0
2022-07-06,P002,S01,76,91200.0,0,0
2022-07-06,P002,S02,76,91200.0,0,0
2022-07-06,P002,S03,137,142641.26,1,0
2022-07-06,P002,S04,67,80400.0,0,0
2022-07-06,P002,S05,64,76800.0,0,0
2022-07-06,P002,S06,61,73200.0,0,0
2022-07-06,P003,S01,336,117600.0,0,0
2022-07-06,P003,S02,508,149398.52,1,0
2022-07-06,P003,S03,267,93450.0,0,0
2022-07-06,P003,S04,255,89250.0,0,0
2022-07-06,P003,S05,286,100100.0,0,0
2022-07-06,P003,S06,330,109685.45,1,0
2022-07-06,P004,S01,21,138786.53,1,0
2022-07-06,P004,S02,18,153000.0,0,0
2022-07-06,P004,S03,13,110500.0,0,0
2022-07-06,P004,S04,22,135780.39,1,0
2022-07-06,P004,S05,14,119000.0,0,0
2022-07-06,P004,S06,11,93500.0,0,0
2022-07-06,P005,S01,47,103400.0,0,0
2022-07-06,P005,S02,44,96800.0,0,0
2022-07-06,P005,S03,49,107800.0,0,0
2022-07-06,P005,S04,47,103400.0,0,0
2022-07-06,P005,S05,56,123200.0,0,0
2022-07-06,P005,S06,42,92400.0,0,0
2022-07-07,P001,S01,58,217041.11,1,0
2022-07-07,P001,S02,57,184967.44,1,0
2022-07-07,P001,S03,41,184500.0,0,0
2022-07-07,P001,S04,27,121500.0,0,0
2022-07-07,P001,S05,45,165143.71,1,0
2022-07-07,P001,S06,23,103500.0,0,0
2022-07-07,P002,S01,91,109200.0,0,0
2022-07-07,P002,S02,74,88800.0,0,0
2022-07-07,P002,S03,79,94800.0,0,0
2022-07-07,P002,S04,127,122606.98,1,0
2022-07-07,P002,S05,98,98054.08,1,0
2022-07-07,P002,S06,53,63600.0,0,0
2022-07-07,P003,S01,357,124950.0,0,0
2022-07-07,P003,S02,515,128622.32,1,0
2022-07-07,P003,S03,333,116550.0,0,0
2022-07-07,P003,S04,513,161969.49,1,0
2022-07-07,P003,S05,297,103950.0,0,0
2022-07-07,P003,S06,222,77700.0,0,0
2022-07-07,P004,S01,27,208561.33,1,0
2022-07-07,P004,S02,15,127500.0,0,0
2022-07-07,P004,S03,14,119000.0,0,0
2022-07-07,P004,S04,12,102000.0,0,0
2022-07-07,P004,S05,23,146681.87,1,0
2022-07-07,P004,S06,12,102000.0,0,0
2022-07-07,P005,S01,63,138600.0,0,0
2022-07-07,P005,S02,44,96800.0,0,0
2022-07-07,P005,S03,48,105600.0,0,0
2022-07-07,P005,S04,60,101153.71,1,0
2022-07-07,P005,S05,43,94600.0,0,0
2022-07-07,P005,S06,33,72600.0,0,0
2022-07-08,P001,S01,33,148500.0,0,0
2022-07-08,P001,S02,35,157500.0,0,0
2022-07-08,P001,S03,35,157500.0,0,0
2022-07-08,P001,S04,27,121500.0,0,0
2022-07-08,P001,S05,29,130500.0,0,0
2022-07-08,P001,S06,24,108000.0,0,0
2022-07-08,P002,S01,102,122400.0,0,0
2022-07-08,P002,S02,110,119793.53,1,0
2022-07-08,P002,S03,80,96000.0,0,0
2022-07-08,P002,S04,58,69600.0,0,0
2022-07-08,P002,S05,66,79200.0,0,0
2022-07-08,P002,S06,57,68400.0,0,0
2022-07-08,P003,S01,341,119350.0,0,0
2022-07-08,P003,S02,336,117600.0,0,0
2022-07-08,P003,S03,319,111650.0,0,0
2022-07-08,P003,S04,188,65800.0,0,0
2022-07-08,P003,S05,285,99750.0,0,0
2022-07-08,P003,S06,220,77000.0,0,0
2022-07-08,P004,S01,19,161500.0,0,0
2022-07-08,P004,S02,17,119081.66,1,0
2022-07-08,P004,S03,24,171501.0,1,0
2022-07-08,P004,S04,10,85000.0,0,0
2022-07-08,P004,S05,13,110500.0,0,0
2022-07-08,P004,S06,11,93500.0,0,0
2022-07-08,P005,S01,59,129800.0,0,0
2022-07-08,P005,S02,57,125400.0,0,0
2022-07-08,P005,S03,55,121000.0,0,0
2022-07-08,P005,S04,40,88000.0,0,0
2022-07-08,P005,S05,87,136626.51,1,0
2022-07-08,P005,S06,41,90200.0,0,0
2022-07-09,P001,S01,56,202098.12,1,0
2022-07-09,P001,S02,39,175500.0,0,0
2022-07-09,P001,S03,62,216572.16,1,0
2022-07-09,P001,S04,35,157500.0,0,0
2022-07-09,P001,S05,60,197530.38,1,0
2022-07-09,P001,S06,36,162000.0,0,0
2022-07-09,P002,S01,91,109200.0,0,0
2022-07-09,P002,S02,88,105600.0,0,0
2022-07-09,P002,S03,98,117600.0,0,0
2022-07-09,P002,S04,87,104400.0,0,0
2022-07-09,P002,S05,121,111363.75,1,0
2022-07-09,P002,S06,75,90000.0,0,0
2022-07-09,P003,S01,557,167021.49,1,0
2022-07-09,P003,S02,293,102550.0,0,0
2022-07-09,P003,S03,599,161087.12,1,0
2022-07-09,P003,S04,312,109200.0,0,0
2022-07-09,P003,S05,333,116550.0,0,0
2022-07-09,P003,S06,448,143613.23,1,0
2022-07-09,P004,S01,21,178500.0,0,0
2022-07-09,P004,S02,24,149544.03,1,0
2022-07-09,P004,S03,26,188213.5,1,0
2022-07-09,P004,S04,14,119000.0,0,0
2022-07-09,P004,S05,19,144910.58,1,0
2022-07-09,P004,S06,13,110500.0,0,0
2022-07-09,P005,S01,72,158400.0,0,0
2022-07-09,P005,S02,115,208410.96,1,0
2022-07-09,P005,S03,69,151800.0,0,0
2022-07-09,P005,S04,57,125400.0,0,0
2022-07-09,P005,S05,84,142592.14,1,0
2022-07-09,P005,S06,41,90200.0,0,0
2022-07-10,P001,S01,39,175500.0,0,0
2022-07-10,P001,S02,36,162000.0,0,0
2022-07-10,P001,S03,55,191100.61,1,0
2022-07-10,P001,S04,42,179080.43,1,0
2022-07-10,P001,S05,33,148500.0,0,0
2022-07-10,P001,S06,30,135000.0,0,0
2022-07-10,P002,S01,184,190003.43,1,0
2022-07-10,P002,S02,76,91200.0,0,0
2022-07-10,P002,S03,126,117375.75,1,0
2022-07-10,P002,S04,91,109200.0,0,0
2022-07-10,P002,S05,64,76800.0,0,0
2022-07-10,P002,S06,131,126615.12,1,0
2022-07-10,P003,S01,413,144550.0,0,0
2022-07-10,P003,S02,366,128100.0,0,0
2022-07-10,P003,S03,355,124250.0,0,0
2022-07-10,P003,S04,453,125991.15,1,0
2022-07-10,P003,S05,336,117600.0,0,0
2022-07-10,P003,S06,493,123736.79,1,0
2022-07-10,P004,S01,31,190992.73,1,0
2022-07-10,P004,S02,13,110500.0,0,0
2022-07-10,P004,S03,14,119000.0,0,0
2022-07-10,P004,S04,13,110500.0,0,0
2022-07-10,P004,S05,15,127500.0,0,0
2022-07-10,P004,S06,19,152382.04,1,0
2022-07-10,P005,S01,74,162800.0,0,0
2022-07-10,P005,S02,51,112200.0,0,0
2022-07-10,P005,S03,51,112200.0,0,0
2022-07-10,P005,S04,57,125400.0,0,0
2022-07-10,P005,S05,51,112200.0,0,0
2022-07-10,P005,S06,46,101200.0,0,0
2022-07-11,P001,S01,28,126000.0,0,0
2022-07-11,P001,S02,31,139500.0,0,0
2022-07-11,P001,S03,30,135000.0,0,0
2022-07-11,P001,S04,42,173540.54,1,0
2022-07-11,P001,S05,23,103500.0,0,0
2022-07-11,P001,S06,42,140363.48,1,0
2022-07-11,P002,S01,82,98400.0,0,0
2022-07-11,P002,S02,100,120000.0,0,0
2022-07-11,P002,S03,74,88800.0,0,0
2022-07-11,P002,S04,67,80400.0,0,0
2022-07-11,P002,S05,116,122828.71,1,0
2022-07-11,P002,S06,71,85200.0,0,0
2022-07-11,P003,S01,343,120050.0,0,0
2022-07-11,P003,S02,377,131950.0,0,0
2022-07-11,P003,S03,469,124247.03,1,0
2022-07-11,P003,S04,240,84000.0,0,0
2022-07-11,P003,S05,293,102550.0,0,0
2022-07-11,P003,S06,214,74900.0,0,0
2022-07-11,P004,S01,16,136000.0,0,0
2022-07-11,P004,S02,15,127500.0,0,0
2022-07-11,P004,S03,12,102000.0,0,0
2022-07-11,P004,S04,16,127602.27,1,0
2022-07-11,P004,S05,14,119000.0,0,0
2022-07-11,P004,S06,12,102000.0,0,0
2022-07-11,P005,S01,93,164740.63,1,0
2022-07-11,P005,S02,77,125131.38,1,0
2022-07-11,P005,S03,79,128315.22,1,0
2022-07-11,P005,S04,45,99000.0,0,0
2022-07-11,P005,S05,37,81400.0,0,0
2022-07-11,P005,S06,46,101200.0,0,0
2022-07-12,P001,S01,38,171000.0,0,0
2022-07-12,P001,S02,39,175500.0,0,0
2022-07-12,P001,S03,32,144000.0,0,0
2022-07-12,P001,S04,30,135000.0,0,0
2022-07-12,P001,S05,46,150645.11,1,0
2022-07-12,P001,S06,29,130500.0,0,0
2022-07-12,P002,S01,91,109200.0,0,0
2022-07-12,P002,S02,140,145704.68,1,0
2022-07-12,P002,S03,87,104400.0,0,0
2022-07-12,P002,S04,115,100881.77,1,0
2022-07-12,P002,S05,77,92400.0,0,0
2022-07-12,P002,S06,43,51600.0,0,0
2022-07-12,P003,S01,390,136500.0,0,0
2022-07-12,P003,S02,301,105350.0,0,0
2022-07-12,P003,S03,428,132165.86,1,0
2022-07-12,P003,S04,259,90650.0,0,0
2022-07-12,P003,S05,444,116214.05,1,0
2022-07-12,P003,S06,240,84000.0,0,0
2022-07-12,P004,S01,19,161500.0,0,0
2022-07-12,P004,S02,14,119000.0,0,0
2022-07-12,P004,S03,18,153000.0,0,0
2022-07-12,P004,S04,11,93500.0,0,0
2022-07-12,P004,S05,16,136000.0,0,0
2022-07-12,P004,S06,10,85000.0,0,0
2022-07-12,P005,S01,60,132000.0,0,0
2022-07-12,P005,S02,50,110000.0,0,0
2022-07-12,P005,S03,56,123200.0,0,0
2022-07-12,P005,S04,45,99000.0,0,0
2022-07-12,P005,S05,44,96800.0,0,0
2022-07-12,P005,S06,72,140847.45,1,0
2022-07-13,P001,S01,39,175500.0,0,0
2022-07-13,P001,S02,31,139500.0,0,0
2022-07-13,P001,S03,35,157500.0,0,0
2022-07-13,P001,S04,30,135000.0,0,0
2022-07-13,P001,S05,27,121500.0,0,0
2022-07-13,P001,S06,23,103500.0,0,0
2022-07-13,P002,S01,94,112800.0,0,0
2022-07-13,P002,S02,76,91200.0,0,0
2022-07-13,P002,S03,89,106800.0,0,0
2022-07-13,P002,S04,59,70800.0,0,0
2022-07-13,P002,S05,68,81600.0,0,0
2022-07-13,P002,S06,58,69600.0,0,0
2022-07-13,P003,S01,354,123900.0,0,0
2022-07-13,P003,S02,296,103600.0,0,0
2022-07-13,P003,S03,312,109200.0,0,0
2022-07-13,P003,S04,340,119000.0,0,0
2022-07-13,P003,S05,302,105700.0,0,0
2022-07-13,P003,S06,241,84350.0,0,0
2022-07-13,P004,S01,14,119000.0,0,0
2022-07-13,P004,S02,17,144500.0,0,0
2022-07-13,P004,S03,16,136000.0,0,0
2022-07-13,P004,S04,21,139576.96,1,0
2022-07-13,P004,S05,19,129671.81,1,0
2022-07-13,P004,S06,12,102000.0,0,0
2022-07-13,P005,S01,85,148817.05,1,0
2022-07-13,P005,S02,90,139610.9,1,0
2022-07-13,P005,S03,35,77000.0,0,0
2022-07-13,P005,S04,50,110000.0,0,0
2022-07-13,P005,S05,81,137401.94,1,0
2022-07-13,P005,S06,61,108801.35,1,0
2022-07-14,P001,S01,37,166500.0,0,0
2022-07-14,P001,S02,49,183287.76,1,0
2022-07-14,P001,S03,25,112500.0,0,0
2022-07-14,P001,S04,45,166651.09,1,0
2022-07-14,P001,S05,39,135985.34,1,0
2022-07-14,P001,S06,38,139537.18,1,0
2022-07-14,P002,S01,80,96000.0,0,0
2022-07-14,P002,S02,84,100800.0,0,0
2022-07-14,P002,S03,71,85200.0,0,0
2022-07-14,P002,S04,81,97200.0,0,0
2022-07-14,P002,S05,67,80400.0,0,0
2022-07-14,P002,S06,57,68400.0,0,0
2022-07-14,P003,S01,358,125300.0,0,0
2022-07-14,P003,S02,360,126000.0,0,0
2022-07-14,P003,S03,505,125518.38,1,0
2022-07-14,P003,S04,259,90650.0,0,0
2022-07-14,P003,S05,406,116794.01,1,0
2022-07-14,P003,S06,252,88200.0,0,0
2022-07-14,P004,S01,17,144500.0,0,0
2022-07-14,P004,S02,17,144500.0,0,0
2022-07-14,P004,S03,15,127500.0,0,0
2022-07-14,P004,S04,12,102000.0,0,0
2022-07-14,P004,S05,14,119000.0,0,0
2022-07-14,P004,S06,10,85000.0,0,0
2022-07-14,P005,S01,64,140800.0,0,0
2022-07-14,P005,S02,71,156200.0,0,0
2022-07-14,P005,S03,44,96800.0,0,0
2022-07-14,P005,S04,49,107800.0,0,0
2022-07-14,P005,S05,45,99000.0,0,0
2022-07-14,P005,S06,41,90200.0,0,0
2022-07-15,P001,S01,36,162000.0,0,0
2022-07-15,P001,S02,59,250933.3,1,0
2022-07-15,P001,S03,33,148500.0,0,0
2022-07-15,P001,S04,31,139500.0,0,0
2022-07-15,P001,S05,32,144000.0,0,0
2022-07-15,P001,S06,21,94500.0,0,0
2022-07-15,P002,S01,103,123600.0,0,0
2022-07-15,P002,S02,71,85200.0,0,0
2022-07-15,P002,S03,74,88800.0,0,0
2022-07-15,P002,S04,85,102000.0,0,0
2022-07-15,P002,S05,84,100800.0,0,0
2022-07-15,P002,S06,63,75600.0,0,0
2022-07-15,P003,S01,288,100800.0,0,0
2022-07-15,P003,S02,394,137900.0,0,0
2022-07-15,P003,S03,269,94150.0,0,0
2022-07-15,P003,S04,285,99750.0,0,0
2022-07-15,P003,S05,233,81550.0,0,0
2022-07-15,P003,S06,220,77000.0,0,0
2022-07-15,P004,S01,15,127500.0,0,0
2022-07-15,P004,S02,15,127500.0,0,0
2022-07-15,P004,S03,14,119000.0,0,0
2022-07-15,P004,S04,11,93500.0,0,0
2022-07-15,P004,S05,12,102000.0,0,0
2022-07-15,P004,S06,8,68000.0,0,0
2022-07-15,P005,S01,91,158721.01,1,0
2022-07-15,P005,S02,53,116600.0,0,0
2022-07-15,P005,S03,47,103400.0,0,0
2022-07-15,P005,S04,46,101200.0,0,0
2022-07-15,P005,S05,55,121000.0,0,0
2022-07-15,P005,S06,43,94600.0,0,0
2022-07-16,P001,S01,58,243552.0,1,0
2022-07-16,P001,S02,59,192973.78,1,0
2022-07-16,P001,S03,41,184500.0,0,0
2022-07-16,P001,S04,28,126000.0,0,0
2022-07-16,P001,S05,45,148152.66,1,0
2022-07-16,P001,S06,41,168822.73,1,0
2022-07-16,P002,S01,83,99600.0,0,0
2022-07-16,P002,S02,160,145840.36,1,0
2022-07-16,P002,S03,66,79200.0,0,0
2022-07-16,P002,S04,115,96616.33,1,0
2022-07-16,P002,S05,84,100800.0,0,0
2022-07-16,P002,S06,82,98400.0,0,0
2022-07-16,P003,S01,433,151550.0,0,0
2022-07-16,P003,S02,394,137900.0,0,0
2022-07-16,P003,S03,416,145600.0,0,0
2022-07-16,P003,S04,275,96250.0,0,0
2022-07-16,P003,S05,283,99050.0,0,0
2022-07-16,P003,S06,233,81550.0,0,0
2022-07-16,P004,S01,28,195195.68,1,0
2022-07-16,P004,S02,16,136000.0,0,0
2022-07-16,P004,S03,19,161500.0,0,0
2022-07-16,P004,S04,21,151456.32,1,0
2022-07-16,P004,S05,13,110500.0,0,0
2022-07-16,P004,S06,10,85000.0,0,0
2022-07-16,P005,S01,64,140800.0,0,0
2022-07-16,P005,S02,80,157254.76,1,0
2022-07-16,P005,S03,97,163928.99,1,0
2022-07-16,P005,S04,82,139308.05,1,0
2022-07-16,P005,S05,55,121000.0,0,0
2022-07-16,P005,S06,49,107800.0,0,0
2022-07-17,P001,S01,62,217274.91,1,0
2022-07-17,P001,S02,40,180000.0,0,0
2022-07-17,P001,S03,32,144000.0,0,0
2022-07-17,P001,S04,46,148670.29,1,0
2022-07-17,P001,S05,31,139500.0,0,0
2022-07-17,P001,S06,27,121500.0,0,0
2022-07-17,P002,S01,105,126000.0,0,0
2022-07-17,P002,S02,94,112800.0,0,0
2022-07-17,P002,S03,78,93600.0,0,0
2022-07-17,P002,S04,135,115654.34,1,0
2022-07-17,P002,S05,122,110918.03,1,0
2022-07-17,P002,S06,73,87600.0,0,0
2022-07-17,P003,S01,623,165005.86,1,0
2022-07-17,P003,S02,375,131250.0,0,0
2022-07-17,P003,S03,422,147700.0,0,0
2022-07-17,P003,S04,526,129199.55,1,0
2022-07-17,P003,S05,310,108500.0,0,0
2022-07-17,P003,S06,331,115850.0,0,0
2022-07-17,P004,S01,14,119000.0,0,0
2022-07-17,P004,S02,16,136000.0,0,0
2022-07-17,P004,S03,16,136000.0,0,0
2022-07-17,P004,S04,12,102000.0,0,0
2022-07-17,P004,S05,12,102000.0,0,0
2022-07-17,P004,S06,20,134004.47,1,0
2022-07-17,P005,S01,65,143000.0,0,0
2022-07-17,P005,S02,93,183503.25,1,0
2022-07-17,P005,S03,62,136400.0,0,0
2022-07-17,P005,S04,76,122037.47,1,0
2022-07-17,P005,S05,58,127600.0,0,0
2022-07-17,P005,S06,44,96800.0,0,0
2022-07-18,P001,S01,41,184500.0,0,0
2022-07-18,P001,S02,31,139500.0,0,0
2022-07-18,P001,S03,30,135000.0,0,0
2022-07-18,P001,S04,28,126000.0,0,0
2022-07-18,P001,S05,40,134583.3,1,0
2022-07-18,P001,S06,23,103500.0,0,0
2022-07-18,P002,S01,98,117600.0,0,0
2022-07-18,P002,S02,68,81600.0,0,0
2022-07-18,P002,S03,77,92400.0,0,0
2022-07-18,P002,S04,64,76800.0,0,0
2022-07-18,P002,S05,89,106800.0,0,0
2022-07-18,P002,S06,89,95907.1,1,0
2022-07-18,P003,S01,377,131950.0,0,0
2022-07-18,P003,S02,266,93100.0,0,0
2022-07-18,P003,S03,267,93450.0,0,0
2022-07-18,P003,S04,200,70000.0,0,0
2022-07-18,P003,S05,293,102550.0,0,0
2022-07-18,P003,S06,397,127891.1,1,0
2022-07-18,P004,S01,15,127500.0,0,0
2022-07-18,P004,S02,21,142862.46,1,0
2022-07-18,P004,S03,14,119000.0,0,0
2022-07-18,P004,S04,13,110500.0,0,0
2022-07-18,P004,S05,13,110500.0,0,0
2022-07-18,P004,S06,12,102000.0,0,0
2022-07-18,P005,S01,64,140800.0,0,0
2022-07-18,P005,S02,59,129800.0,0,0
2022-07-18,P005,S03,81,145086.47,1,0
2022-07-18,P005,S04,50,110000.0,0,0
2022-07-18,P005,S05,47,103400.0,0,0
2022-07-18,P005,S06,43,94600.0,0,0
2022-07-19,P001,S01,33,148500.0,0,0
2022-07-19,P001,S02,26,117000.0,0,0
2022-07-19,P001,S03,52,215365.76,1,0
2022-07-19,P001,S04,45,170190.22,1,0
2022-07-19,P001,S05,27,121500.0,0,0
2022-07-19,P001,S06,29,130500.0,0,0
2022-07-19,P002,S01,84,100800.0,0,0
2022-07-19,P002,S02,92,110400.0,0,0
2022-07-19,P002,S03,77,92400.0,0,0
2022-07-19,P002,S04,61,73200.0,0,0
2022-07-19,P002,S05,74,88800.0,0,0
2022-07-19,P002,S06,65,78000.0,0,0
2022-07-19,P003,S01,330,115500.0,0,0
2022-07-19,P003,S02,339,118650.0,0,0
2022-07-19,P003,S03,302,105700.0,0,0
2022-07-19,P003,S04,280,98000.0,0,0
2022-07-19,P003,S05,431,134650.45,1,0
2022-07-19,P003,S06,243,85050.0,0,0
2022-07-19,P004,S01,15,127500.0,0,0
2022-07-19,P004,S02,17,144500.0,0,0
2022-07-19,P004,S03,16,136000.0,0,0
2022-07-19,P004,S04,13,110500.0,0,0
2022-07-19,P004,S05,11,93500.0,0,0
2022-07-19,P004,S06,13,110500.0,0,0
2022-07-19,P005,S01,45,99000.0,0,0
2022-07-19,P005,S02,54,118800.0,0,0
2022-07-19,P005,S03,50,110000.0,0,0
2022-07-19,P005,S04,40,88000.0,0,0
2022-07-19,P005,S05,83,165168.97,1,0
2022-07-19,P005,S06,42,92400.0,0,0
2022-07-20,P001,S01,32,144000.0,0,0
2022-07-20,P001,S02,34,153000.0,0,0
2022-07-20,P001,S03,51,172667.31,1,0
2022-07-20,P001,S04,33,148500.0,0,0
2022-07-20,P001,S05,29,130500.0,0,0
2022-07-20,P001,S06,48,186798.68,1,0
2022-07-20,P002,S01,102,122400.0,0,0
2022-07-20,P002,S02,75,90000.0,0,0
2022-07-20,P002,S03,78,93600.0,0,0
2022-07-20,P002,S04,80,96000.0,0,0
2022-07-20,P002,S05,64,76800.0,0,0
2022-07-20,P002,S06,67,80400.0,0,0
2022-07-20,P003,S01,353,123550.0,0,0
2022-07-20,P003,S02,586,171943.62,1,0
2022-07-20,P003,S03,316,110600.0,0,0
2022-07-20,P003,S04,271,94850.0,0,0
2022-07-20,P003,S05,484,145589.39,1,0
2022-07-20,P003,S06,220,77000.0,0,0
2022-07-20,P004,S01,25,189953.35,1,0
2022-07-20,P004,S02,14,119000.0,0,0
2022-07-20,P004,S03,18,113282.67,1,0
2022-07-20,P004,S04,11,93500.0,0,0
2022-07-20,P004,S05,17,136795.86,1,0
2022-07-20,P004,S06,11,93500.0,0,0
2022-07-20,P005,S01,89,178236.71,1,0
2022-07-20,P005,S02,54,118800.0,0,0
2022-07-20,P005,S03,54,118800.0,0,0
2022-07-20,P005,S04,39,85800.0,0,0
2022-07-20,P005,S05,48,105600.0,0,0
2022-07-20,P005,S06,41,90200.0,0,0
2022-07-21,P001,S01,31,139500.0,0,0
2022-07-21,P001,S02,54,210299.14,1,0
2022-07-21,P001,S03,23,103500.0,0,0
2022-07-21,P001,S04,23,103500.0,0,0
2022-07-21,P001,S05,41,154895.78,1,0
2022-07-21,P001,S06,22,99000.0,0,0
2022-07-21,P002,S01,79,94800.0,0,0
2022-07-21,P002,S02,83,99600.0,0,0
2022-07-21,P002,S03,106,103526.81,1,0
2022-07-21,P002,S04,50,60000.0,0,0
2022-07-21,P002,S05,76,91200.0,0,0
2022-07-21,P002,S06,71,85200.0,0,0
2022-07-21,P003,S01,388,135800.0,0,0
2022-07-21,P003,S02,346,121100.0,0,0
2022-07-21,P003,S03,273,95550.0,0,0
2022-07-21,P003,S04,503,150391.66,1,0
2022-07-21,P003,S05,327,114450.0,0,0
2022-07-21,P003,S06,313,96846.13,1,0
2022-07-21,P004,S01,15,127500.0,0,0
2022-07-21,P004,S02,12,102000.0,0,0
2022-07-21,P004,S03,14,119000.0,0,0
2022-07-21,P004,S04,11,93500.0,0,0
2022-07-21,P004,S05,12,102000.0,0,0
2022-07-21,P004,S06,12,102000.0,0,0
2022-07-21,P005,S01,91,153555.82,1,0
2022-07-21,P005,S02,63,138600.0,0,0
2022-07-21,P005,S03,48,105600.0,0,0
2022-07-21,P005,S04,46,101200.0,0,0
2022-07-21,P005,S05,39,85800.0,0,0
2022-07-21,P005,S06,68,116222.2,1,0
2022-07-22,P001,S01,35,157500.0,0,0
2022-07-22,P001,S02,37,166500.0,0,0
2022-07-22,P001,S03,30,135000.0,0,0
2022-07-22,P001,S04,28,126000.0,0,0
2022-07-22,P001,S05,26,117000.0,0,0
2022-07-22,P001,S06,24,108000.0,0,0
2022-07-22,P002,S01,92,110400.0,0,0
2022-07-22,P002,S02,94,112800.0,0,0
2022-07-22,P002,S03,80,96000.0,0,0
2022-07-22,P002,S04,70,84000.0,0,0
2022-07-22,P002,S05,74,88800.0,0,0
2022-07-22,P002,S06,65,78000.0,0,0
2022-07-22,P003,S01,345,120750.0,0,0
2022-07-22,P003,S02,379,118043.7,1,0
2022-07-22,P003,S03,420,117499.32,1,0
2022-07-22,P003,S04,414,116139.7,1,0
2022-07-22,P003,S05,298,104300.0,0,0
2022-07-22,P003,S06,356,107540.45,1,0
2022-07-22,P004,S01,17,144500.0,0,0
2022-07-22,P004,S02,21,145452.23,1,0
2022-07-22,P004,S03,14,119000.0,0,0
2022-07-22,P004,S04,20,158102.2,1,0
2022-07-22,P004,S05,12,102000.0,0,0
2022-07-22,P004,S06,13,110500.0,0,0
2022-07-22,P005,S01,59,129800.0,0,0
2022-07-22,P005,S02,58,127600.0,0,0
2022-07-22,P005,S03,50,110000.0,0,0
2022-07-22,P005,S04,41,90200.0,0,0
2022-07-22,P005,S05,92,189593.4,1,0
2022-07-22,P005,S06,38,83600.0,0,0
2022-07-23,P001,S01,65,232315.38,1,0
2022-07-23,P001,S02,38,171000.0,0,0
2022-07-23,P001,S03,57,211612.14,1,0
2022-07-23,P001,S04,26,117000.0,0,0
2022-07-23,P001,S05,30,135000.0,0,0
2022-07-23,P001,S06,31,139500.0,0,0
2022-07-23,P002,S01,101,121200.0,0,0
2022-07-23,P002,S02,79,94800.0,0,0
2022-07-23,P002,S03,98,117600.0,0,0
2022-07-23,P002,S04,72,86400.0,0,0
2022-07-23,P002,S05,116,126492.37,1,0
2022-07-23,P002,S06,101,112107.17,1,0
2022-07-23,P003,S01,344,120400.0,0,0
2022-07-23,P003,S02,513,151329.63,1,0
2022-07-23,P003,S03,571,143341.36,1,0
2022-07-23,P003,S04,330,115500.0,0,0
2022-07-23,P003,S05,300,105000.0,0,0
2022-07-23,P003,S06,280,98000.0,0,0
2022-07-23,P004,S01,29,205445.18,1,0
2022-07-23,P004,S02,20,170000.0,0,0
2022-07-23,P004,S03,13,110500.0,0,0
2022-07-23,P004,S04,14,119000.0,0,0
2022-07-23,P004,S05,15,127500.0,0,0
2022-07-23,P004,S06,8,68000.0,0,0
2022-07-23,P005,S01,59,129800.0,0,0
2022-07-23,P005,S02,76,167200.0,0,0
2022-07-23,P005,S03,64,140800.0,0,0
2022-07-23,P005,S04,81,156403.92,1,0
2022-07-23,P005,S05,87,138018.0,1,0
2022-07-23,P005,S06,45,99000.0,0,0
2022-07-24,P001,S01,46,207000.0,0,0
2022-07-24,P001,S02,29,130500.0,0,0
2022-07-24,P001,S03,35,157500.0,0,0
2022-07-24,P001,S04,57,217943.05,1,0
2022-07-24,P001,S05,37,166500.0,0,0
2022-07-24,P001,S06,45,172229.44,1,0
2022-07-24,P002,S01,95,114000.0,0,0
2022-07-24,P002,S02,171,174540.45,1,0
2022-07-24,P002,S03,95,114000.0,0,0
2022-07-24,P002,S04,84,100800.0,0,0
2022-07-24,P002,S05,89,106800.0,0,0
2022-07-24,P002,S06,89,106800.0,0,0
2022-07-24,P003,S01,669,218490.96,1,0
2022-07-24,P003,S02,440,154000.0,0,0
2022-07-24,P003,S03,428,149800.0,0,0
2022-07-24,P003,S04,297,103950.0,0,0
2022-07-24,P003,S05,553,144666.24,1,0
2022-07-24,P003,S06,307,107450.0,0,0
2022-07-24,P004,S01,31,204544.64,1,0
2022-07-24,P004,S02,20,170000.0,0,0
2022-07-24,P004,S03,23,148842.57,1,0
2022-07-24,P004,S04,13,110500.0,0,0
2022-07-24,P004,S05,14,119000.0,0,0
2022-07-24,P004,S06,18,114326.54,1,0
2022-07-24,P005,S01,62,136400.0,0,0
2022-07-24,P005,S02,61,134200.0,0,0
2022-07-24,P005,S03,62,136400.0,0,0
2022-07-24,P005,S04,79,155347.09,1,0
2022-07-24,P005,S05,87,134182.42,1,0
2022-07-24,P005,S06,77,158301.54,1,0
2022-07-25,P001,S01,51,217736.24,1,0
2022-07-25,P001,S02,24,108000.0,0,0
2022-07-25,P001,S03,51,213942.05,1,0
2022-07-25,P001,S04,24,108000.0,0,0
2022-07-25,P001,S05,27,121500.0,0,0
2022-07-25,P001,S06,22,99000.0,0,0
2022-07-25,P002,S01,76,91200.0,0,0
2022-07-25,P002,S02,89,106800.0,0,0
2022-07-25,P002,S03,84,100800.0,0,0
2022-07-25,P002,S04,55,66000.0,0,0
2022-07-25,P002,S05,76,91200.0,0,0
2022-07-25,P002,S06,51,61200.0,0,0
2022-07-25,P003,S01,329,115150.0,0,0
2022-07-25,P003,S02,262,91700.0,0,0
2022-07-25,P003,S03,252,88200.0,0,0
2022-07-25,P003,S04,399,101907.06,1,0
2022-07-25,P003,S05,307,107450.0,0,0
2022-07-25,P003,S06,226,79100.0,0,0
2022-07-25,P004,S01,10,85000.0,0,0
2022-07-25,P004,S02,14,119000.0,0,0
2022-07-25,P004,S03,23,176488.33,1,0
2022-07-25,P004,S04,11,93500.0,0,0
2022-07-25,P004,S05,12,102000.0,0,0
2022-07-25,P004,S06,16,117065.59,1,0
2022-07-25,P005,S01,53,116600.0,0,0
2022-07-25,P005,S02,54,118800.0,0,0
2022-07-25,P005,S03,57,125400.0,0,0
2022-07-25,P005,S04,43,94600.0,0,0
2022-07-25,P005,S05,55,121000.0,0,0
2022-07-25,P005,S06,61,106467.87,1,0
2022-07-26,P001,S01,38,171000.0,0,0
2022-07-26,P001,S02,33,148500.0,0,0
2022-07-26,P001,S03,27,121500.0,0,0
2022-07-26,P001,S04,24,108000.0,0,0
2022-07-26,P001,S05,27,121500.0,0,0
2022-07-26,P001,S06,26,117000.0,0,0
2022-07-26,P002,S01,65,78000.0,0,0
2022-07-26,P002,S02,84,100800.0,0,0
2022-07-26,P002,S03,88,105600.0,0,0
2022-07-26,P002,S04,75,90000.0,0,0
2022-07-26,P002,S05,85,102000.0,0,0
2022-07-26,P002,S06,55,66000.0,0,0
2022-07-26,P003,S01,344,120400.0,0,0
2022-07-26,P003,S02,554,175476.74,1,0
2022-07-26,P003,S03,325,113750.0,0,0
2022-07-26,P003,S04,227,79450.0,0,0
2022-07-26,P003,S05,276,96600.0,0,0
2022-07-26,P003,S06,402,102282.11,1,0
2022-07-26,P004,S01,18,153000.0,0,0
2022-07-26,P004,S02,16,136000.0,0,0
2022-07-26,P004,S03,15,127500.0,0,0
2022-07-26,P004,S04,11,93500.0,0,0
2022-07-26,P004,S05,10,85000.0,0,0
2022-07-26,P004,S06,13,110500.0,0,0
2022-07-26,P005,S01,46,101200.0,0,0
2022-07-26,P005,S02,56,123200.0,0,0
2022-07-26,P005,S03,49,107800.0,0,0
2022-07-26,P005,S04,77,129638.25,1,0
2022-07-26,P005,S05,51,112200.0,0,0
2022-07-26,P005,S06,50,110000.0,0,0
2022-07-27,P001,S01,40,180000.0,0,0
2022-07-27,P001,S02,30,135000.0,0,0
2022-07-27,P001,S03,48,190452.36,1,0
2022-07-27,P001,S04,24,108000.0,0,0
2022-07-27,P001,S05,39,164291.49,1,0
2022-07-27,P001,S06,38,132716.56,1,0
2022-07-27,P002,S01,103,123600.0,0,0
2022-07-27,P002,S02,92,110400.0,0,0
2022-07-27,P002,S03,80,96000.0,0,0
2022-07-27,P002,S04,53,63600.0,0,0
2022-07-27,P002,S05,73,87600.0,0,0
2022-07-27,P002,S06,62,74400.0,0,0
2022-07-27,P003,S01,312,109200.0,0,0
2022-07-27,P003,S02,320,112000.0,0,0
2022-07-27,P003,S03,317,110950.0,0,0
2022-07-27,P003,S04,242,84700.0,0,0
2022-07-27,P003,S05,288,100800.0,0,0
2022-07-27,P003,S06,255,89250.0,0,0
2022-07-27,P004,S01,28,193393.91,1,0
2022-07-27,P004,S02,14,119000.0,0,0
2022-07-27,P004,S03,12,102000.0,0,0
2022-07-27,P004,S04,10,85000.0,0,0
2022-07-27,P004,S05,18,125552.76,1,0
2022-07-27,P004,S06,11,93500.0,0,0
2022-07-27,P005,S01,53,116600.0,0,0
2022-07-27,P005,S02,56,123200.0,0,0
2022-07-27,P005,S03,48,105600.0,0,0
2022-07-27,P005,S04,50,110000.0,0,0
2022-07-27,P005,S05,41,90200.0,0,0
2022-07-27,P005,S06,44,96800.0,0,0
2022-07-28,P001,S01,38,171000.0,0,0
2022-07-28,P001,S02,32,144000.0,0,0
2022-07-28,P001,S03,54,189345.69,1,0
2022-07-28,P001,S04,42,160636.8,1,0
2022-07-28,P001,S05,24,108000.0,0,0
2022-07-28,P001,S06,21,94500.0,0,0
2022-07-28,P002,S01,96,115200.0,0,0
2022-07-28,P002,S02,69,82800.0,0,0
2022-07-28,P002,S03,59,70800.0,0,0
2022-07-28,P002,S04,111,103687.25,1,0
2022-07-28,P002,S05,114,109099.35,1,0
2022-07-28,P002,S06,93,80863.9,1,0
2022-07-28,P003,S01,374,130900.0,0,0
2022-07-28,P003,S02,324,113400.0,0,0
2022-07-28,P003,S03,299,104650.0,0,0
2022-07-28,P003,S04,298,104300.0,0,0
2022-07-28,P003,S05,504,144336.32,1,0
2022-07-28,P003,S06,217,75950.0,0,0
2022-07-28,P004,S01,12,102000.0,0,0
2022-07-28,P004,S02,15,127500.0,0,0
2022-07-28,P004,S03,14,119000.0,0,0
2022-07-28,P004,S04,21,161136.09,1,0
2022-07-28,P004,S05,12,102000.0,0,0
2022-07-28,P004,S06,12,102000.0,0,0
2022-07-28,P005,S01,59,129800.0,0,0
2022-07-28,P005,S02,40,88000.0,0,0
2022-07-28,P005,S03,52,114400.0,0,0
2022-07-28,P005,S04,66,126466.06,1,0
2022-07-28,P005,S05,40,88000.0,0,0
2022-07-28,P005,S06,37,81400.0,0,0
2022-07-29,P001,S01,38,171000.0,0,0
2022-07-29,P001,S02,48,168658.68,1,0
2022-07-29,P001,S03,27,121500.0,0,0
2022-07-29,P001,S04,24,108000.0,0,0
2022-07-29,P001,S05,23,103500.0,0,0
2022-07-29,P001,S06,26,117000.0,0,0
2022-07-29,P002,S01,76,91200.0,0,0
2022-07-29,P002,S02,100,111492.54,1,0
2022-07-29,P002,S03,74,88800.0,0,0
2022-07-29,P002,S04,60,72000.0,0,0
2022-07-29,P002,S05,65,78000.0,0,0
2022-07-29,P002,S06,125,111853.18,1,0
2022-07-29,P003,S01,543,164229.04,1,0
2022-07-29,P003,S02,550,156582.49,1,0
2022-07-29,P003,S03,288,100800.0,0,0
2022-07-29,P003,S04,226,79100.0,0,0
2022-07-29,P003,S05,285,99750.0,0,0
2022-07-29,P003,S06,235,82250.0,0,0
2022-07-29,P004,S01,15,127500.0,0,0
2022-07-29,P004,S02,13,110500.0,0,0
2022-07-29,P004,S03,26,172867.43,1,0
2022-07-29,P004,S04,10,85000.0,0,0
2022-07-29,P004,S05,11,93500.0,0,0
2022-07-29,P004,S06,9,76500.0,0,0
2022-07-29,P005,S01,50,110000.0,0,0
2022-07-29,P005,S02,45,99000.0,0,0
2022-07-29,P005,S03,85,138776.24,1,0
2022-07-29,P005,S04,49,107800.0,0,0
2022-07-29,P005,S05,47,103400.0,0,0
2022-07-29,P005,S06,66,116532.15,1,0
2022-07-30,P001,S01,34,153000.0,0,0
2022-07-30,P001,S02,34,153000.0,0,0
2022-07-30,P001,S03,30,135000.0,0,0
2022-07-30,P001,S04,30,135000.0,0,0
2022-07-30,P001,S05,32,144000.0,0,0
2022-07-30,P001,S06,32,144000.0,0,0
2022-07-30,P002,S01,139,145213.62,1,0
2022-07-30,P002,S02,107,128400.0,0,0
2022-07-30,P002,S03,96,115200.0,0,0
2022-07-30,P002,S04,78,93600.0,0,0
2022-07-30,P002,S05,74,88800.0,0,0
2022-07-30,P002,S06,69,82800.0,0,0
2022-07-30,P003,S01,457,159950.0,0,0
2022-07-30,P003,S02,310,108500.0,0,0
2022-07-30,P003,S03,416,145600.0,0,0
2022-07-30,P003,S04,513,143700.67,1,0
2022-07-30,P003,S05,603,177330.98,1,0
2022-07-30,P003,S06,243,85050.0,0,0
2022-07-30,P004,S01,33,232389.85,1,0
2022-07-30,P004,S02,17,144500.0,0,0
2022-07-30,P004,S03,19,136671.12,1,0
2022-07-30,P004,S04,15,127500.0,0,0
2022-07-30,P004,S05,12,102000.0,0,0
2022-07-30,P004,S06,25,195481.82,1,0
2022-07-30,P005,S01,60,132000.0,0,0
2022-07-30,P005,S02,95,163140.51,1,0
2022-07-30,P005,S03,50,110000.0,0,0
2022-07-30,P005,S04,79,122367.5,1,0
2022-07-30,P005,S05,87,141813.51,1,0
2022-07-30,P005,S06,78,151746.52,1,0
2022-07-31,P001,S01,45,202500.0,0,0
2022-07-31,P001,S02,39,175500.0,0,0
2022-07-31,P001,S03,36,162000.0,0,0
2022-07-31,P001,S04,33,148500.0,0,0
2022-07-31,P001,S05,57,193250.51,1,0
2022-07-31,P001,S06,25,112500.0,0,0
2022-07-31,P002,S01,113,135600.0,0,0
2022-07-31,P002,S02,92,110400.0,0,0
2022-07-31,P002,S03,96,115200.0,0,0
2022-07-31,P002,S04,65,78000.0,0,0
2022-07-31,P002,S05,84,100800.0,0,0
2022-07-31,P002,S06,126,117251.3,1,0
2022-07-31,P003,S01,423,148050.0,0,0
2022-07-31,P003,S02,396,138600.0,0,0
2022-07-31,P003,S03,550,167985.21,1,0
2022-07-31,P003,S04,503,136548.76,1,0
2022-07-31,P003,S05,388,135800.0,0,0
2022-07-31,P003,S06,202,70700.0,0,0
2022-07-31,P004,S01,19,161500.0,0,0
2022-07-31,P004,S02,18,153000.0,0,0
2022-07-31,P004,S03,16,136000.0,0,0
2022-07-31,P004,S04,15,127500.0,0,0
2022-07-31,P004,S05,18,122079.74,1,0
2022-07-31,P004,S06,13,110500.0,0,0
2022-07-31,P005,S01,103,179607.62,1,0
2022-07-31,P005,S02,67,147400.0,0,0
2022-07-31,P005,S03,95,148409.51,1,0
2022-07-31,P005,S04,70,108616.23,1,0
2022-07-31,P005,S05,56,123200.0,0,0
2022-07-31,P005,S06,38,83600.0,0,0
2022-08-01,P001,S01,42,163185.2,1,0
2022-08-01,P001,S02,27,121500.0,0,0
2022-08-01,P001,S03,26,117000.0,0,0
2022-08-01,P001,S04,21,94500.0,0,0
2022-08-01,P001,S05,27,121500.0,0,0
2022-08-01,P001,S06,23,103500.0,0,0
2022-08-01,P002,S01,68,81600.0,0,0
2022-08-01,P002,S02,84,100800.0,0,0
2022-08-01,P002,S03,104,117891.37,1,0
2022-08-01,P002,S04,56,67200.0,0,0
2022-08-01,P002,S05,66,79200.0,0,0
2022-08-01,P002,S06,50,60000.0,0,0
2022-08-01,P003,S01,348,121800.0,0,0
2022-08-01,P003,S02,306,107100.0,0,0
2022-08-01,P003,S03,253,88550.0,0,0
2022-08-01,P003,S04,229,80150.0,0,0
2022-08-01,P003,S05,337,110660.23,1,0
2022-08-01,P003,S06,241,84350.0,0,0
2022-08-01,P004,S01,21,168553.2,1,0
2022-08-01,P004,S02,12,102000.0,0,0
2022-08-01,P004,S03,11,93500.0,0,0
2022-08-01,P004,S04,10,85000.0,0,0
2022-08-01,P004,S05,11,93500.0,0,0
2022-08-01,P004,S06,11,68900.96,1,0
2022-08-01,P005,S01,80,160222.15,1,0
2022-08-01,P005,S02,50,110000.0,0,0
2022-08-01,P005,S03,48,105600.0,0,0
2022-08-01,P005,S04,49,107800.0,0,0
2022-08-01,P005,S05,46,101200.0,0,0
2022-08-01,P005,S06,43,94600.0,0,0
2022-08-02,P001,S01,31,139500.0,0,0
2022-08-02,P001,S02,29,130500.0,0,0
2022-08-02,P001,S03,38,136587.16,1,0
2022-08-02,P001,S04,21,94500.0,0,0
2022-08-02,P001,S05,25,112500.0,0,0
2022-08-02,P001,S06,19,85500.0,0,0
2022-08-02,P002,S01,81,97200.0,0,0
2022-08-02,P002,S02,67,80400.0,0,0
2022-08-02,P002,S03,106,95594.22,1,0
2022-08-02,P002,S04,62,74400.0,0,0
2022-08-02,P002,S05,51,61200.0,0,0
2022-08-02,P002,S06,59,70800.0,0,0
2022-08-02,P003,S01,555,145050.4,1,0
2022-08-02,P003,S02,333,116550.0,0,0
2022-08-02,P003,S03,433,106235.72,1,0
2022-08-02,P003,S04,218,76300.0,0,0
2022-08-02,P003,S05,289,101150.0,0,0
2022-08-02,P003,S06,187,65450.0,0,0
2022-08-02,P004,S01,14,119000.0,0,0
2022-08-02,P004,S02,10,85000.0,0,0
2022-08-02,P004,S03,11,93500.0,0,0
2022-08-02,P004,S04,10,85000.0,0,0
2022-08-02,P004,S05,12,102000.0,0,0
2022-08-02,P004,S06,16,100217.51,1,0
2022-08-02,P005,S01,51,112200.0,0,0
2022-08-02,P005,S02,53,116600.0,0,0
2022-08-02,P005,S03,46,101200.0,0,0
2022-08-02,P005,S04,43,94600.0,0,0
2022-08-02,P005,S05,45,99000.0,0,0
2022-08-02,P005,S06,38,83600.0,0,0
2022-08-03,P001,S01,33,148500.0,0,0
2022-08-03,P001,S02,24,108000.0,0,0
2022-08-03,P001,S03,49,174939.13,1,0
2022-08-03,P001,S04,28,126000.0,0,0
2022-08-03,P001,S05,27,121500.0,0,0
2022-08-03,P001,S06,17,76500.0,0,0
2022-08-03,P002,S01,85,102000.0,0,0
2022-08-03,P002,S02,86,103200.0,0,0
2022-08-03,P002,S03,111,99897.64,1,0
2022-08-03,P002,S04,75,90000.0,0,0
2022-08-03,P002,S05,66,79200.0,0,0
2022-08-03,P002,S06,52,62400.0,0,0
2022-08-03,P003,S01,284,99400.0,0,0
2022-08-03,P003,S02,426,135899.53,1,0
2022-08-03,P003,S03,252,88200.0,0,0
2022-08-03,P003,S04,268,93800.0,0,0
2022-08-03,P003,S05,275,96250.0,0,0
2022-08-03,P003,S06,203,71050.0,0,0
2022-08-03,P004,S01,13,110500.0,0,0
2022-08-03,P004,S02,15,127500.0,0,0
2022-08-03,P004,S03,14,119000.0,0,0
2022-08-03,P004,S04,19,114383.93,1,0
2022-08-03,P004,S05,13,110500.0,0,0
2022-08-03,P004,S06,9,76500.0,0,0
2022-08-03,P005,S01,100,196360.22,1,0
2022-08-03,P005,S02,67,147400.0,0,0
2022-08-03,P005,S03,40,88000.0,0,0
2022-08-03,P005,S04,36,79200.0,0,0
2022-08-03,P005,S05,39,85800.0,0,0
2022-08-03,P005,S06,64,101872.51,1,0
2022-08-04,P001,S01,32,144000.0,0,0
2022-08-04,P001,S02,28,126000.0,0,0
2022-08-04,P001,S03,28,126000.0,0,0
2022-08-04,P001,S04,26,117000.0,0,0
2022-08-04,P001,S05,26,117000.0,0,0
2022-08-04,P001,S06,25,112500.0,0,0
2022-08-04,P002,S01,68,81600.0,0,0
2022-08-04,P002,S02,62,74400.0,0,0
2022-08-04,P002,S03,72,86400.0,0,0
2022-08-04,P002,S04,54,64800.0,0,0
2022-08-04,P002,S05,68,81600.0,0,0
2022-08-04,P002,S06,50,60000.0,0,0
2022-08-04,P003,S01,304,106400.0,0,0
2022-08-04,P003,S02,263,92050.0,0,0
2022-08-04,P003,S03,234,81900.0,0,0
2022-08-04,P003,S04,223,78050.0,0,0
2022-08-04,P003,S05,286,100100.0,0,0
2022-08-04,P003,S06,230,80500.0,0,0
2022-08-04,P004,S01,13,110500.0,0,0
2022-08-04,P004,S02,16,136000.0,0,0
2022-08-04,P004,S03,22,150610.35,1,0
2022-08-04,P004,S04,11,93500.0,0,0
2022-08-04,P004,S05,12,102000.0,0,0
2022-08-04,P004,S06,15,96170.8,1,0
2022-08-04,P005,S01,57,125400.0,0,0
2022-08-04,P005,S02,45,99000.0,0,0
2022-08-04,P005,S03,43,94600.0,0,0
2022-08-04,P005,S04,37,81400.0,0,0
2022-08-04,P005,S05,68,114382.13,1,0
2022-08-04,P005,S06,50,96481.26,1,0
2022-08-05,P001,S01,30,135000.0,0,0
2022-08-05,P001,S02,30,135000.0,0,0
2022-08-05,P001,S03,25,112500.0,0,0
2022-08-05,P001,S04,37,116582.82,1,0
2022-08-05,P001,S05,20,90000.0,0,0
2022-08-05,P001,S06,23,103500.0,0,0
2022-08-05,P002,S01,66,79200.0,0,0
2022-08-05,P002,S02,77,92400.0,0,0
2022-08-05,P002,S03,67,80400.0,0,0
2022-08-05,P002,S04,64,76800.0,0,0
2022-08-05,P002,S05,68,81600.0,0,0
2022-08-05,P002,S06,54,64800.0,0,0
2022-08-05,P003,S01,348,121800.0,0,0
2022-08-05,P003,S02,323,113050.0,0,0
2022-08-05,P003,S03,435,144561.8,1,0
2022-08-05,P003,S04,304,106400.0,0,0
2022-08-05,P003,S05,324,113400.0,0,0
2022-08-05,P003,S06,224,78400.0,0,0
2022-08-05,P004,S01,16,136000.0,0,0
2022-08-05,P004,S02,13,110500.0,0,0
2022-08-05,P004,S03,12,102000.0,0,0
2022-08-05,P004,S04,17,113019.8,1,0
2022-08-05,P004,S05,11,93500.0,0,0
2022-08-05,P004,S06,11,93500.0,0,0
2022-08-05,P005,S01,46,101200.0,0,0
2022-08-05,P005,S02,56,123200.0,0,0
2022-08-05,P005,S03,74,136721.61,1,0
2022-08-05,P005,S04,37,81400.0,0,0
2022-08-05,P005,S05,40,88000.0,0,0
2022-08-05,P005,S06,37,81400.0,0,0
2022-08-06,P001,S01,53,172827.78,1,0
2022-08-06,P001,S02,39,175500.0,0,0
2022-08-06,P001,S03,33,148500.0,0,0
2022-08-06,P001,S04,39,127830.44,1,0
2022-08-06,P001,S05,54,205740.26,1,0
2022-08-06,P001,S06,25,112500.0,0,0
2022-08-06,P002,S01,83,99600.0,0,0
2022-08-06,P002,S02,87,104400.0,0,0
2022-08-06,P002,S03,129,121178.15,1,0
2022-08-06,P002,S04,96,91461.15,1,0
2022-08-06,P002,S05,82,98400.0,0,0
2022-08-06,P002,S06,69,82800.0,0,0
2022-08-06,P003,S01,332,116200.0,0,0
2022-08-06,P003,S02,250,87500.0,0,0
2022-08-06,P003,S03,516,165954.18,1,0
2022-08-06,P003,S04,339,118650.0,0,0
2022-08-06,P003,S05,438,128161.53,1,0
2022-08-06,P003,S06,309,92329.19,1,0
2022-08-06,P004,S01,18,153000.0,0,0
2022-08-06,P004,S02,28,182313.49,1,0
2022-08-06,P004,S03,24,177752.97,1,0
2022-08-06,P004,S04,12,102000.0,0,0
2022-08-06,P004,S05,14,119000.0,0,0
2022-08-06,P004,S06,14,119000.0,0,0
2022-08-06,P005,S01,94,184659.71,1,0
2022-08-06,P005,S02,61,134200.0,0,0
2022-08-06,P005,S03,56,123200.0,0,0
2022-08-06,P005,S04,68,108356.14,1,0
2022-08-06,P005,S05,48,105600.0,0,0
2022-08-06,P005,S06,43,94600.0,0,0
2022-08-07,P001,S01,42,189000.0,0,0
2022-08-07,P001,S02,24,108000.0,0,0
2022-08-07,P001,S03,52,176703.86,1,0
2022-08-07,P001,S04,43,180353.33,1,0
2022-08-07,P001,S05,31,139500.0,0,0
2022-08-07,P001,S06,37,145927.83,1,0
2022-08-07,P002,S01,126,111621.44,1,0
2022-08-07,P002,S02,109,115646.58,1,0
2022-08-07,P002,S03,133,135737.03,1,0
2022-08-07,P002,S04,71,85200.0,0,0
2022-08-07,P002,S05,70,84000.0,0,0
2022-08-07,P002,S06,73,87600.0,0,0
2022-08-07,P003,S01,646,180879.23,1,0
2022-08-07,P003,S02,380,133000.0,0,0
2022-08-07,P003,S03,361,126350.0,0,0
2022-08-07,P003,S04,573,156577.79,1,0
2022-08-07,P003,S05,392,137200.0,0,0
2022-08-07,P003,S06,223,78050.0,0,0
2022-08-07,P004,S01,26,194140.19,1,0
2022-08-07,P004,S02,16,136000.0,0,0
2022-08-07,P004,S03,25,198665.53,1,0
2022-08-07,P004,S04,23,157239.37,1,0
2022-08-07,P004,S05,26,189239.21,1,0
2022-08-07,P004,S06,11,93500.0,0,0
2022-08-07,P005,S01,94,154835.89,1,0
2022-08-07,P005,S02,57,125400.0,0,0
2022-08-07,P005,S03,77,149548.08,1,0
2022-08-07,P005,S04,39,85800.0,0,0
2022-08-07,P005,S05,48,105600.0,0,0
2022-08-07,P005,S06,41,90200.0,0,0
2022-08-08,P001,S01,40,180000.0,0,0
2022-08-08,P001,S02,55,222752.51,1,0
2022-08-08,P001,S03,27,121500.0,0,0
2022-08-08,P001,S04,39,144459.68,1,0
2022-08-08,P001,S05,32,144000.0,0,0
2022-08-08,P001,S06,21,94500.0,0,0
2022-08-08,P002,S01,64,76800.0,0,0
2022-08-08,P002,S02,61,73200.0,0,0
2022-08-08,P002,S03,70,84000.0,0,0
2022-08-08,P002,S04,87,82387.64,1,0
2022-08-08,P002,S05,74,88800.0,0,0
2022-08-08,P002,S06,61,73200.0,0,0
2022-08-08,P003,S01,317,110950.0,0,0
2022-08-08,P003,S02,311,108850.0,0,0
2022-08-08,P003,S03,212,74200.0,0,0
2022-08-08,P003,S04,260,91000.0,0,0
2022-08-08,P003,S05,250,87500.0,0,0
2022-08-08,P003,S06,222,77700.0,0,0
2022-08-08,P004,S01,16,136000.0,0,0
2022-08-08,P004,S02,13,110500.0,0,0
2022-08-08,P004,S03,12,102000.0,0,0
2022-08-08,P004,S04,10,85000.0,0,0
2022-08-08,P004,S05,13,110500.0,0,0
2022-08-08,P004,S06,18,111973.68,1,0
2022-08-08,P005,S01,62,136400.0,0,0
2022-08-08,P005,S02,49,107800.0,0,0
2022-08-08,P005,S03,45,99000.0,0,0
2022-08-08,P005,S04,74,149207.46,1,0
2022-08-08,P005,S05,46,101200.0,0,0
2022-08-08,P005,S06,39,85800.0,0,0
2022-08-09,P001,S01,29,130500.0,0,0
2022-08-09,P001,S02,42,148692.89,1,0
2022-08-09,P001,S03,45,175389.3,1,0
2022-08-09,P001,S04,23,103500.0,0,0
2022-08-09,P001,S05,28,126000.0,0,0
2022-08-09,P001,S06,38,153380.54,1,0
2022-08-09,P002,S01,86,103200.0,0,0
2022-08-09,P002,S02,84,100800.0,0,0
2022-08-09,P002,S03,69,82800.0,0,0
2022-08-09,P002,S04,55,66000.0,0,0
2022-08-09,P002,S05,64,76800.0,0,0
2022-08-09,P002,S06,76,78419.36,1,0
2022-08-09,P003,S01,345,120750.0,0,0
2022-08-09,P003,S02,427,122617.6,1,0
2022-08-09,P003,S03,295,103250.0,0,0
2022-08-09,P003,S04,210,73500.0,0,0
2022-08-09,P003,S05,274,95900.0,0,0
2022-08-09,P003,S06,184,64400.0,0,0
2022-08-09,P004,S01,12,102000.0,0,0
2022-08-09,P004,S02,10,85000.0,0,0
2022-08-09,P004,S03,10,85000.0,0,0
2022-08-09,P004,S04,11,93500.0,0,0
2022-08-09,P004,S05,13,110500.0,0,0
2022-08-09,P004,S06,11,93500.0,0,0
2022-08-09,P005,S01,32,70400.0,0,0
2022-08-09,P005,S02,56,123200.0,0,0
2022-08-09,P005,S03,57,125400.0,0,0
2022-08-09,P005,S04,51,112200.0,0,0
2022-08-09,P005,S05,40,88000.0,0,0
2022-08-09,P005,S06,40,88000.0,0,0
2022-08-10,P001,S01,31,139500.0,0,0
2022-08-10,P001,S02,28,126000.0,0,0
2022-08-10,P001,S03,32,144000.0,0,0
2022-08-10,P001,S04,22,99000.0,0,0
2022-08-10,P001,S05,43,166311.72,1,0
2022-08-10,P001,S06,23,103500.0,0,0
2022-08-10,P002,S01,74,88800.0,0,0
2022-08-10,P002,S02,86,103200.0,0,0
2022-08-10,P002,S03,115,100090.5,1,0
2022-08-10,P002,S04,67,80400.0,0,0
2022-08-10,P002,S05,96,109330.24,1,0
2022-08-10,P002,S06,46,55200.0,0,0
2022-08-10,P003,S01,342,119700.0,0,0
2022-08-10,P003,S02,367,128450.0,0,0
2022-08-10,P003,S03,212,74200.0,0,0
2022-08-10,P003,S04,256,89600.0,0,0
2022-08-10,P003,S05,409,110341.75,1,0
2022-08-10,P003,S06,209,73150.0,0,0
2022-08-10,P004,S01,14,119000.0,0,0
2022-08-10,P004,S02,13,110500.0,0,0
2022-08-10,P004,S03,12,102000.0,0,0
2022-08-10,P004,S04,15,119522.78,1,0
2022-08-10,P004,S05,12,102000.0,0,0
2022-08-10,P004,S06,17,101913.79,1,0
2022-08-10,P005,S01,56,123200.0,0,0
2022-08-10,P005,S02,48,105600.0,0,0
2022-08-10,P005,S03,60,95443.14,1,0
2022-08-10,P005,S04,45,99000.0,0,0
2022-08-10,P005,S05,39,85800.0,0,0
2022-08-10,P005,S06,42,92400.0,0,0
2022-08-11,P001,S01,35,157500.0,0,0
2022-08-11,P001,S02,34,153000.0,0,0
2022-08-11,P001,S03,23,103500.0,0,0
2022-08-11,P001,S04,28,126000.0,0,0
2022-08-11,P001,S05,33,148500.0,0,0
2022-08-11,P001,S06,40,168551.41,1,0
2022-08-11,P002,S01,77,92400.0,0,0
2022-08-11,P002,S02,68,81600.0,0,0
2022-08-11,P002,S03,62,74400.0,0,0
2022-08-11,P002,S04,74,63856.71,1,0
2022-08-11,P002,S05,79,94800.0,0,0
2022-08-11,P002,S06,63,75600.0,0,0
2022-08-11,P003,S01,378,132300.0,0,0
2022-08-11,P003,S02,308,107800.0,0,0
2022-08-11,P003,S03,284,99400.0,0,0
2022-08-11,P003,S04,409,129652.24,1,0
2022-08-11,P003,S05,239,83650.0,0,0
2022-08-11,P003,S06,244,85400.0,0,0
2022-08-11,P004,S01,13,110500.0,0,0
2022-08-11,P004,S02,13,110500.0,0,0
2022-08-11,P004,S03,12,102000.0,0,0
2022-08-11,P004,S04,15,94672.51,1,0
2022-08-11,P004,S05,14,119000.0,0,0
2022-08-11,P004,S06,10,85000.0,0,0
2022-08-11,P005,S01,40,88000.0,0,0
2022-08-11,P005,S02,46,101200.0,0,0
2022-08-11,P005,S03,45,99000.0,0,0
2022-08-11,P005,S04,35,77000.0,0,0
2022-08-11,P005,S05,36,79200.0,0,0
2022-08-11,P005,S06,40,88000.0,0,0
2022-08-12,P001,S01,29,130500.0,0,0
2022-08-12,P001,S02,26,117000.0,0,0
2022-08-12,P001,S03,25,112500.0,0,0
2022-08-12,P001,S04,38,129343.55,1,0
2022-08-12,P001,S05,24,108000.0,0,0
2022-08-12,P001,S06,20,90000.0,0,0
2022-08-12,P002,S01,84,100800.0,0,0
2022-08-12,P002,S02,60,72000.0,0,0
2022-08-12,P002,S03,88,105600.0,0,0
2022-08-12,P002,S04,70,84000.0,0,0
2022-08-12,P002,S05,101,112067.56,1,0
2022-08-12,P002,S06,48,57600.0,0,0
2022-08-12,P003,S01,285,99750.0,0,0
2022-08-12,P003,S02,337,117950.0,0,0
2022-08-12,P003,S03,534,177204.18,1,0
2022-08-12,P003,S04,299,104650.0,0,0
2022-08-12,P003,S05,216,75600.0,0,0
2022-08-12,P003,S06,231,80850.0,0,0
2022-08-12,P004,S01,13,110500.0,0,0
2022-08-12,P004,S02,21,154551.46,1,0
2022-08-12,P004,S03,11,93500.0,0,0
2022-08-12,P004,S04,10,85000.0,0,0
2022-08-12,P004,S05,16,125410.55,1,0
2022-08-12,P004,S06,14,97102.51,1,0
2022-08-12,P005,S01,95,165453.45,1,0
2022-08-12,P005,S02,52,114400.0,0,0
2022-08-12,P005,S03,46,101200.0,0,0
2022-08-12,P005,S04,44,96800.0,0,0
2022-08-12,P005,S05,47,103400.0,0,0
2022-08-12,P005,S06,34,74800.0,0,0
2022-08-13,P001,S01,44,198000.0,0,0
2022-08-13,P001,S02,36,162000.0,0,0
2022-08-13,P001,S03,38,123483.3,1,0
2022-08-13,P001,S04,34,135166.81,1,0
2022-08-13,P001,S05,31,139500.0,0,0
2022-08-13,P001,S06,24,108000.0,0,0
2022-08-13,P002,S01,115,121749.4,1,0
2022-08-13,P002,S02,91,109200.0,0,0
2022-08-13,P002,S03,86,103200.0,0,0
2022-08-13,P002,S04,67,80400.0,0,0
2022-08-13,P002,S05,116,117866.23,1,0
2022-08-13,P002,S06,100,95135.99,1,0
2022-08-13,P003,S01,528,148469.15,1,0
2022-08-13,P003,S02,330,115500.0,0,0
2022-08-13,P003,S03,528,135850.69,1,0
2022-08-13,P003,S04,361,126350.0,0,0
2022-08-13,P003,S05,578,149527.86,1,0
2022-08-13,P003,S06,389,127462.51,1,0
2022-08-13,P004,S01,22,169064.71,1,0
2022-08-13,P004,S02,25,158469.36,1,0
2022-08-13,P004,S03,22,135285.5,1,0
2022-08-13,P004,S04,18,113735.81,1,0
2022-08-13,P004,S05,22,132490.59,1,0
2022-08-13,P004,S06,10,85000.0,0,0
2022-08-13,P005,S01,63,138600.0,0,0
2022-08-13,P005,S02,52,114400.0,0,0
2022-08-13,P005,S03,59,129800.0,0,0
2022-08-13,P005,S04,99,160483.68,1,0
2022-08-13,P005,S05,51,112200.0,0,0
2022-08-13,P005,S06,39,85800.0,0,0
2022-08-14,P001,S01,47,211500.0,0,0
2022-08-14,P001,S02,35,157500.0,0,0
2022-08-14,P001,S03,33,148500.0,0,0
2022-08-14,P001,S04,44,158083.64,1,0
2022-08-14,P001,S05,51,200779.47,1,0
2022-08-14,P001,S06,23,103500.0,0,0
2022-08-14,P002,S01,107,128400.0,0,0
2022-08-14,P002,S02,93,111600.0,0,0
2022-08-14,P002,S03,87,104400.0,0,0
2022-08-14,P002,S04,69,82800.0,0,0
2022-08-14,P002,S05,67,80400.0,0,0
2022-08-14,P002,S06,82,98400.0,0,0
2022-08-14,P003,S01,380,133000.0,0,0
2022-08-14,P003,S02,325,113750.0,0,0
2022-08-14,P003,S03,260,91000.0,0,0
2022-08-14,P003,S04,289,101150.0,0,0
2022-08-14,P003,S05,322,112700.0,0,0
2022-08-14,P003,S06,267,93450.0,0,0
2022-08-14,P004,S01,19,144923.25,1,0
2022-08-14,P004,S02,19,161500.0,0,0
2022-08-14,P004,S03,24,175362.11,1,0
2022-08-14,P004,S04,13,110500.0,0,0
2022-08-14,P004,S05,13,110500.0,0,0
2022-08-14,P004,S06,11,93500.0,0,0
2022-08-14,P005,S01,107,182106.63,1,0
2022-08-14,P005,S02,94,147141.22,1,0
2022-08-14,P005,S03,50,110000.0,0,0
2022-08-14,P005,S04,41,90200.0,0,0
2022-08-14,P005,S05,53,116600.0,0,0
2022-08-14,P005,S06,67,136999.25,1,0
2022-08-15,P001,S01,40,180000.0,0,1
2022-08-15,P001,S02,74,268778.31,1,1
2022-08-15,P001,S03,51,184654.08,1,1
2022-08-15,P001,S04,33,148500.0,0,1
2022-08-15,P001,S05,40,180000.0,0,1
2022-08-15,P001,S06,44,140029.67,1,1
2022-08-15,P002,S01,178,150664.38,1,1
2022-08-15,P002,S02,117,140400.0,0,1
2022-08-15,P002,S03,110,132000.0,0,1
2022-08-15,P002,S04,143,136312.93,1,1
2022-08-15,P002,S05,96,115200.0,0,1
2022-08-15,P002,S06,85,102000.0,0,1
2022-08-15,P003,S01,531,185850.0,0,1
2022-08-15,P003,S02,655,190347.23,1,1
2022-08-15,P003,S03,415,145250.0,0,1
2022-08-15,P003,S04,316,110600.0,0,1
2022-08-15,P003,S05,417,145950.0,0,1
2022-08-15,P003,S06,365,127750.0,0,1
2022-08-15,P004,S01,23,195500.0,0,1
2022-08-15,P004,S02,18,153000.0,0,1
2022-08-15,P004,S03,27,189634.07,1,1
2022-08-15,P004,S04,13,110500.0,0,1
2022-08-15,P004,S05,26,181466.74,1,1
2022-08-15,P004,S06,15,127500.0,0,1
2022-08-15,P005,S01,127,213662.52,1,1
2022-08-15,P005,S02,94,145329.25,1,1
2022-08-15,P005,S03,59,129800.0,0,1
2022-08-15,P005,S04,86,151782.83,1,1
2022-08-15,P005,S05,52,114400.0,0,1
2022-08-15,P005,S06,90,164373.1,1,1
2022-08-16,P001,S01,28,126000.0,0,0
2022-08-16,P001,S02,30,135000.0,0,0
2022-08-16,P001,S03,45,168281.12,1,0
2022-08-16,P001,S04,38,132619.1,1,0
2022-08-16,P001,S05,44,158770.3,1,0
2022-08-16,P001,S06,48,181901.9,1,0
2022-08-16,P002,S01,82,98400.0,0,0
2022-08-16,P002,S02,95,114000.0,0,0
2022-08-16,P002,S03,68,81600.0,0,0
2022-08-16,P002,S04,63,75600.0,0,0
2022-08-16,P002,S05,68,81600.0,0,0
2022-08-16,P002,S06,62,74400.0,0,0
2022-08-16,P003,S01,320,112000.0,0,0
2022-08-16,P003,S02,235,82250.0,0,0
2022-08-16,P003,S03,277,96950.0,0,0
2022-08-16,P003,S04,294,102900.0,0,0
2022-08-16,P003,S05,273,95550.0,0,0
2022-08-16,P003,S06,282,91888.55,1,0
2022-08-16,P004,S01,15,127500.0,0,0
2022-08-16,P004,S02,12,102000.0,0,0
2022-08-16,P004,S03,11,93500.0,0,0
2022-08-16,P004,S04,16,123908.42,1,0
2022-08-16,P004,S05,14,119000.0,0,0
2022-08-16,P004,S06,8,68000.0,0,0
2022-08-16,P005,S01,49,107800.0,0,0
2022-08-16,P005,S02,51,100918.37,1,0
2022-08-16,P005,S03,45,99000.0,0,0
2022-08-16,P005,S04,45,99000.0,0,0
2022-08-16,P005,S05,62,106492.82,1,0
2022-08-16,P005,S06,44,96800.0,0,0
2022-08-17,P001,S01,41,184500.0,0,0
2022-08-17,P001,S02,30,135000.0,0,0
2022-08-17,P001,S03,33,148500.0,0,0
2022-08-17,P001,S04,37,136051.9,1,0
2022-08-17,P001,S05,20,90000.0,0,0
2022-08-17,P001,S06,21,94500.0,0,0
2022-08-17,P002,S01,140,145514.15,1,0
2022-08-17,P002,S02,73,87600.0,0,0
2022-08-17,P002,S03,75,90000.0,0,0
2022-08-17,P002,S04,70,84000.0,0,0
2022-08-17,P002,S05,70,84000.0,0,0
2022-08-17,P002,S06,57,68400.0,0,0
2022-08-17,P003,S01,328,114800.0,0,0
2022-08-17,P003,S02,241,84350.0,0,0
2022-08-17,P003,S03,317,110950.0,0,0
2022-08-17,P003,S04,253,88550.0,0,0
2022-08-17,P003,S05,223,78050.0,0,0
2022-08-17,P003,S06,213,74550.0,0,0
2022-08-17,P004,S01,12,102000.0,0,0
2022-08-17,P004,S02,23,159354.83,1,0
2022-08-17,P004,S03,14,119000.0,0,0
2022-08-17,P004,S04,11,93500.0,0,0
2022-08-17,P004,S05,11,93500.0,0,0
2022-08-17,P004,S06,11,93500.0,0,0
2022-08-17,P005,S01,60,132000.0,0,0
2022-08-17,P005,S02,50,110000.0,0,0
2022-08-17,P005,S03,71,109413.83,1,0
2022-08-17,P005,S04,64,109303.51,1,0
2022-08-17,P005,S05,41,90200.0,0,0
2022-08-17,P005,S06,39,85800.0,0,0
2022-08-18,P001,S01,25,112500.0,0,0
2022-08-18,P001,S02,45,186952.11,1,0
2022-08-18,P001,S03,35,157500.0,0,0
2022-08-18,P001,S04,22,99000.0,0,0
2022-08-18,P001,S05,36,121360.79,1,0
2022-08-18,P001,S06,20,90000.0,0,0
2022-08-18,P002,S01,68,81600.0,0,0
2022-08-18,P002,S02,82,98400.0,0,0
2022-08-18,P002,S03,58,69600.0,0,0
2022-08-18,P002,S04,58,69600.0,0,0
2022-08-18,P002,S05,50,60000.0,0,0
2022-08-18,P002,S06,58,69600.0,0,0
2022-08-18,P003,S01,284,99400.0,0,0
2022-08-18,P003,S02,281,98350.0,0,0
2022-08-18,P003,S03,252,88200.0,0,0
2022-08-18,P003,S04,215,75250.0,0,0
2022-08-18,P003,S05,252,88200.0,0,0
2022-08-18,P003,S06,194,67900.0,0,0
2022-08-18,P004,S01,13,110500.0,0,0
2022-08-18,P004,S02,12,102000.0,0,0
2022-08-18,P004,S03,12,102000.0,0,0
2022-08-18,P004,S04,16,105075.05,1,0
2022-08-18,P004,S05,11,93500.0,0,0
2022-08-18,P004,S06,11,93500.0,0,0
2022-08-18,P005,S01,53,116600.0,0,0
2022-08-18,P005,S02,54,118800.0,0,0
2022-08-18,P005,S03,47,103400.0,0,0
2022-08-18,P005,S04,39,85800.0,0,0
2022-08-18,P005,S05,41,90200.0,0,0
2022-08-18,P005,S06,43,94600.0,0,0
2022-08-19,P001,S01,50,197667.26,1,0
2022-08-19,P001,S02,30,135000.0,0,0
2022-08-19,P001,S03,29,130500.0,0,0
2022-08-19,P001,S04,20,90000.0,0,0
2022-08-19,P001,S05,30,135000.0,0,0
2022-08-19,P001,S06,34,140596.9,1,0
2022-08-19,P002,S01,74,88800.0,0,0
2022-08-19,P002,S02,67,80400.0,0,0
2022-08-19,P002,S03,57,68400.0,0,0
2022-08-19,P002,S04,63,75600.0,0,0
2022-08-19,P002,S05,73,87600.0,0,0
2022-08-19,P002,S06,55,66000.0,0,0
2022-08-19,P003,S01,390,136500.0,0,0
2022-08-19,P003,S02,316,110600.0,0,0
2022-08-19,P003,S03,302,105700.0,0,0
2022-08-19,P003,S04,285,99750.0,0,0
2022-08-19,P003,S05,254,88900.0,0,0
2022-08-19,P003,S06,349,99758.1,1,0
2022-08-19,P004,S01,24,155760.03,1,0
2022-08-19,P004,S02,18,114629.17,1,0
2022-08-19,P004,S03,12,102000.0,0,0
2022-08-19,P004,S04,11,93500.0,0,0
2022-08-19,P004,S05,10,85000.0,0,0
2022-08-19,P004,S06,15,115159.12,1,0
2022-08-19,P005,S01,58,127600.0,0,0
2022-08-19,P005,S02,47,103400.0,0,0
2022-08-19,P005,S03,37,81400.0,0,0
2022-08-19,P005,S04,65,107496.21,1,0
2022-08-19,P005,S05,39,85800.0,0,0
2022-08-19,P005,S06,48,105600.0,0,0
2022-08-20,P001,S01,42,189000.0,0,0
2022-08-20,P001,S02,33,148500.0,0,0
2022-08-20,P001,S03,31,139500.0,0,0
2022-08-20,P001,S04,31,139500.0,0,0
2022-08-20,P001,S05,23,103500.0,0,0
2022-08-20,P001,S06,42,166825.51,1,0
2022-08-20,P002,S01,167,167763.13,1,0
2022-08-20,P002,S02,80,96000.0,0,0
2022-08-20,P002,S03,97,116400.0,0,0
2022-08-20,P002,S04,63,75600.0,0,0
2022-08-20,P002,S05,125,140048.23,1,0
2022-08-20,P002,S06,63,75600.0,0,0
2022-08-20,P003,S01,301,105350.0,0,0
2022-08-20,P003,S02,356,124600.0,0,0
2022-08-20,P003,S03,250,87500.0,0,0
2022-08-20,P003,S04,292,102200.0,0,0
2022-08-20,P003,S05,293,102550.0,0,0
2022-08-20,P003,S06,400,125427.65,1,0
2022-08-20,P004,S01,18,114315.93,1,0
2022-08-20,P004,S02,15,127500.0,0,0
2022-08-20,P004,S03,11,93500.0,0,0
2022-08-20,P004,S04,11,93500.0,0,0
2022-08-20,P004,S05,13,110500.0,0,0
2022-08-20,P004,S06,11,93500.0,0,0
2022-08-20,P005,S01,53,116600.0,0,0
2022-08-20,P005,S02,98,157134.16,1,0
2022-08-20,P005,S03,59,129800.0,0,0
2022-08-20,P005,S04,55,94723.13,1,0
2022-08-20,P005,S05,51,112200.0,0,0
2022-08-20,P005,S06,44,96800.0,0,0
2022-08-21,P001,S01,34,153000.0,0,0
2022-08-21,P001,S02,56,190286.5,1,0
2022-08-21,P001,S03,51,183285.06,1,0
2022-08-21,P001,S04,44,166571.87,1,0
2022-08-21,P001,S05,32,144000.0,0,0
2022-08-21,P001,S06,22,99000.0,0,0
2022-08-21,P002,S01,79,94800.0,0,0
2022-08-21,P002,S02,78,93600.0,0,0
2022-08-21,P002,S03,64,76800.0,0,0
2022-08-21,P002,S04,63,75600.0,0,0
2022-08-21,P002,S05,107,92109.87,1,0
2022-08-21,P002,S06,51,61200.0,0,0
2022-08-21,P003,S01,349,122150.0,0,0
2022-08-21,P003,S02,541,149807.08,1,0
2022-08-21,P003,S03,467,120443.91,1,0
2022-08-21,P003,S04,350,111988.63,1,0
2022-08-21,P003,S05,466,124025.88,1,0
2022-08-21,P003,S06,232,81200.0,0,0
2022-08-21,P004,S01,19,161500.0,0,0
2022-08-21,P004,S02,17,144500.0,0,0
2022-08-21,P004,S03,13,110500.0,0,0
2022-08-21,P004,S04,14,119000.0,0,0
2022-08-21,P004,S05,18,108920.01,1,0
2022-08-21,P004,S06,11,93500.0,0,0
2022-08-21,P005,S01,65,143000.0,0,0
2022-08-21,P005,S02,53,116600.0,0,0
2022-08-21,P005,S03,48,105600.0,0,0
2022-08-21,P005,S04,70,123652.66,1,0
2022-08-21,P005,S05,54,118800.0,0,0
2022-08-21,P005,S06,39,85800.0,0,0
2022-08-22,P001,S01,30,135000.0,0,0
2022-08-22,P001,S02,28,126000.0,0,0
2022-08-22,P001,S03,27,121500.0,0,0
2022-08-22,P001,S04,22,99000.0,0,0
2022-08-22,P001,S05,19,85500.0,0,0
2022-08-22,P001,S06,20,90000.0,0,0
2022-08-22,P002,S01,93,111600.0,0,0
2022-08-22,P002,S02,70,84000.0,0,0
2022-08-22,P002,S03,64,76800.0,0,0
2022-08-22,P002,S04,108,111587.01,1,0
2022-08-22,P002,S05,109,107413.77,1,0
2022-08-22,P002,S06,53,63600.0,0,0
2022-08-22,P003,S01,546,168967.75,1,0
2022-08-22,P003,S02,272,95200.0,0,0
2022-08-22,P003,S03,332,116200.0,0,0
2022-08-22,P003,S04,422,124628.25,1,0
2022-08-22,P003,S05,242,84700.0,0,0
2022-08-22,P003,S06,229,80150.0,0,0
2022-08-22,P004,S01,15,127500.0,0,0
2022-08-22,P004,S02,20,126985.79,1,0
2022-08-22,P004,S03,13,110500.0,0,0
2022-08-22,P004,S04,10,85000.0,0,0
2022-08-22,P004,S05,9,76500.0,0,0
2022-08-22,P004,S06,9,76500.0,0,0
2022-08-22,P005,S01,47,103400.0,0,0
2022-08-22,P005,S02,60,132000.0,0,0
2022-08-22,P005,S03,47,103400.0,0,0
2022-08-22,P005,S04,64,133708.6,1,0
2022-08-22,P005,S05,43,94600.0,0,0
2022-08-22,P005,S06,29,63800.0,0,0
2022-08-23,P001,S01,56,195699.99,1,0
2022-08-23,P001,S02,30,135000.0,0,0
2022-08-23,P001,S03,27,121500.0,0,0
2022-08-23,P001,S04,22,99000.0,0,0
2022-08-23,P001,S05,28,126000.0,0,0
2022-08-23,P001,S06,22,99000.0,0,0
2022-08-23,P002,S01,94,112800.0,0,0
2022-08-23,P002,S02,102,109464.4,1,0
2022-08-23,P002,S03,71,85200.0,0,0
2022-08-23,P002,S04,62,74400.0,0,0
2022-08-23,P002,S05,54,64800.0,0,0
2022-08-23,P002,S06,94,96572.65,1,0
2022-08-23,P003,S01,354,123900.0,0,0
2022-08-23,P003,S02,340,119000.0,0,0
2022-08-23,P003,S03,300,105000.0,0,0
2022-08-23,P003,S04,264,92400.0,0,0
2022-08-23,P003,S05,237,82950.0,0,0
2022-08-23,P003,S06,259,90650.0,0,0
2022-08-23,P004,S01,21,147554.9,1,0
2022-08-23,P004,S02,15,127500.0,0,0
2022-08-23,P004,S03,13,110500.0,0,0
2022-08-23,P004,S04,11,93500.0,0,0
2022-08-23,P004,S05,11,93500.0,0,0
2022-08-23,P004,S06,11,93500.0,0,0
2022-08-23,P005,S01,59,129800.0,0,0
2022-08-23,P005,S02,47,103400.0,0,0
2022-08-23,P005,S03,44,96800.0,0,0
2022-08-23,P005,S04,40,88000.0,0,0
2022-08-23,P005,S05,76,132395.77,1,0
2022-08-23,P005,S06,32,70400.0,0,0
2022-08-24,P001,S01,32,144000.0,0,0
2022-08-24,P001,S02,24,108000.0,0,0
2022-08-24,P001,S03,26,117000.0,0,0
2022-08-24,P001,S04,26,117000.0,0,0
2022-08-24,P001,S05,25,112500.0,0,0
2022-08-24,P001,S06,26,117000.0,0,0
2022-08-24,P002,S01,72,86400.0,0,0
2022-08-24,P002,S02,77,92400.0,0,0
2022-08-24,P002,S03,119,120525.26,1,0
2022-08-24,P002,S04,62,74400.0,0,0
2022-08-24,P002,S05,77,92400.0,0,0
2022-08-24,P002,S06,55,66000.0,0,0
2022-08-24,P003,S01,283,99050.0,0,0
2022-08-24,P003,S02,271,94850.0,0,0
2022-08-24,P003,S03,305,106750.0,0,0
2022-08-24,P003,S04,229,80150.0,0,0
2022-08-24,P003,S05,207,72450.0,0,0
2022-08-24,P003,S06,392,110103.72,1,0
2022-08-24,P004,S01,13,110500.0,0,0
2022-08-24,P004,S02,12,102000.0,0,0
2022-08-24,P004,S03,21,162352.13,1,0
2022-08-24,P004,S04,11,93500.0,0,0
2022-08-24,P004,S05,10,85000.0,0,0
2022-08-24,P004,S06,10,85000.0,0,0
2022-08-24,P005,S01,47,103400.0,0,0
2022-08-24,P005,S02,55,121000.0,0,0
2022-08-24,P005,S03,70,128896.97,1,0
2022-08-24,P005,S04,41,90200.0,0,0
2022-08-24,P005,S05,67,126240.28,1,0
2022-08-24,P005,S06,34,74800.0,0,0
2022-08-25,P001,S01,52,204166.79,1,0
2022-08-25,P001,S02,47,193226.13,1,0
2022-08-25,P001,S03,41,171635.61,1,0
2022-08-25,P001,S04,26,117000.0,0,0
2022-08-25,P001,S05,26,117000.0,0,0
2022-08-25,P001,S06,36,151978.23,1,0
2022-08-25,P002,S01,70,84000.0,0,0
2022-08-25,P002,S02,70,84000.0,0,0
2022-08-25,P002,S03,79,94800.0,0,0
2022-08-25,P002,S04,56,67200.0,0,0
2022-08-25,P002,S05,72,86400.0,0,0
2022-08-25,P002,S06,63,75600.0,0,0
2022-08-25,P003,S01,290,101500.0,0,0
2022-08-25,P003,S02,243,85050.0,0,0
2022-08-25,P003,S03,220,77000.0,0,0
2022-08-25,P003,S04,194,67900.0,0,0
2022-08-25,P003,S05,316,97981.34,1,0
2022-08-25,P003,S06,337,93445.97,1,0
2022-08-25,P004,S01,17,144500.0,0,0
2022-08-25,P004,S02,20,135890.13,1,0
2022-08-25,P004,S03,13,110500.0,0,0
2022-08-25,P004,S04,10,85000.0,0,0
2022-08-25,P004,S05,12,102000.0,0,0
2022-08-25,P004,S06,12,102000.0,0,0
2022-08-25,P005,S01,48,105600.0,0,0
2022-08-25,P005,S02,84,166376.04,1,0
2022-08-25,P005,S03,51,112200.0,0,0
2022-08-25,P005,S04,37,81400.0,0,0
2022-08-25,P005,S05,41,90200.0,0,0
2022-08-25,P005,S06,39,85800.0,0,0
2022-08-26,P001,S01,31,139500.0,0,0
2022-08-26,P001,S02,32,144000.0,0,0
2022-08-26,P001,S03,26,117000.0,0,0
2022-08-26,P001,S04,36,131007.84,1,0
2022-08-26,P001,S05,30,135000.0,0,0
2022-08-26,P001,S06,25,112500.0,0,0
2022-08-26,P002,S01,82,98400.0,0,0
2022-08-26,P002,S02,61,73200.0,0,0
2022-08-26,P002,S03,112,115809.89,1,0
2022-08-26,P002,S04,55,66000.0,0,0
2022-08-26,P002,S05,62,74400.0,0,0
2022-08-26,P002,S06,56,67200.0,0,0
2022-08-26,P003,S01,306,107100.0,0,0
2022-08-26,P003,S02,263,92050.0,0,0
2022-08-26,P003,S03,257,89950.0,0,0
2022-08-26,P003,S04,239,83650.0,0,0
2022-08-26,P003,S05,205,71750.0,0,0
2022-08-26,P003,S06,227,79450.0,0,0
2022-08-26,P004,S01,14,119000.0,0,0
2022-08-26,P004,S02,17,135835.02,1,0
2022-08-26,P004,S03,10,85000.0,0,0
2022-08-26,P004,S04,21,167423.53,1,0
2022-08-26,P004,S05,12,102000.0,0,0
2022-08-26,P004,S06,16,105337.25,1,0
2022-08-26,P005,S01,83,166503.8,1,0
2022-08-26,P005,S02,87,175798.37,1,0
2022-08-26,P005,S03,49,107800.0,0,0
2022-08-26,P005,S04,78,148752.54,1,0
2022-08-26,P005,S05,42,92400.0,0,0
2022-08-26,P005,S06,32,70400.0,0,0
2022-08-27,P001,S01,36,162000.0,0,0
2022-08-27,P001,S02,39,175500.0,0,0
2022-08-27,P001,S03,29,130500.0,0,0
2022-08-27,P001,S04,34,153000.0,0,0
2022-08-27,P001,S05,32,144000.0,0,0
2022-08-27,P001,S06,26,117000.0,0,0
2022-08-27,P002,S01,97,116400.0,0,0
2022-08-27,P002,S02,94,112800.0,0,0
2022-08-27,P002,S03,87,104400.0,0,0
2022-08-27,P002,S04,71,85200.0,0,0
2022-08-27,P002,S05,77,92400.0,0,0
2022-08-27,P002,S06,72,86400.0,0,0
2022-08-27,P003,S01,390,136500.0,0,0
2022-08-27,P003,S02,491,140057.78,1,0
2022-08-27,P003,S03,313,109550.0,0,0
2022-08-27,P003,S04,244,85400.0,0,0
2022-08-27,P003,S05,260,91000.0,0,0
2022-08-27,P003,S06,267,93450.0,0,0
2022-08-27,P004,S01,16,136000.0,0,0
2022-08-27,P004,S02,24,187941.45,1,0
2022-08-27,P004,S03,12,102000.0,0,0
2022-08-27,P004,S04,18,140627.52,1,0
2022-08-27,P004,S05,13,110500.0,0,0
2022-08-27,P004,S06,17,116117.9,1,0
2022-08-27,P005,S01,106,193126.52,1,0
2022-08-27,P005,S02,81,148034.93,1,0
2022-08-27,P005,S03,51,112200.0,0,0
2022-08-27,P005,S04,49,107800.0,0,0
2022-08-27,P005,S05,78,143328.51,1,0
2022-08-27,P005,S06,49,107800.0,0,0
2022-08-28,P001,S01,38,171000.0,0,0
2022-08-28,P001,S02,62,224830.33,1,0
2022-08-28,P001,S03,49,182793.53,1,0
2022-08-28,P001,S04,28,126000.0,0,0
2022-08-28,P001,S05,51,168170.91,1,0
2022-08-28,P001,S06,48,200458.34,1,0
2022-08-28,P002,S01,124,110728.56,1,0
2022-08-28,P002,S02,76,91200.0,0,0
2022-08-28,P002,S03,87,104400.0,0,0
2022-08-28,P002,S04,61,73200.0,0,0
2022-08-28,P002,S05,57,68400.0,0,0
2022-08-28,P002,S06,71,85200.0,0,0
2022-08-28,P003,S01,382,133700.0,0,0
2022-08-28,P003,S02,338,118300.0,0,0
2022-08-28,P003,S03,429,133590.68,1,0
2022-08-28,P003,S04,264,92400.0,0,0
2022-08-28,P003,S05,324,113400.0,0,0
2022-08-28,P003,S06,273,95550.0,0,0
2022-08-28,P004,S01,28,202157.99,1,0
2022-08-28,P004,S02,16,136000.0,0,0
2022-08-28,P004,S03,18,108540.19,1,0
2022-08-28,P004,S04,21,131651.74,1,0
2022-08-28,P004,S05,12,102000.0,0,0
2022-08-28,P004,S06,13,110500.0,0,0
2022-08-28,P005,S01,62,136400.0,0,0
2022-08-28,P005,S02,86,177586.23,1,0
2022-08-28,P005,S03,53,116600.0,0,0
2022-08-28,P005,S04,44,96800.0,0,0
2022-08-28,P005,S05,49,107800.0,0,0
2022-08-28,P005,S06,38,83600.0,0,0
2022-08-29,P001,S01,32,144000.0,0,0
2022-08-29,P001,S02,35,157500.0,0,0
2022-08-29,P001,S03,24,108000.0,0,0
2022-08-29,P001,S04,25,112500.0,0,0
2022-08-29,P001,S05,24,108000.0,0,0
2022-08-29,P001,S06,21,94500.0,0,0
2022-08-29,P002,S01,75,90000.0,0,0
2022-08-29,P002,S02,87,104400.0,0,0
2022-08-29,P002,S03,101,101411.87,1,0
2022-08-29,P002,S04,64,76800.0,0,0
2022-08-29,P002,S05,68,81600.0,0,0
2022-08-29,P002,S06,52,62400.0,0,0
2022-08-29,P003,S01,294,102900.0,0,0
2022-08-29,P003,S02,259,90650.0,0,0
2022-08-29,P003,S03,206,72100.0,0,0
2022-08-29,P003,S04,202,70700.0,0,0
2022-08-29,P003,S05,250,87500.0,0,0
2022-08-29,P003,S06,387,121337.78,1,0
2022-08-29,P004,S01,22,154361.01,1,0
2022-08-29,P004,S02,13,110500.0,0,0
2022-08-29,P004,S03,13,110500.0,0,0
2022-08-29,P004,S04,10,85000.0,0,0
2022-08-29,P004,S05,17,101495.13,1,0
2022-08-29,P004,S06,9,76500.0,0,0
2022-08-29,P005,S01,87,172555.45,1,0
2022-08-29,P005,S02,86,145716.83,1,0
2022-08-29,P005,S03,81,127458.89,1,0
2022-08-29,P005,S04,45,99000.0,0,0
2022-08-29,P005,S05,50,110000.0,0,0
2022-08-29,P005,S06,38,83600.0,0,0
2022-08-30,P001,S01,31,139500.0,0,0
2022-08-30,P001,S02,37,152868.88,1,0
2022-08-30,P001,S03,24,108000.0,0,0
2022-08-30,P001,S04,44,166995.43,1,0
2022-08-30,P001,S05,26,117000.0,0,0
2022-08-30,P001,S06,23,103500.0,0,0
2022-08-30,P002,S01,82,98400.0,0,0
2022-08-30,P002,S02,54,64800.0,0,0
2022-08-30,P002,S03,84,100800.0,0,0
2022-08-30,P002,S04,46,55200.0,0,0
2022-08-30,P002,S05,62,74400.0,0,0
2022-08-30,P002,S06,62,74400.0,0,0
2022-08-30,P003,S01,261,91350.0,0,0
2022-08-30,P003,S02,252,88200.0,0,0
2022-08-30,P003,S03,240,84000.0,0,0
2022-08-30,P003,S04,241,84350.0,0,0
2022-08-30,P003,S05,240,84000.0,0,0
2022-08-30,P003,S06,263,92050.0,0,0
2022-08-30,P004,S01,13,110500.0,0,0
2022-08-30,P004,S02,21,161257.73,1,0
2022-08-30,P004,S03,15,127500.0,0,0
2022-08-30,P004,S04,17,120006.97,1,0
2022-08-30,P004,S05,18,120758.03,1,0
2022-08-30,P004,S06,10,85000.0,0,0
2022-08-30,P005,S01,87,158104.48,1,0
2022-08-30,P005,S02,49,107800.0,0,0
2022-08-30,P005,S03,42,92400.0,0,0
2022-08-30,P005,S04,38,83600.0,0,0
2022-08-30,P005,S05,47,103400.0,0,0
2022-08-30,P005,S06,38,83600.0,0,0
2022-08-31,P001,S01,32,144000.0,0,0
2022-08-31,P001,S02,49,201173.36,1,0
2022-08-31,P001,S03,29,130500.0,0,0
2022-08-31,P001,S04,27,121500.0,0,0
2022-08-31,P001,S05,23,103500.0,0,0
2022-08-31,P001,S06,20,90000.0,0,0
2022-08-31,P002,S01,70,84000.0,0,0
2022-08-31,P002,S02,133,129820.49,1,0
2022-08-31,P002,S03,51,61200.0,0,0
2022-08-31,P002,S04,83,99600.0,0,0
2022-08-31,P002,S05,96,93086.06,1,0
2022-08-31,P002,S06,49,58800.0,0,0
2022-08-31,P003,S01,491,144834.69,1,0
2022-08-31,P003,S02,282,98700.0,0,0
2022-08-31,P003,S03,300,105000.0,0,0
2022-08-31,P003,S04,438,136947.8,1,0
2022-08-31,P003,S05,244,85400.0,0,0
2022-08-31,P003,S06,337,107365.98,1,0
2022-08-31,P004,S01,18,125099.79,1,0
2022-08-31,P004,S02,19,148654.23,1,0
2022-08-31,P004,S03,20,120290.89,1,0
2022-08-31,P004,S04,11,93500.0,0,0
2022-08-31,P004,S05,8,68000.0,0,0
2022-08-31,P004,S06,11,93500.0,0,0
2022-08-31,P005,S01,46,101200.0,0,0
2022-08-31,P005,S02,46,101200.0,0,0
2022-08-31,P005,S03,55,121000.0,0,0
2022-08-31,P005,S04,48,105600.0,0,0
2022-08-31,P005,S05,57,125400.0,0,0
2022-08-31,P005,S06,56,115169.16,1,0
2022-09-01,P001,S01,28,126000.0,0,0
2022-09-01,P001,S02,27,121500.0,0,0
2022-09-01,P001,S03,21,94500.0,0,0
2022-09-01,P001,S04,20,90000.0,0,0
2022-09-01,P001,S05,22,99000.0,0,0
2022-09-01,P001,S06,18,81000.0,0,0
2022-09-01,P002,S01,66,79200.0,0,0
2022-09-01,P002,S02,71,85200.0,0,0
2022-09-01,P002,S03,57,68400.0,0,0
2022-09-01,P002,S04,61,73200.0,0,0
2022-09-01,P002,S05,60,72000.0,0,0
2022-09-01,P002,S06,58,69600.0,0,0
2022-09-01,P003,S01,282,98700.0,0,0
2022-09-01,P003,S02,311,108850.0,0,0
2022-09-01,P003,S03,236,82600.0,0,0
2022-09-01,P003,S04,342,107166.86,1,0
2022-09-01,P003,S05,405,110230.69,1,0
2022-09-01,P003,S06,171,59850.0,0,0
2022-09-01,P004,S01,11,93500.0,0,0
2022-09-01,P004,S02,11,93500.0,0,0
2022-09-01,P004,S03,12,102000.0,0,0
2022-09-01,P004,S04,13,99467.57,1,0
2022-09-01,P004,S05,11,93500.0,0,0
2022-09-01,P004,S06,9,76500.0,0,0
2022-09-01,P005,S01,49,107800.0,0,0
2022-09-01,P005,S02,62,100955.73,1,0
2022-09-01,P005,S03,37,81400.0,0,0
2022-09-01,P005,S04,36,79200.0,0,0
2022-09-01,P005,S05,43,94600.0,0,0
2022-09-01,P005,S06,27,59400.0,0,0
2022-09-02,P001,S01,30,135000.0,0,0
2022-09-02,P001,S02,28,126000.0,0,0
2022-09-02,P001,S03,29,130500.0,0,0
2022-09-02,P001,S04,29,108785.54,1,0
2022-09-02,P001,S05,42,165734.31,1,0
2022-09-02,P001,S06,18,81000.0,0,0
2022-09-02,P002,S01,77,92400.0,0,0
2022-09-02,P002,S02,102,86417.44,1,0
2022-09-02,P002,S03,62,74400.0,0,0
2022-09-02,P002,S04,60,72000.0,0,0
2022-09-02,P002,S05,49,58800.0,0,0
2022-09-02,P002,S06,84,82272.17,1,0
2022-09-02,P003,S01,239,83650.0,0,0
2022-09-02,P003,S02,298,104300.0,0,0
2022-09-02,P003,S03,474,147828.71,1,0
2022-09-02,P003,S04,178,62300.0,0,0
2022-09-02,P003,S05,369,99948.59,1,0
2022-09-02,P003,S06,174,60900.0,0,0
2022-09-02,P004,S01,11,93500.0,0,0
2022-09-02,P004,S02,11,93500.0,0,0
2022-09-02,P004,S03,15,118747.95,1,0
2022-09-02,P004,S04,19,146295.38,1,0
2022-09-02,P004,S05,8,68000.0,0,0
2022-09-02,P004,S06,15,91985.7,1,0
2022-09-02,P005,S01,39,85800.0,0,0
2022-09-02,P005,S02,37,81400.0,0,0
2022-09-02,P005,S03,63,129094.91,1,0
2022-09-02,P005,S04,36,79200.0,0,0
2022-09-02,P005,S05,57,93498.4,1,0
2022-09-02,P005,S06,32,70400.0,0,0
2022-09-03,P001,S01,54,182514.9,1,0
2022-09-03,P001,S02,30,135000.0,0,0
2022-09-03,P001,S03,45,149708.03,1,0
2022-09-03,P001,S04,25,112500.0,0,0
2022-09-03,P001,S05,22,99000.0,0,0
2022-09-03,P001,S06,35,137946.7,1,0
2022-09-03,P002,S01,132,148839.12,1,0
2022-09-03,P002,S02,129,140207.38,1,0
2022-09-03,P002,S03,111,95762.98,1,0
2022-09-03,P002,S04,53,63600.0,0,0
2022-09-03,P002,S05,63,75600.0,0,0
2022-09-03,P002,S06,79,77619.89,1,0
2022-09-03,P003,S01,294,102900.0,0,0
2022-09-03,P003,S02,470,122829.78,1,0
2022-09-03,P003,S03,360,109283.26,1,0
2022-09-03,P003,S04,284,99400.0,0,0
2022-09-03,P003,S05,237,82950.0,0,0
2022-09-03,P003,S06,223,78050.0,0,0
2022-09-03,P004,S01,22,172726.28,1,0
2022-09-03,P004,S02,12,102000.0,0,0
2022-09-03,P004,S03,10,85000.0,0,0
2022-09-03,P004,S04,18,126244.8,1,0
2022-09-03,P004,S05,18,136844.08,1,0
2022-09-03,P004,S06,15,114198.29,1,0
2022-09-03,P005,S01,78,127519.53,1,0
2022-09-03,P005,S02,47,103400.0,0,0
2022-09-03,P005,S03,51,112200.0,0,0
2022-09-03,P005,S04,45,99000.0,0,0
2022-09-03,P005,S05,60,96527.61,1,0
2022-09-03,P005,S06,43,94600.0,0,0
2022-09-04,P001,S01,59,219678.98,1,0
2022-09-04,P001,S02,27,121500.0,0,0
2022-09-04,P001,S03,25,112500.0,0,0
2022-09-04,P001,S04,22,99000.0,0,0
2022-09-04,P001,S05,46,146562.85,1,0
2022-09-04,P001,S06,23,103500.0,0,0
2022-09-04,P002,S01,93,111600.0,0,0
2022-09-04,P002,S02,131,116621.49,1,0
2022-09-04,P002,S03,93,88630.61,1,0
2022-09-04,P002,S04,91,82769.45,1,0
2022-09-04,P002,S05,44,52800.0,0,0
2022-09-04,P002,S06,49,58800.0,0,0
2022-09-04,P003,S01,273,95550.0,0,0
2022-09-04,P003,S02,277,96950.0,0,0
2022-09-04,P003,S03,225,78750.0,0,0
2022-09-04,P003,S04,248,86800.0,0,0
2022-09-04,P003,S05,418,108356.41,1,0
2022-09-04,P003,S06,239,83650.0,0,0
2022-09-04,P004,S01,14,119000.0,0,0
2022-09-04,P004,S02,18,111469.08,1,0
2022-09-04,P004,S03,23,152895.68,1,0
2022-09-04,P004,S04,11,93500.0,0,0
2022-09-04,P004,S05,10,85000.0,0,0
2022-09-04,P004,S06,11,93500.0,0,0
2022-09-04,P005,S01,83,146190.63,1,0
2022-09-04,P005,S02,71,143235.46,1,0
2022-09-04,P005,S03,72,139513.62,1,0
2022-09-04,P005,S04,44,96800.0,0,0
2022-09-04,P005,S05,41,90200.0,0,0
2022-09-04,P005,S06,29,63800.0,0,0
2022-09-05,P001,S01,61,224278.38,1,1
2022-09-05,P001,S02,61,203873.14,1,1
2022-09-05,P001,S03,35,157500.0,0,1
2022-09-05,P001,S04,27,121500.0,0,1
2022-09-05,P001,S05,31,139500.0,0,1
2022-09-05,P001,S06,26,117000.0,0,1
2022-09-05,P002,S01,98,117600.0,0,1
2022-09-05,P002,S02,93,111600.0,0,1
2022-09-05,P002,S03,75,90000.0,0,1
2022-09-05,P002,S04,90,108000.0,0,1
2022-09-05,P002,S05,82,98400.0,0,1
2022-09-05,P002,S06,121,134110.04,1,1
2022-09-05,P003,S01,373,130550.0,0,1
2022-09-05,P003,S02,366,128100.0,0,1
2022-09-05,P003,S03,291,101850.0,0,1
2022-09-05,P003,S04,312,109200.0,0,1
2022-09-05,P003,S05,333,116550.0,0,1
2022-09-05,P003,S06,383,122911.95,1,1
2022-09-05,P004,S01,17,144500.0,0,1
2022-09-05,P004,S02,15,127500.0,0,1
2022-09-05,P004,S03,27,201370.25,1,1
2022-09-05,P004,S04,26,171370.81,1,1
2022-09-05,P004,S05,17,144500.0,0,1
2022-09-05,P004,S06,21,131213.23,1,1
2022-09-05,P005,S01,77,160303.29,1,1
2022-09-05,P005,S02,63,138600.0,0,1
2022-09-05,P005,S03,62,136400.0,0,1
2022-09-05,P005,S04,50,110000.0,0,1
2022-09-05,P005,S05,50,110000.0,0,1
2022-09-05,P005,S06,49,107800.0,0,1
2022-09-06,P001,S01,32,144000.0,0,0
2022-09-06,P001,S02,26,117000.0,0,0
2022-09-06,P001,S03,23,103500.0,0,0
2022-09-06,P001,S04,26,117000.0,0,0
2022-09-06,P001,S05,21,94500.0,0,0
2022-09-06,P001,S06,19,85500.0,0,0
2022-09-06,P002,S01,70,84000.0,0,0
2022-09-06,P002,S02,51,61200.0,0,0
2022-09-06,P002,S03,54,64800.0,0,0
2022-09-06,P002,S04,82,75447.6,1,0
2022-09-06,P002,S05,48,57600.0,0,0
2022-09-06,P002,S06,50,60000.0,0,0
2022-09-06,P003,S01,292,102200.0,0,0
2022-09-06,P003,S02,252,88200.0,0,0
2022-09-06,P003,S03,240,84000.0,0,0
2022-09-06,P003,S04,320,78762.73,1,0
2022-09-06,P003,S05,335,88975.5,1,0
2022-09-06,P003,S06,216,75600.0,0,0
2022-09-06,P004,S01,12,102000.0,0,0
2022-09-06,P004,S02,10,85000.0,0,0
2022-09-06,P004,S03,10,85000.0,0,0
2022-09-06,P004,S04,9,76500.0,0,0
2022-09-06,P004,S05,9,76500.0,0,0
2022-09-06,P004,S06,8,68000.0,0,0
2022-09-06,P005,S01,66,106215.24,1,0
2022-09-06,P005,S02,43,94600.0,0,0
2022-09-06,P005,S03,43,94600.0,0,0
2022-09-06,P005,S04,33,72600.0,0,0
2022-09-06,P005,S05,32,70400.0,0,0
2022-09-06,P005,S06,27,59400.0,0,0
2022-09-07,P001,S01,49,185822.28,1,0
2022-09-07,P001,S02,31,139500.0,0,0
2022-09-07,P001,S03,22,99000.0,0,0
2022-09-07,P001,S04,21,94500.0,0,0
2022-09-07,P001,S05,19,85500.0,0,0
2022-09-07,P001,S06,31,102174.27,1,0
2022-09-07,P002,S01,64,76800.0,0,0
2022-09-07,P002,S02,54,64800.0,0,0
2022-09-07,P002,S03,57,68400.0,0,0
2022-09-07,P002,S04,56,67200.0,0,0
2022-09-07,P002,S05,80,69069.14,1,0
2022-09-07,P002,S06,47,56400.0,0,0
2022-09-07,P003,S01,266,93100.0,0,0
2022-09-07,P003,S02,239,83650.0,0,0
2022-09-07,P003,S03,231,80850.0,0,0
2022-09-07,P003,S04,429,126350.51,1,0
2022-09-07,P003,S05,240,84000.0,0,0
2022-09-07,P003,S06,224,78400.0,0,0
2022-09-07,P004,S01,12,102000.0,0,0
2022-09-07,P004,S02,18,135665.91,1,0
2022-09-07,P004,S03,9,76500.0,0,0
2022-09-07,P004,S04,17,118361.42,1,0
2022-09-07,P004,S05,9,76500.0,0,0
2022-09-07,P004,S06,7,59500.0,0,0
2022-09-07,P005,S01,37,81400.0,0,0
2022-09-07,P005,S02,36,79200.0,0,0
2022-09-07,P005,S03,40,88000.0,0,0
2022-09-07,P005,S04,32,70400.0,0,0
2022-09-07,P005,S05,39,85800.0,0,0
2022-09-07,P005,S06,31,68200.0,0,0
2022-09-08,P001,S01,42,163559.3,1,0
2022-09-08,P001,S02,27,121500.0,0,0
2022-09-08,P001,S03,25,112500.0,0,0
2022-09-08,P001,S04,22,99000.0,0,0
2022-09-08,P001,S05,19,85500.0,0,0
2022-09-08,P001,S06,20,90000.0,0,0
2022-09-08,P002,S01,75,90000.0,0,0
2022-09-08,P002,S02,73,87600.0,0,0
2022-09-08,P002,S03,78,93600.0,0,0
2022-09-08,P002,S04,83,81634.5,1,0
2022-09-08,P002,S05,51,61200.0,0,0
2022-09-08,P002,S06,50,60000.0,0,0
2022-09-08,P003,S01,181,63350.0,0,0
2022-09-08,P003,S02,250,87500.0,0,0
2022-09-08,P003,S03,353,89233.77,1,0
2022-09-08,P003,S04,207,72450.0,0,0
2022-09-08,P003,S05,223,78050.0,0,0
2022-09-08,P003,S06,192,67200.0,0,0
2022-09-08,P004,S01,14,119000.0,0,0
2022-09-08,P004,S02,10,85000.0,0,0
2022-09-08,P004,S03,11,93500.0,0,0
2022-09-08,P004,S04,10,85000.0,0,0
2022-09-08,P004,S05,12,84248.23,1,0
2022-09-08,P004,S06,7,59500.0,0,0
2022-09-08,P005,S01,34,74800.0,0,0
2022-09-08,P005,S02,43,94600.0,0,0
2022-09-08,P005,S03,40,88000.0,0,0
2022-09-08,P005,S04,53,110572.09,1,0
2022-09-08,P005,S05,34,74800.0,0,0
2022-09-08,P005,S06,32,70400.0,0,0
2022-09-09,P001,S01,21,94500.0,0,0
2022-09-09,P001,S02,24,108000.0,0,0
2022-09-09,P001,S03,20,90000.0,0,0
2022-09-09,P001,S04,21,94500.0,0,0
2022-09-09,P001,S05,24,108000.0,0,0
2022-09-09,P001,S06,20,90000.0,0,0
2022-09-09,P002,S01,76,91200.0,0,0
2022-09-09,P002,S02,77,92400.0,0,0
2022-09-09,P002,S03,59,70800.0,0,0
2022-09-09,P002,S04,65,78000.0,0,0
2022-09-09,P002,S05,81,75966.14,1,0
2022-09-09,P002,S06,71,60274.9,1,0
2022-09-09,P003,S01,330,115500.0,0,0
2022-09-09,P003,S02,226,79100.0,0,0
2022-09-09,P003,S03,284,99400.0,0,0
2022-09-09,P003,S04,203,71050.0,0,0
2022-09-09,P003,S05,243,85050.0,0,0
2022-09-09,P003,S06,202,70700.0,0,0
2022-09-09,P004,S01,14,119000.0,0,0
2022-09-09,P004,S02,11,93500.0,0,0
2022-09-09,P004,S03,11,93500.0,0,0
2022-09-09,P004,S04,10,85000.0,0,0
2022-09-09,P004,S05,9,76500.0,0,0
2022-09-09,P004,S06,10,85000.0,0,0
2022-09-09,P005,S01,41,90200.0,0,0
2022-09-09,P005,S02,31,68200.0,0,0
2022-09-09,P005,S03,34,74800.0,0,0
2022-09-09,P005,S04,46,76157.26,1,0
2022-09-09,P005,S05,54,98019.07,1,0
2022-09-09,P005,S06,33,72600.0,0,0
2022-09-10,P001,S01,42,154482.86,1,0
2022-09-10,P001,S02,33,148500.0,0,0
2022-09-10,P001,S03,33,148500.0,0,0
2022-09-10,P001,S04,23,103500.0,0,0
2022-09-10,P001,S05,27,121500.0,0,0
2022-09-10,P001,S06,34,129458.34,1,0
2022-09-10,P002,S01,124,110463.45,1,0
2022-09-10,P002,S02,127,108770.47,1,0
2022-09-10,P002,S03,62,74400.0,0,0
2022-09-10,P002,S04,61,73200.0,0,0
2022-09-10,P002,S05,69,82800.0,0,0
2022-09-10,P002,S06,58,69600.0,0,0
2022-09-10,P003,S01,397,103737.62,1,0
2022-09-10,P003,S02,408,100232.09,1,0
2022-09-10,P003,S03,311,108850.0,0,0
2022-09-10,P003,S04,398,129624.86,1,0
2022-09-10,P003,S05,373,121907.39,1,0
2022-09-10,P003,S06,327,92149.7,1,0
2022-09-10,P004,S01,15,127500.0,0,0
2022-09-10,P004,S02,18,133455.97,1,0
2022-09-10,P004,S03,19,133411.27,1,0
2022-09-10,P004,S04,18,139045.72,1,0
2022-09-10,P004,S05,13,110500.0,0,0
2022-09-10,P004,S06,10,85000.0,0,0
2022-09-10,P005,S01,53,116600.0,0,0
2022-09-10,P005,S02,54,118800.0,0,0
2022-09-10,P005,S03,52,114400.0,0,0
2022-09-10,P005,S04,71,111955.03,1,0
2022-09-10,P005,S05,41,90200.0,0,0
2022-09-10,P005,S06,39,85800.0,0,0
2022-09-11,P001,S01,35,157500.0,0,0
2022-09-11,P001,S02,30,135000.0,0,0
2022-09-11,P001,S03,30,135000.0,0,0
2022-09-11,P001,S04,34,119083.21,1,0
2022-09-11,P001,S05,44,186566.43,1,0
2022-09-11,P001,S06,23,103500.0,0,0
2022-09-11,P002,S01,70,84000.0,0,0
2022-09-11,P002,S02,54,64800.0,0,0
2022-09-11,P002,S03,57,68400.0,0,0
2022-09-11,P002,S04,63,75600.0,0,0
2022-09-11,P002,S05,60,72000.0,0,0
2022-09-11,P002,S06,93,94704.88,1,0
2022-09-11,P003,S01,307,107450.0,0,0
2022-09-11,P003,S02,265,92750.0,0,0
2022-09-11,P003,S03,453,134574.83,1,0
2022-09-11,P003,S04,378,95362.74,1,0
2022-09-11,P003,S05,357,106392.19,1,0
2022-09-11,P003,S06,355,89588.55,1,0
2022-09-11,P004,S01,14,119000.0,0,0
2022-09-11,P004,S02,14,119000.0,0,0
2022-09-11,P004,S03,12,102000.0,0,0
2022-09-11,P004,S04,17,108466.79,1,0
2022-09-11,P004,S05,11,93500.0,0,0
2022-09-11,P004,S06,12,102000.0,0,0
2022-09-11,P005,S01,52,114400.0,0,0
2022-09-11,P005,S02,73,148634.89,1,0
2022-09-11,P005,S03,41,90200.0,0,0
2022-09-11,P005,S04,42,92400.0,0,0
2022-09-11,P005,S05,44,96800.0,0,0
2022-09-11,P005,S06,31,68200.0,0,0
2022-09-12,P001,S01,26,117000.0,0,0
2022-09-12,P001,S02,26,117000.0,0,0
2022-09-12,P001,S03,22,99000.0,0,0
2022-09-12,P001,S04,21,94500.0,0,0
2022-09-12,P001,S05,22,99000.0,0,0
2022-09-12,P001,S06,27,98899.55,1,0
2022-09-12,P002,S01,79,94800.0,0,0
2022-09-12,P002,S02,57,68400.0,0,0
2022-09-12,P002,S03,67,80400.0,0,0
2022-09-12,P002,S04,52,62400.0,0,0
2022-09-12,P002,S05,54,64800.0,0,0
2022-09-12,P002,S06,30,36000.0,0,0
2022-09-12,P003,S01,245,85750.0,0,0
2022-09-12,P003,S02,290,101500.0,0,0
2022-09-12,P003,S03,270,94500.0,0,0
2022-09-12,P003,S04,203,71050.0,0,0
2022-09-12,P003,S05,376,104299.87,1,0
2022-09-12,P003,S06,182,63700.0,0,0
2022-09-12,P004,S01,16,95723.06,1,0
2022-09-12,P004,S02,10,85000.0,0,0
2022-09-12,P004,S03,9,76500.0,0,0
2022-09-12,P004,S04,15,118793.37,1,0
2022-09-12,P004,S05,10,85000.0,0,0
2022-09-12,P004,S06,8,68000.0,0,0
2022-09-12,P005,S01,72,134845.38,1,0
2022-09-12,P005,S02,44,96800.0,0,0
2022-09-12,P005,S03,41,90200.0,0,0
2022-09-12,P005,S04,36,79200.0,0,0
2022-09-12,P005,S05,57,103060.66,1,0
2022-09-12,P005,S06,55,112498.2,1,0
2022-09-13,P001,S01,31,139500.0,0,0
2022-09-13,P001,S02,27,121500.0,0,0
2022-09-13,P001,S03,27,121500.0,0,0
2022-09-13,P001,S04,36,115055.99,1,0
2022-09-13,P001,S05,29,100261.71,1,0
2022-09-13,P001,S06,20,90000.0,0,0
2022-09-13,P002,S01,78,93600.0,0,0
2022-09-13,P002,S02,73,87600.0,0,0
2022-09-13,P002,S03,64,76800.0,0,0
2022-09-13,P002,S04,83,91107.34,1,0
2022-09-13,P002,S05,59,70800.0,0,0
2022-09-13,P002,S06,30,36000.0,0,0
2022-09-13,P003,S01,263,92050.0,0,0
2022-09-13,P003,S02,239,83650.0,0,0
2022-09-13,P003,S03,252,88200.0,0,0
2022-09-13,P003,S04,229,80150.0,0,0
2022-09-13,P003,S05,214,74900.0,0,0
2022-09-13,P003,S06,191,66850.0,0,0
2022-09-13,P004,S01,10,85000.0,0,0
2022-09-13,P004,S02,14,119000.0,0,0
2022-09-13,P004,S03,11,93500.0,0,0
2022-09-13,P004,S04,9,76500.0,0,0
2022-09-13,P004,S05,15,109983.77,1,0
2022-09-13,P004,S06,9,76500.0,0,0
2022-09-13,P005,S01,42,92400.0,0,0
2022-09-13,P005,S02,45,99000.0,0,0
2022-09-13,P005,S03,38,83600.0,0,0
2022-09-13,P005,S04,46,101200.0,0,0
2022-09-13,P005,S05,32,70400.0,0,0
2022-09-13,P005,S06,23,50600.0,0,0
2022-09-14,P001,S01,26,117000.0,0,0
2022-09-14,P001,S02,23,103500.0,0,0
2022-09-14,P001,S03,25,112500.0,0,0
2022-09-14,P001,S04,17,76500.0,0,0
2022-09-14,P001,S05,24,108000.0,0,0
2022-09-14,P001,S06,18,81000.0,0,0
2022-09-14,P002,S01,43,51600.0,0,0
2022-09-14,P002,S02,61,73200.0,0,0
2022-09-14,P002,S03,96,102655.73,1,0
2022-09-14,P002,S04,48,57600.0,0,0
2022-09-14,P002,S05,81,75532.3,1,0
2022-09-14,P002,S06,45,54000.0,0,0
2022-09-14,P003,S01,270,94500.0,0,0
2022-09-14,P003,S02,261,91350.0,0,0
2022-09-14,P003,S03,242,84700.0,0,0
2022-09-14,P003,S04,163,57050.0,0,0
2022-09-14,P003,S05,232,81200.0,0,0
2022-09-14,P003,S06,165,57750.0,0,0
2022-09-14,P004,S01,16,104763.07,1,0
2022-09-14,P004,S02,14,119000.0,0,0
2022-09-14,P004,S03,11,93500.0,0,0
2022-09-14,P004,S04,8,68000.0,0,0
2022-09-14,P004,S05,11,93500.0,0,0
2022-09-14,P004,S06,9,76500.0,0,0
2022-09-14,P005,S01,47,103400.0,0,0
2022-09-14,P005,S02,78,126002.48,1,0
2022-09-14,P005,S03,36,79200.0,0,0
2022-09-14,P005,S04,34,74800.0,0,0
2022-09-14,P005,S05,62,123645.3,1,0
2022-09-14,P005,S06,44,86147.81,1,0
2022-09-15,P001,S01,28,126000.0,0,0
2022-09-15,P001,S02,25,112500.0,0,0
2022-09-15,P001,S03,28,126000.0,0,0
2022-09-15,P001,S04,23,103500.0,0,0
2022-09-15,P001,S05,21,94500.0,0,0
2022-09-15,P001,S06,21,94500.0,0,0
2022-09-15,P002,S01,72,86400.0,0,0
2022-09-15,P002,S02,69,82800.0,0,0
2022-09-15,P002,S03,54,64800.0,0,0
2022-09-15,P002,S04,49,58800.0,0,0
2022-09-15,P002,S05,59,70800.0,0,0
2022-09-15,P002,S06,48,57600.0,0,0
2022-09-15,P003,S01,256,89600.0,0,0
2022-09-15,P003,S02,237,82950.0,0,0
2022-09-15,P003,S03,247,86450.0,0,0
2022-09-15,P003,S04,224,78400.0,0,0
2022-09-15,P003,S05,249,87150.0,0,0
2022-09-15,P003,S06,256,68484.53,1,0
2022-09-15,P004,S01,19,117399.06,1,0
2022-09-15,P004,S02,13,110500.0,0,0
2022-09-15,P004,S03,12,102000.0,0,0
2022-09-15,P004,S04,14,88462.22,1,0
2022-09-15,P004,S05,10,85000.0,0,0
2022-09-15,P004,S06,8,68000.0,0,0
2022-09-15,P005,S01,52,114400.0,0,0
2022-09-15,P005,S02,45,99000.0,0,0
2022-09-15,P005,S03,47,103400.0,0,0
2022-09-15,P005,S04,38,83600.0,0,0
2022-09-15,P005,S05,29,63800.0,0,0
2022-09-15,P005,S06,26,57200.0,0,0
2022-09-16,P001,S01,25,112500.0,0,0
2022-09-16,P001,S02,42,134942.99,1,0
2022-09-16,P001,S03,22,99000.0,0,0
2022-09-16,P001,S04,21,94500.0,0,0
2022-09-16,P001,S05,23,103500.0,0,0
2022-09-16,P001,S06,17,76500.0,0,0
2022-09-16,P002,S01,84,100800.0,0,0
2022-09-16,P002,S02,67,80400.0,0,0
2022-09-16,P002,S03,69,82800.0,0,0
2022-09-16,P002,S04,54,64800.0,0,0
2022-09-16,P002,S05,63,75600.0,0,0
2022-09-16,P002,S06,51,61200.0,0,0
2022-09-16,P003,S01,380,108370.64,1,0
2022-09-16,P003,S02,259,90650.0,0,0
2022-09-16,P003,S03,202,70700.0,0,0
2022-09-16,P003,S04,215,75250.0,0,0
2022-09-16,P003,S05,229,80150.0,0,0
2022-09-16,P003,S06,295,74320.52,1,0
2022-09-16,P004,S01,10,85000.0,0,0
2022-09-16,P004,S02,10,85000.0,0,0
2022-09-16,P004,S03,9,76500.0,0,0
2022-09-16,P004,S04,9,76500.0,0,0
2022-09-16,P004,S05,13,110500.0,0,0
2022-09-16,P004,S06,8,68000.0,0,0
2022-09-16,P005,S01,63,104268.44,1,0
2022-09-16,P005,S02,39,85800.0,0,0
2022-09-16,P005,S03,54,86058.65,1,0
2022-09-16,P005,S04,29,63800.0,0,0
2022-09-16,P005,S05,42,92400.0,0,0
2022-09-16,P005,S06,28,61600.0,0,0
2022-09-17,P001,S01,45,179219.2,1,0
2022-09-17,P001,S02,34,153000.0,0,0
2022-09-17,P001,S03,45,182182.27,1,0
2022-09-17,P001,S04,24,108000.0,0,0
2022-09-17,P001,S05,28,126000.0,0,0
2022-09-17,P001,S06,17,76500.0,0,0
2022-09-17,P002,S01,76,91200.0,0,0
2022-09-17,P002,S02,99,108219.45,1,0
2022-09-17,P002,S03,116,130162.56,1,0
2022-09-17,P002,S04,79,79778.88,1,0
2022-09-17,P002,S05,63,75600.0,0,0
2022-09-17,P002,S06,56,67200.0,0,0
2022-09-17,P003,S01,388,135800.0,0,0
2022-09-17,P003,S02,263,92050.0,0,0
2022-09-17,P003,S03,245,85750.0,0,0
2022-09-17,P003,S04,391,117718.38,1,0
2022-09-17,P003,S05,304,106400.0,0,0
2022-09-17,P003,S06,210,73500.0,0,0
2022-09-17,P004,S01,11,93500.0,0,0
2022-09-17,P004,S02,13,110500.0,0,0
2022-09-17,P004,S03,12,102000.0,0,0
2022-09-17,P004,S04,11,93500.0,0,0
2022-09-17,P004,S05,15,92980.66,1,0
2022-09-17,P004,S06,10,85000.0,0,0
2022-09-17,P005,S01,57,125400.0,0,0
2022-09-17,P005,S02,65,111506.3,1,0
2022-09-17,P005,S03,72,142218.91,1,0
2022-09-17,P005,S04,54,100320.72,1,0
2022-09-17,P005,S05,38,83600.0,0,0
2022-09-17,P005,S06,59,113000.53,1,0
2022-09-18,P001,S01,27,121500.0,0,0
2022-09-18,P001,S02,29,130500.0,0,0
2022-09-18,P001,S03,30,135000.0,0,0
2022-09-18,P001,S04,24,108000.0,0,0
2022-09-18,P001,S05,19,85500.0,0,0
2022-09-18,P001,S06,24,108000.0,0,0
2022-09-18,P002,S01,77,92400.0,0,0
2022-09-18,P002,S02,117,117100.92,1,0
2022-09-18,P002,S03,61,73200.0,0,0
2022-09-18,P002,S04,110,112110.29,1,0
2022-09-18,P002,S05,60,72000.0,0,0
2022-09-18,P002,S06,53,63600.0,0,0
2022-09-18,P003,S01,343,120050.0,0,0
2022-09-18,P003,S02,320,112000.0,0,0
2022-09-18,P003,S03,435,121932.24,1,0
2022-09-18,P003,S04,214,74900.0,0,0
2022-09-18,P003,S05,300,105000.0,0,0
2022-09-18,P003,S06,245,85750.0,0,0
2022-09-18,P004,S01,14,119000.0,0,0
2022-09-18,P004,S02,12,102000.0,0,0
2022-09-18,P004,S03,19,142247.12,1,0
2022-09-18,P004,S04,11,93500.0,0,0
2022-09-18,P004,S05,18,132903.07,1,0
2022-09-18,P004,S06,11,93500.0,0,0
2022-09-18,P005,S01,83,161328.26,1,0
2022-09-18,P005,S02,86,146452.63,1,0
2022-09-18,P005,S03,55,121000.0,0,0
2022-09-18,P005,S04,32,70400.0,0,0
2022-09-18,P005,S05,61,94683.94,1,0
2022-09-18,P005,S06,64,133470.55,1,0
2022-09-19,P001,S01,28,126000.0,0,0
2022-09-19,P001,S02,37,128421.15,1,0
2022-09-19,P001,S03,27,121500.0,0,0
2022-09-19,P001,S04,23,103500.0,0,0
2022-09-19,P001,S05,37,135752.25,1,0
2022-09-19,P001,S06,18,81000.0,0,0
2022-09-19,P002,S01,57,68400.0,0,0
2022-09-19,P002,S02,67,80400.0,0,0
2022-09-19,P002,S03,55,66000.0,0,0
2022-09-19,P002,S04,52,62400.0,0,0
2022-09-19,P002,S05,53,63600.0,0,0
2022-09-19,P002,S06,51,61200.0,0,0
2022-09-19,P003,S01,325,113750.0,0,0
2022-09-19,P003,S02,249,87150.0,0,0
2022-09-19,P003,S03,213,74550.0,0,0
2022-09-19,P003,S04,193,67550.0,0,0
2022-09-19,P003,S05,203,71050.0,0,0
2022-09-19,P003,S06,252,66531.52,1,0
2022-09-19,P004,S01,17,106604.84,1,0
2022-09-19,P004,S02,10,85000.0,0,0
2022-09-19,P004,S03,11,93500.0,0,0
2022-09-19,P004,S04,14,86350.38,1,0
2022-09-19,P004,S05,9,76500.0,0,0
2022-09-19,P004,S06,9,76500.0,0,0
2022-09-19,P005,S01,43,94600.0,0,0
2022-09-19,P005,S02,37,81400.0,0,0
2022-09-19,P005,S03,43,94600.0,0,0
2022-09-19,P005,S04,33,72600.0,0,0
2022-09-19,P005,S05,31,68200.0,0,0
2022-09-19,P005,S06,24,52800.0,0,0
2022-09-20,P001,S01,44,162038.78,1,0
2022-09-20,P001,S02,27,121500.0,0,0
2022-09-20,P001,S03,20,90000.0,0,0
2022-09-20,P001,S04,24,108000.0,0,0
2022-09-20,P001,S05,20,90000.0,0,0
2022-09-20,P001,S06,20,90000.0,0,0
2022-09-20,P002,S01,66,79200.0,0,0
2022-09-20,P002,S02,61,73200.0,0,0
2022-09-20,P002,S03,62,74400.0,0,0
2022-09-20,P002,S04,62,67234.73,1,0
2022-09-20,P002,S05,86,96107.03,1,0
2022-09-20,P002,S06,66,62560.33,1,0
2022-09-20,P003,S01,278,97300.0,0,0
2022-09-20,P003,S02,275,96250.0,0,0
2022-09-20,P003,S03,294,102900.0,0,0
2022-09-20,P003,S04,300,97981.46,1,0
2022-09-20,P003,S05,351,99460.53,1,0
2022-09-20,P003,S06,216,75600.0,0,0
2022-09-20,P004,S01,13,110500.0,0,0
2022-09-20,P004,S02,13,110500.0,0,0
2022-09-20,P004,S03,11,93500.0,0,0
2022-09-20,P004,S04,10,85000.0,0,0
2022-09-20,P004,S05,11,93500.0,0,0
2022-09-20,P004,S06,13,94908.49,1,0
2022-09-20,P005,S01,69,116351.41,1,0
2022-09-20,P005,S02,35,77000.0,0,0
2022-09-20,P005,S03,39,85800.0,0,0
2022-09-20,P005,S04,35,77000.0,0,0
2022-09-20,P005,S05,38,83600.0,0,0
2022-09-20,P005,S06,62,115068.8,1,0
2022-09-21,P001,S01,35,128125.7,1,0
2022-09-21,P001,S02,23,103500.0,0,0
2022-09-21,P001,S03,35,119624.8,1,0
2022-09-21,P001,S04,23,103500.0,0,0
2022-09-21,P001,S05,23,103500.0,0,0
2022-09-21,P001,S06,19,85500.0,0,0
2022-09-21,P002,S01,60,72000.0,0,0
2022-09-21,P002,S02,118,120296.92,1,0
2022-09-21,P002,S03,50,60000.0,0,0
2022-09-21,P002,S04,72,73525.83,1,0
2022-09-21,P002,S05,47,56400.0,0,0
2022-09-21,P002,S06,46,55200.0,0,0
2022-09-21,P003,S01,270,94500.0,0,0
2022-09-21,P003,S02,235,82250.0,0,0
2022-09-21,P003,S03,251,87850.0,0,0
2022-09-21,P003,S04,154,53900.0,0,0
2022-09-21,P003,S05,326,104613.73,1,0
2022-09-21,P003,S06,153,53550.0,0,0
2022-09-21,P004,S01,11,93500.0,0,0
2022-09-21,P004,S02,9,76500.0,0,0
2022-09-21,P004,S03,10,85000.0,0,0
2022-09-21,P004,S04,8,68000.0,0,0
2022-09-21,P004,S05,14,111123.64,1,0
2022-09-21,P004,S06,8,68000.0,0,0
2022-09-21,P005,S01,49,107800.0,0,0
2022-09-21,P005,S02,45,99000.0,0,0
2022-09-21,P005,S03,47,103400.0,0,0
2022-09-21,P005,S04,36,79200.0,0,0
2022-09-21,P005,S05,45,99000.0,0,0
2022-09-21,P005,S06,50,82250.95,1,0
2022-09-22,P001,S01,21,94500.0,0,0
2022-09-22,P001,S02,20,90000.0,0,0
2022-09-22,P001,S03,23,103500.0,0,0
2022-09-22,P001,S04,22,99000.0,0,0
2022-09-22,P001,S05,21,94500.0,0,0
2022-09-22,P001,S06,20,90000.0,0,0
2022-09-22,P002,S01,76,91200.0,0,0
2022-09-22,P002,S02,74,88800.0,0,0
2022-09-22,P002,S03,69,82800.0,0,0
2022-09-22,P002,S04,86,95049.17,1,0
2022-09-22,P002,S05,58,69600.0,0,0
2022-09-22,P002,S06,42,50400.0,0,0
2022-09-22,P003,S01,210,73500.0,0,0
2022-09-22,P003,S02,217,75950.0,0,0
2022-09-22,P003,S03,213,74550.0,0,0
2022-09-22,P003,S04,193,67550.0,0,0
2022-09-22,P003,S05,243,85050.0,0,0
2022-09-22,P003,S06,191,66850.0,0,0
2022-09-22,P004,S01,17,132053.84,1,0
2022-09-22,P004,S02,13,110500.0,0,0
2022-09-22,P004,S03,9,76500.0,0,0
2022-09-22,P004,S04,13,110500.0,0,0
2022-09-22,P004,S05,9,76500.0,0,0
2022-09-22,P004,S06,9,76500.0,0,0
2022-09-22,P005,S01,75,142077.02,1,0
2022-09-22,P005,S02,41,90200.0,0,0
2022-09-22,P005,S03,42,92400.0,0,0
2022-09-22,P005,S04,34,74800.0,0,0
2022-09-22,P005,S05,35,77000.0,0,0
2022-09-22,P005,S06,25,55000.0,0,0
2022-09-23,P001,S01,50,177330.75,1,0
2022-09-23,P001,S02,26,117000.0,0,0
2022-09-23,P001,S03,29,130500.0,0,0
2022-09-23,P001,S04,27,121500.0,0,0
2022-09-23,P001,S05,26,117000.0,0,0
2022-09-23,P001,S06,19,85500.0,0,0
2022-09-23,P002,S01,67,80400.0,0,0
2022-09-23,P002,S02,68,81600.0,0,0
2022-09-23,P002,S03,64,76800.0,0,0
2022-09-23,P002,S04,51,61200.0,0,0
2022-09-23,P002,S05,78,66018.11,1,0
2022-09-23,P002,S06,52,62400.0,0,0
2022-09-23,P003,S01,227,79450.0,0,0
2022-09-23,P003,S02,211,73850.0,0,0
2022-09-23,P003,S03,220,77000.0,0,0
2022-09-23,P003,S04,207,72450.0,0,0
2022-09-23,P003,S05,233,81550.0,0,0
2022-09-23,P003,S06,216,75600.0,0,0
2022-09-23,P004,S01,15,127500.0,0,0
2022-09-23,P004,S02,9,76500.0,0,0
2022-09-23,P004,S03,11,93500.0,0,0
2022-09-23,P004,S04,7,59500.0,0,0
2022-09-23,P004,S05,9,76500.0,0,0
2022-09-23,P004,S06,7,59500.0,0,0
2022-09-23,P005,S01,46,101200.0,0,0
2022-09-23,P005,S02,65,130737.57,1,0
2022-09-23,P005,S03,41,90200.0,0,0
2022-09-23,P005,S04,36,79200.0,0,0
2022-09-23,P005,S05,39,85800.0,0,0
2022-09-23,P005,S06,30,66000.0,0,0
2022-09-24,P001,S01,30,135000.0,0,0
2022-09-24,P001,S02,44,170458.83,1,0
2022-09-24,P001,S03,43,167272.66,1,0
2022-09-24,P001,S04,26,117000.0,0,0
2022-09-24,P001,S05,28,126000.0,0,0
2022-09-24,P001,S06,20,90000.0,0,0
2022-09-24,P002,S01,121,129648.81,1,0
2022-09-24,P002,S02,82,98400.0,0,0
2022-09-24,P002,S03,120,128836.68,1,0
2022-09-24,P002,S04,60,72000.0,0,0
2022-09-24,P002,S05,105,93654.7,1,0
2022-09-24,P002,S06,86,77425.67,1,0
2022-09-24,P003,S01,374,130900.0,0,0
2022-09-24,P003,S02,278,97300.0,0,0
2022-09-24,P003,S03,256,89600.0,0,0
2022-09-24,P003,S04,282,77406.69,1,0
2022-09-24,P003,S05,357,88471.66,1,0
2022-09-24,P003,S06,262,84143.35,1,0
2022-09-24,P004,S01,22,149345.02,1,0
2022-09-24,P004,S02,22,164343.24,1,0
2022-09-24,P004,S03,18,122497.5,1,0
2022-09-24,P004,S04,12,102000.0,0,0
2022-09-24,P004,S05,11,93500.0,0,0
2022-09-24,P004,S06,9,76500.0,0,0
2022-09-24,P005,S01,86,171510.78,1,0
2022-09-24,P005,S02,54,118800.0,0,0
2022-09-24,P005,S03,57,125400.0,0,0
2022-09-24,P005,S04,53,107784.23,1,0
2022-09-24,P005,S05,43,94600.0,0,0
2022-09-24,P005,S06,32,70400.0,0,0
2022-09-25,P001,S01,32,144000.0,0,0
2022-09-25,P001,S02,30,135000.0,0,0
2022-09-25,P001,S03,48,155594.43,1,0
2022-09-25,P001,S04,25,112500.0,0,0
2022-09-25,P001,S05,26,117000.0,0,0
2022-09-25,P001,S06,30,120248.82,1,0
2022-09-25,P002,S01,54,64800.0,0,0
2022-09-25,P002,S02,73,87600.0,0,0
2022-09-25,P002,S03,70,84000.0,0,0
2022-09-25,P002,S04,106,97945.31,1,0
2022-09-25,P002,S05,76,91200.0,0,0
2022-09-25,P002,S06,74,74933.58,1,0
2022-09-25,P003,S01,336,117600.0,0,0
2022-09-25,P003,S02,250,87500.0,0,0
2022-09-25,P003,S03,299,104650.0,0,0
2022-09-25,P003,S04,253,88550.0,0,0
2022-09-25,P003,S05,471,145385.37,1,0
2022-09-25,P003,S06,205,71750.0,0,0
2022-09-25,P004,S01,16,136000.0,0,0
2022-09-25,P004,S02,13,110500.0,0,0
2022-09-25,P004,S03,14,119000.0,0,0
2022-09-25,P004,S04,13,81377.0,1,0
2022-09-25,P004,S05,15,97489.94,1,0
2022-09-25,P004,S06,12,102000.0,0,0
2022-09-25,P005,S01,57,125400.0,0,0
2022-09-25,P005,S02,53,116600.0,0,0
2022-09-25,P005,S03,83,166688.1,1,0
2022-09-25,P005,S04,46,101200.0,0,0
2022-09-25,P005,S05,48,105600.0,0,0
2022-09-25,P005,S06,61,117205.76,1,0
2022-09-26,P001,S01,41,166225.73,1,0
2022-09-26,P001,S02,26,117000.0,0,0
2022-09-26,P001,S03,35,128096.52,1,0
2022-09-26,P001,S04,22,99000.0,0,0
2022-09-26,P001,S05,24,108000.0,0,0
2022-09-26,P001,S06,32,110038.23,1,0
2022-09-26,P002,S01,113,117134.83,1,0
2022-09-26,P002,S02,91,95992.62,1,0
2022-09-26,P002,S03,54,64800.0,0,0
2022-09-26,P002,S04,57,68400.0,0,0
2022-09-26,P002,S05,51,61200.0,0,0
2022-09-26,P002,S06,41,49200.0,0,0
2022-09-26,P003,S01,256,89600.0,0,0
2022-09-26,P003,S02,241,84350.0,0,0
2022-09-26,P003,S03,303,106050.0,0,0
2022-09-26,P003,S04,195,68250.0,0,0
2022-09-26,P003,S05,245,85750.0,0,0
2022-09-26,P003,S06,206,72100.0,0,0
2022-09-26,P004,S01,12,102000.0,0,0
2022-09-26,P004,S02,12,102000.0,0,0
2022-09-26,P004,S03,11,93500.0,0,0
2022-09-26,P004,S04,10,85000.0,0,0
2022-09-26,P004,S05,12,102000.0,0,0
2022-09-26,P004,S06,9,76500.0,0,0
2022-09-26,P005,S01,46,101200.0,0,0
2022-09-26,P005,S02,71,123339.31,1,0
2022-09-26,P005,S03,34,74800.0,0,0
2022-09-26,P005,S04,49,98291.36,1,0
2022-09-26,P005,S05,35,77000.0,0,0
2022-09-26,P005,S06,32,70400.0,0,0
2022-09-27,P001,S01,27,121500.0,0,0
2022-09-27,P001,S02,27,121500.0,0,0
2022-09-27,P001,S03,23,103500.0,0,0
2022-09-27,P001,S04,25,112500.0,0,0
2022-09-27,P001,S05,21,94500.0,0,0
2022-09-27,P001,S06,42,166152.18,1,0
2022-09-27,P002,S01,129,108848.3,1,0
2022-09-27,P002,S02,65,78000.0,0,0
2022-09-27,P002,S03,54,64800.0,0,0
2022-09-27,P002,S04,66,72526.99,1,0
2022-09-27,P002,S05,51,61200.0,0,0
2022-09-27,P002,S06,76,67542.59,1,0
2022-09-27,P003,S01,272,95200.0,0,0
2022-09-27,P003,S02,252,88200.0,0,0
2022-09-27,P003,S03,304,106400.0,0,0
2022-09-27,P003,S04,224,78400.0,0,0
2022-09-27,P003,S05,234,81900.0,0,0
2022-09-27,P003,S06,166,58100.0,0,0
2022-09-27,P004,S01,13,110500.0,0,0
2022-09-27,P004,S02,18,130104.64,1,0
2022-09-27,P004,S03,15,92229.95,1,0
2022-09-27,P004,S04,14,91729.11,1,0
2022-09-27,P004,S05,10,85000.0,0,0
2022-09-27,P004,S06,10,85000.0,0,0
2022-09-27,P005,S01,47,103400.0,0,0
2022-09-27,P005,S02,35,77000.0,0,0
2022-09-27,P005,S03,43,94600.0,0,0
2022-09-27,P005,S04,36,79200.0,0,0
2022-09-27,P005,S05,37,81400.0,0,0
2022-09-27,P005,S06,47,86326.73,1,0
2022-09-28,P001,S01,39,142988.42,1,0
2022-09-28,P001,S02,28,126000.0,0,0
2022-09-28,P001,S03,45,149465.49,1,0
2022-09-28,P001,S04,20,90000.0,0,0
2022-09-28,P001,S05,24,108000.0,0,0
2022-09-28,P001,S06,23,103500.0,0,0
2022-09-28,P002,S01,63,75600.0,0,0
2022-09-28,P002,S02,58,69600.0,0,0
2022-09-28,P002,S03,55,66000.0,0,0
2022-09-28,P002,S04,85,85199.32,1,0
2022-09-28,P002,S05,42,50400.0,0,0
2022-09-28,P002,S06,101,102428.83,1,0
2022-09-28,P003,S01,230,80500.0,0,0
2022-09-28,P003,S02,252,88200.0,0,0
2022-09-28,P003,S03,218,76300.0,0,0
2022-09-28,P003,S04,187,65450.0,0,0
2022-09-28,P003,S05,238,83300.0,0,0
2022-09-28,P003,S06,176,61600.0,0,0
2022-09-28,P004,S01,11,93500.0,0,0
2022-09-28,P004,S02,12,102000.0,0,0
2022-09-28,P004,S03,11,93500.0,0,0
2022-09-28,P004,S04,9,76500.0,0,0
2022-09-28,P004,S05,7,59500.0,0,0
2022-09-28,P004,S06,9,76500.0,0,0
2022-09-28,P005,S01,40,88000.0,0,0
2022-09-28,P005,S02,35,77000.0,0,0
2022-09-28,P005,S03,45,99000.0,0,0
2022-09-28,P005,S04,36,79200.0,0,0
2022-09-28,P005,S05,38,83600.0,0,0
2022-09-28,P005,S06,53,83548.86,1,0
2022-09-29,P001,S01,29,130500.0,0,0
2022-09-29,P001,S02,41,130197.18,1,0
2022-09-29,P001,S03,19,85500.0,0,0
2022-09-29,P001,S04,20,90000.0,0,0
2022-09-29,P001,S05,23,103500.0,0,0
2022-09-29,P001,S06,19,85500.0,0,0
2022-09-29,P002,S01,74,88800.0,0,0
2022-09-29,P002,S02,95,97628.78,1,0
2022-09-29,P002,S03,59,70800.0,0,0
2022-09-29,P002,S04,69,64002.87,1,0
2022-09-29,P002,S05,53,63600.0,0,0
2022-09-29,P002,S06,67,75801.0,1,0
2022-09-29,P003,S01,304,106400.0,0,0
2022-09-29,P003,S02,230,80500.0,0,0
2022-09-29,P003,S03,279,97650.0,0,0
2022-09-29,P003,S04,165,57750.0,0,0
2022-09-29,P003,S05,246,86100.0,0,0
2022-09-29,P003,S06,191,66850.0,0,0
2022-09-29,P004,S01,12,102000.0,0,0
2022-09-29,P004,S02,12,102000.0,0,0
2022-09-29,P004,S03,8,68000.0,0,0
2022-09-29,P004,S04,11,93500.0,0,0
2022-09-29,P004,S05,7,59500.0,0,0
2022-09-29,P004,S06,8,68000.0,0,0
2022-09-29,P005,S01,39,85800.0,0,0
2022-09-29,P005,S02,62,105542.37,1,0
2022-09-29,P005,S03,42,92400.0,0,0
2022-09-29,P005,S04,61,114823.39,1,0
2022-09-29,P005,S05,38,83600.0,0,0
2022-09-29,P005,S06,31,68200.0,0,0
2022-09-30,P001,S01,25,112500.0,0,0
2022-09-30,P001,S02,23,103500.0,0,0
2022-09-30,P001,S03,21,94500.0,0,0
2022-09-30,P001,S04,21,94500.0,0,0
2022-09-30,P001,S05,23,103500.0,0,0
2022-09-30,P001,S06,28,109539.24,1,0
2022-09-30,P002,S01,54,64800.0,0,0
2022-09-30,P002,S02,115,116979.0,1,0
2022-09-30,P002,S03,70,84000.0,0,0
2022-09-30,P002,S04,48,57600.0,0,0
2022-09-30,P002,S05,52,62400.0,0,0
2022-09-30,P002,S06,42,50400.0,0,0
2022-09-30,P003,S01,307,107450.0,0,0
2022-09-30,P003,S02,251,87850.0,0,0
2022-09-30,P003,S03,242,84700.0,0,0
2022-09-30,P003,S04,248,86800.0,0,0
2022-09-30,P003,S05,341,111208.65,1,0
2022-09-30,P003,S06,316,77442.36,1,0
2022-09-30,P004,S01,19,124150.8,1,0
2022-09-30,P004,S02,13,110500.0,0,0
2022-09-30,P004,S03,11,93500.0,0,0
2022-09-30,P004,S04,8,68000.0,0,0
2022-09-30,P004,S05,10,85000.0,0,0
2022-09-30,P004,S06,7,59500.0,0,0
2022-09-30,P005,S01,43,94600.0,0,0
2022-09-30,P005,S02,45,99000.0,0,0
2022-09-30,P005,S03,40,88000.0,0,0
2022-09-30,P005,S04,40,88000.0,0,0
2022-09-30,P005,S05,39,85800.0,0,0
2022-09-30,P005,S06,28,61600.0,0,0
2022-10-01,P001,S01,34,124663.07,1,0
2022-10-01,P001,S02,40,147889.46,1,0
2022-10-01,P001,S03,21,94500.0,0,0
2022-10-01,P001,S04,19,85500.0,0,0
2022-10-01,P001,S05,33,119066.43,1,0
2022-10-01,P001,S06,33,131804.68,1,0
2022-10-01,P002,S01,70,84000.0,0,0
2022-10-01,P002,S02,105,91971.11,1,0
2022-10-01,P002,S03,95,88798.02,1,0
2022-10-01,P002,S04,36,43200.0,0,0
2022-10-01,P002,S05,52,62400.0,0,0
2022-10-01,P002,S06,40,48000.0,0,0
2022-10-01,P003,S01,239,83650.0,0,0
2022-10-01,P003,S02,400,104078.28,1,0
2022-10-01,P003,S03,344,85962.13,1,0
2022-10-01,P003,S04,278,78169.49,1,0
2022-10-01,P003,S05,140,49000.0,0,0
2022-10-01,P003,S06,188,65800.0,0,0
2022-10-01,P004,S01,12,102000.0,0,0
2022-10-01,P004,S02,10,85000.0,0,0
2022-10-01,P004,S03,12,102000.0,0,0
2022-10-01,P004,S04,8,68000.0,0,0
2022-10-01,P004,S05,17,124169.73,1,0
2022-10-01,P004,S06,8,68000.0,0,0
2022-10-01,P005,S01,42,92400.0,0,0
2022-10-01,P005,S02,50,79569.96,1,0
2022-10-01,P005,S03,40,88000.0,0,0
2022-10-01,P005,S04,63,114924.57,1,0
2022-10-01,P005,S05,67,103469.04,1,0
2022-10-01,P005,S06,48,80455.54,1,0
2022-10-02,P001,S01,43,193500.0,0,1
2022-10-02,P001,S02,50,205022.88,1,1
2022-10-02,P001,S03,59,242743.27,1,1
2022-10-02,P001,S04,47,195946.8,1,1
2022-10-02,P001,S05,53,176941.92,1,1
2022-10-02,P001,S06,41,153430.49,1,1
2022-10-02,P002,S01,93,111600.0,0,1
2022-10-02,P002,S02,82,98400.0,0,1
2022-10-02,P002,S03,94,112800.0,0,1
2022-10-02,P002,S04,82,98400.0,0,1
2022-10-02,P002,S05,95,114000.0,0,1
2022-10-02,P002,S06,84,100800.0,0,1
2022-10-02,P003,S01,411,143850.0,0,1
2022-10-02,P003,S02,331,115850.0,0,1
2022-10-02,P003,S03,603,192284.86,1,1
2022-10-02,P003,S04,415,129758.48,1,1
2022-10-02,P003,S05,261,91350.0,0,1
2022-10-02,P003,S06,205,71750.0,0,1
2022-10-02,P004,S01,16,136000.0,0,1
2022-10-02,P004,S02,14,119000.0,0,1
2022-10-02,P004,S03,14,119000.0,0,1
2022-10-02,P004,S04,13,110500.0,0,1
2022-10-02,P004,S05,20,129990.38,1,1
2022-10-02,P004,S06,10,85000.0,0,1
2022-10-02,P005,S01,105,165448.88,1,1
2022-10-02,P005,S02,48,105600.0,0,1
2022-10-02,P005,S03,83,136280.75,1,1
2022-10-02,P005,S04,49,107800.0,0,1
2022-10-02,P005,S05,91,187683.31,1,1
2022-10-02,P005,S06,50,110000.0,0,1
2022-10-03,P001,S01,22,99000.0,0,0
2022-10-03,P001,S02,37,143602.23,1,0
2022-10-03,P001,S03,36,151825.18,1,0
2022-10-03,P001,S04,27,89044.26,1,0
2022-10-03,P001,S05,30,108902.97,1,0
2022-10-03,P001,S06,24,75917.27,1,0
2022-10-03,P002,S01,97,85835.85,1,0
2022-10-03,P002,S02,56,67200.0,0,0
2022-10-03,P002,S03,44,52800.0,0,0
2022-10-03,P002,S04,44,52800.0,0,0
2022-10-03,P002,S05,40,48000.0,0,0
2022-10-03,P002,S06,35,42000.0,0,0
2022-10-03,P003,S01,208,72800.0,0,0
2022-10-03,P003,S02,184,64400.0,0,0
2022-10-03,P003,S03,268,80848.98,1,0
2022-10-03,P003,S04,281,88802.02,1,0
2022-10-03,P003,S05,201,70350.0,0,0
2022-10-03,P003,S06,164,57400.0,0,0
2022-10-03,P004,S01,8,68000.0,0,0
2022-10-03,P004,S02,9,76500.0,0,0
2022-10-03,P004,S03,11,93500.0,0,0
2022-10-03,P004,S04,11,74191.86,1,0
2022-10-03,P004,S05,8,68000.0,0,0
2022-10-03,P004,S06,7,59500.0,0,0
2022-10-03,P005,S01,36,79200.0,0,0
2022-10-03,P005,S02,48,74633.07,1,0
2022-10-03,P005,S03,30,66000.0,0,0
2022-10-03,P005,S04,42,78621.84,1,0
2022-10-03,P005,S05,42,72999.3,1,0
2022-10-03,P005,S06,24,52800.0,0,0
2022-10-04,P001,S01,21,94500.0,0,0
2022-10-04,P001,S02,21,94500.0,0,0
2022-10-04,P001,S03,17,76500.0,0,0
2022-10-04,P001,S04,28,117377.87,1,0
2022-10-04,P001,S05,16,72000.0,0,0
2022-10-04,P001,S06,17,76500.0,0,0
2022-10-04,P002,S01,60,72000.0,0,0
2022-10-04,P002,S02,56,67200.0,0,0
2022-10-04,P002,S03,53,63600.0,0,0
2022-10-04,P002,S04,77,72094.2,1,0
2022-10-04,P002,S05,91,84942.28,1,0
2022-10-04,P002,S06,39,46800.0,0,0
2022-10-04,P003,S01,348,107500.37,1,0
2022-10-04,P003,S02,241,84350.0,0,0
2022-10-04,P003,S03,316,95250.92,1,0
2022-10-04,P003,S04,137,47950.0,0,0
2022-10-04,P003,S05,183,64050.0,0,0
2022-10-04,P003,S06,177,61950.0,0,0
2022-10-04,P004,S01,21,163018.82,1,0
2022-10-04,P004,S02,10,85000.0,0,0
2022-10-04,P004,S03,9,76500.0,0,0
2022-10-04,P004,S04,11,66725.45,1,0
2022-10-04,P004,S05,8,68000.0,0,0
2022-10-04,P004,S06,5,42500.0,0,0
2022-10-04,P005,S01,42,92400.0,0,0
2022-10-04,P005,S02,35,77000.0,0,0
2022-10-04,P005,S03,35,77000.0,0,0
2022-10-04,P005,S04,35,77000.0,0,0
2022-10-04,P005,S05,31,68200.0,0,0
2022-10-04,P005,S06,39,72019.48,1,0
2022-10-05,P001,S01,42,189000.0,0,1
2022-10-05,P001,S02,33,148500.0,0,1
2022-10-05,P001,S03,25,112500.0,0,1
2022-10-05,P001,S04,44,170255.78,1,1
2022-10-05,P001,S05,28,126000.0,0,1
2022-10-05,P001,S06,26,117000.0,0,1
2022-10-05,P002,S01,77,92400.0,0,1
2022-10-05,P002,S02,94,97115.42,1,1
2022-10-05,P002,S03,122,131461.06,1,1
2022-10-05,P002,S04,68,81600.0,0,1
2022-10-05,P002,S05,55,66000.0,0,1
2022-10-05,P002,S06,67,80400.0,0,1
2022-10-05,P003,S01,474,118993.86,1,1
2022-10-05,P003,S02,302,105700.0,0,1
2022-10-05,P003,S03,262,91700.0,0,1
2022-10-05,P003,S04,241,84350.0,0,1
2022-10-05,P003,S05,258,90300.0,0,1
2022-10-05,P003,S06,292,85415.42,1,1
2022-10-05,P004,S01,23,172430.6,1,1
2022-10-05,P004,S02,13,110500.0,0,1
2022-10-05,P004,S03,17,128340.84,1,1
2022-10-05,P004,S04,19,120553.96,1,1
2022-10-05,P004,S05,10,85000.0,0,1
2022-10-05,P004,S06,10,85000.0,0,1
2022-10-05,P005,S01,55,121000.0,0,1
2022-10-05,P005,S02,96,178852.02,1,1
2022-10-05,P005,S03,56,123200.0,0,1
2022-10-05,P005,S04,50,110000.0,0,1
2022-10-05,P005,S05,35,77000.0,0,1
2022-10-05,P005,S06,51,98347.7,1,1
2022-10-06,P001,S01,21,94500.0,0,0
2022-10-06,P001,S02,21,94500.0,0,0
2022-10-06,P001,S03,35,142836.3,1,0
2022-10-06,P001,S04,20,90000.0,0,0
2022-10-06,P001,S05,18,81000.0,0,0
2022-10-06,P001,S06,26,86248.72,1,0
2022-10-06,P002,S01,57,68400.0,0,0
2022-10-06,P002,S02,56,67200.0,0,0
2022-10-06,P002,S03,44,52800.0,0,0
2022-10-06,P002,S04,53,63600.0,0,0
2022-10-06,P002,S05,54,51780.49,1,0
2022-10-06,P002,S06,42,50400.0,0,0
2022-10-06,P003,S01,272,95200.0,0,0
2022-10-06,P003,S02,251,87850.0,0,0
2022-10-06,P003,S03,191,66850.0,0,0
2022-10-06,P003,S04,153,53550.0,0,0
2022-10-06,P003,S05,179,62650.0,0,0
2022-10-06,P003,S06,145,50750.0,0,0
2022-10-06,P004,S01,10,85000.0,0,0
2022-10-06,P004,S02,15,110057.26,1,0
2022-10-06,P004,S03,8,68000.0,0,0
2022-10-06,P004,S04,10,60249.84,1,0
2022-10-06,P004,S05,7,59500.0,0,0
2022-10-06,P004,S06,7,59500.0,0,0
2022-10-06,P005,S01,64,109416.85,1,0
2022-10-06,P005,S02,61,123725.61,1,0
2022-10-06,P005,S03,32,70400.0,0,0
2022-10-06,P005,S04,22,48400.0,0,0
2022-10-06,P005,S05,31,68200.0,0,0
2022-10-06,P005,S06,27,59400.0,0,0
2022-10-07,P001,S01,20,90000.0,0,0
2022-10-07,P001,S02,20,90000.0,0,0
2022-10-07,P001,S03,22,99000.0,0,0
2022-10-07,P001,S04,18,81000.0,0,0
2022-10-07,P001,S05,17,76500.0,0,0
2022-10-07,P001,S06,17,76500.0,0,0
2022-10-07,P002,S01,54,64800.0,0,0
2022-10-07,P002,S02,99,111380.95,1,0
2022-10-07,P002,S03,44,52800.0,0,0
2022-10-07,P002,S04,44,52800.0,0,0
2022-10-07,P002,S05,53,63600.0,0,0
2022-10-07,P002,S06,34,40800.0,0,0
2022-10-07,P003,S01,215,75250.0,0,0
2022-10-07,P003,S02,203,71050.0,0,0
2022-10-07,P003,S03,171,59850.0,0,0
2022-10-07,P003,S04,200,70000.0,0,0
2022-10-07,P003,S05,307,79355.78,1,0
2022-10-07,P003,S06,155,54250.0,0,0
2022-10-07,P004,S01,10,85000.0,0,0
2022-10-07,P004,S02,7,59500.0,0,0
2022-10-07,P004,S03,9,76500.0,0,0
2022-10-07,P004,S04,7,59500.0,0,0
2022-10-07,P004,S05,6,51000.0,0,0
2022-10-07,P004,S06,7,59500.0,0,0
2022-10-07,P005,S01,41,90200.0,0,0
2022-10-07,P005,S02,33,72600.0,0,0
2022-10-07,P005,S03,41,90200.0,0,0
2022-10-07,P005,S04,29,63800.0,0,0
2022-10-07,P005,S05,55,93277.93,1,0
2022-10-07,P005,S06,46,85247.29,1,0
2022-10-08,P001,S01,26,117000.0,0,0
2022-10-08,P001,S02,23,103500.0,0,0
2022-10-08,P001,S03,45,186472.81,1,0
2022-10-08,P001,S04,28,104409.04,1,0
2022-10-08,P001,S05,24,108000.0,0,0
2022-10-08,P001,S06,17,76500.0,0,0
2022-10-08,P002,S01,75,70305.91,1,0
2022-10-08,P002,S02,65,78000.0,0,0
2022-10-08,P002,S03,52,62400.0,0,0
2022-10-08,P002,S04,72,71650.92,1,0
2022-10-08,P002,S05,69,82800.0,0,0
2022-10-08,P002,S06,46,55200.0,0,0
2022-10-08,P003,S01,221,77350.0,0,0
2022-10-08,P003,S02,267,93450.0,0,0
2022-10-08,P003,S03,195,68250.0,0,0
2022-10-08,P003,S04,200,70000.0,0,0
2022-10-08,P003,S05,175,61250.0,0,0
2022-10-08,P003,S06,193,67550.0,0,0
2022-10-08,P004,S01,13,110500.0,0,0
2022-10-08,P004,S02,11,93500.0,0,0
2022-10-08,P004,S03,20,134291.48,1,0
2022-10-08,P004,S04,13,95865.99,1,0
2022-10-08,P004,S05,17,126931.87,1,0
2022-10-08,P004,S06,10,85000.0,0,0
2022-10-08,P005,S01,54,110571.78,1,0
2022-10-08,P005,S02,56,110715.02,1,0
2022-10-08,P005,S03,38,83600.0,0,0
2022-10-08,P005,S04,33,72600.0,0,0
2022-10-08,P005,S05,32,70400.0,0,0
2022-10-08,P005,S06,30,66000.0,0,0
2022-10-09,P001,S01,27,121500.0,0,0
2022-10-09,P001,S02,24,108000.0,0,0
2022-10-09,P001,S03,23,103500.0,0,0
2022-10-09,P001,S04,28,110416.0,1,0
2022-10-09,P001,S05,20,90000.0,0,0
2022-10-09,P001,S06,18,81000.0,0,0
2022-10-09,P002,S01,100,85706.58,1,0
2022-10-09,P002,S02,71,77840.05,1,0
2022-10-09,P002,S03,58,69600.0,0,0
2022-10-09,P002,S04,77,86910.09,1,0
2022-10-09,P002,S05,83,76103.13,1,0
2022-10-09,P002,S06,53,51439.87,1,0
2022-10-09,P003,S01,251,87850.0,0,0
2022-10-09,P003,S02,413,135941.35,1,0
2022-10-09,P003,S03,246,86100.0,0,0
2022-10-09,P003,S04,190,66500.0,0,0
2022-10-09,P003,S05,245,85750.0,0,0
2022-10-09,P003,S06,173,60550.0,0,0
2022-10-09,P004,S01,10,85000.0,0,0
2022-10-09,P004,S02,13,110500.0,0,0
2022-10-09,P004,S03,18,111874.99,1,0
2022-10-09,P004,S04,17,131301.25,1,0
2022-10-09,P004,S05,9,76500.0,0,0
2022-10-09,P004,S06,12,94833.05,1,0
2022-10-09,P005,S01,39,85800.0,0,0
2022-10-09,P005,S02,60,123295.99,1,0
2022-10-09,P005,S03,37,81400.0,0,0
2022-10-09,P005,S04,36,79200.0,0,0
2022-10-09,P005,S05,37,81400.0,0,0
2022-10-09,P005,S06,39,77499.97,1,0
2022-10-10,P001,S01,23,103500.0,0,0
2022-10-10,P001,S02,33,118675.61,1,0
2022-10-10,P001,S03,17,76500.0,0,0
2022-10-10,P001,S04,19,85500.0,0,0
2022-10-10,P001,S05,15,67500.0,0,0
2022-10-10,P001,S06,17,76500.0,0,0
2022-10-10,P002,S01,58,69600.0,0,0
2022-10-10,P002,S02,82,86149.14,1,0
2022-10-10,P002,S03,50,60000.0,0,0
2022-10-10,P002,S04,70,61911.65,1,0
2022-10-10,P002,S05,71,64939.27,1,0
2022-10-10,P002,S06,33,39600.0,0,0
2022-10-10,P003,S01,408,118410.43,1,0
2022-10-10,P003,S02,211,73850.0,0,0
2022-10-10,P003,S03,190,66500.0,0,0
2022-10-10,P003,S04,150,52500.0,0,0
2022-10-10,P003,S05,157,54950.0,0,0
2022-10-10,P003,S06,174,60900.0,0,0
2022-10-10,P004,S01,9,76500.0,0,0
2022-10-10,P004,S02,8,68000.0,0,0
2022-10-10,P004,S03,8,68000.0,0,0
2022-10-10,P004,S04,8,68000.0,0,0
2022-10-10,P004,S05,8,68000.0,0,0
2022-10-10,P004,S06,8,68000.0,0,0
2022-10-10,P005,S01,30,66000.0,0,0
2022-10-10,P005,S02,44,75411.11,1,0
2022-10-10,P005,S03,34,74800.0,0,0
2022-10-10,P005,S04,30,66000.0,0,0
2022-10-10,P005,S05,26,57200.0,0,0
2022-10-10,P005,S06,28,61600.0,0,0
2022-10-11,P001,S01,27,121500.0,0,0
2022-10-11,P001,S02,31,113908.23,1,0
2022-10-11,P001,S03,21,94500.0,0,0
2022-10-11,P001,S04,16,72000.0,0,0
2022-10-11,P001,S05,19,85500.0,0,0
2022-10-11,P001,S06,15,67500.0,0,0
2022-10-11,P002,S01,58,69600.0,0,0
2022-10-11,P002,S02,83,83976.84,1,0
2022-10-11,P002,S03,51,61200.0,0,0
2022-10-11,P002,S04,46,55200.0,0,0
2022-10-11,P002,S05,42,50400.0,0,0
2022-10-11,P002,S06,45,54000.0,0,0
2022-10-11,P003,S01,244,85400.0,0,0
2022-10-11,P003,S02,203,71050.0,0,0
2022-10-11,P003,S03,178,62300.0,0,0
2022-10-11,P003,S04,143,50050.0,0,0
2022-10-11,P003,S05,178,62300.0,0,0
2022-10-11,P003,S06,149,52150.0,0,0
2022-10-11,P004,S01,12,102000.0,0,0
2022-10-11,P004,S02,10,85000.0,0,0
2022-10-11,P004,S03,8,68000.0,0,0
2022-10-11,P004,S04,8,68000.0,0,0
2022-10-11,P004,S05,14,90628.05,1,0
2022-10-11,P004,S06,7,59500.0,0,0
2022-10-11,P005,S01,42,92400.0,0,0
2022-10-11,P005,S02,48,89880.39,1,0
2022-10-11,P005,S03,28,61600.0,0,0
2022-10-11,P005,S04,29,63800.0,0,0
2022-10-11,P005,S05,29,63800.0,0,0
2022-10-11,P005,S06,30,66000.0,0,0
2022-10-12,P001,S01,23,103500.0,0,0
2022-10-12,P001,S02,20,90000.0,0,0
2022-10-12,P001,S03,23,103500.0,0,0
2022-10-12,P001,S04,14,63000.0,0,0
2022-10-12,P001,S05,14,63000.0,0,0
2022-10-12,P001,S06,23,95176.86,1,0
2022-10-12,P002,S01,46,55200.0,0,0
2022-10-12,P002,S02,53,63600.0,0,0
2022-10-12,P002,S03,68,72625.87,1,0
2022-10-12,P002,S04,38,45600.0,0,0
2022-10-12,P002,S05,78,66956.46,1,0
2022-10-12,P002,S06,36,43200.0,0,0
2022-10-12,P003,S01,246,86100.0,0,0
2022-10-12,P003,S02,232,81200.0,0,0
2022-10-12,P003,S03,171,59850.0,0,0
2022-10-12,P003,S04,143,50050.0,0,0
2022-10-12,P003,S05,172,60200.0,0,0
2022-10-12,P003,S06,169,59150.0,0,0
2022-10-12,P004,S01,11,93500.0,0,0
2022-10-12,P004,S02,9,76500.0,0,0
2022-10-12,P004,S03,9,76500.0,0,0
2022-10-12,P004,S04,8,68000.0,0,0
2022-10-12,P004,S05,8,68000.0,0,0
2022-10-12,P004,S06,10,85000.0,0,0
2022-10-12,P005,S01,38,83600.0,0,0
2022-10-12,P005,S02,36,79200.0,0,0
2022-10-12,P005,S03,35,77000.0,0,0
2022-10-12,P005,S04,27,59400.0,0,0
2022-10-12,P005,S05,33,72600.0,0,0
2022-10-12,P005,S06,43,80253.07,1,0
2022-10-13,P001,S01,33,120277.62,1,0
2022-10-13,P001,S02,21,94500.0,0,0
2022-10-13,P001,S03,17,76500.0,0,0
2022-10-13,P001,S04,14,63000.0,0,0
2022-10-13,P001,S05,17,76500.0,0,0
2022-10-13,P001,S06,15,67500.0,0,0
2022-10-13,P002,S01,50,60000.0,0,0
2022-10-13,P002,S02,60,72000.0,0,0
2022-10-13,P002,S03,46,55200.0,0,0
2022-10-13,P002,S04,47,56400.0,0,0
2022-10-13,P002,S05,55,66000.0,0,0
2022-10-13,P002,S06,35,42000.0,0,0
2022-10-13,P003,S01,224,78400.0,0,0
2022-10-13,P003,S02,353,108680.9,1,0
2022-10-13,P003,S03,245,66188.51,1,0
2022-10-13,P003,S04,156,54600.0,0,0
2022-10-13,P003,S05,167,58450.0,0,0
2022-10-13,P003,S06,180,63000.0,0,0
2022-10-13,P004,S01,11,93500.0,0,0
2022-10-13,P004,S02,11,93500.0,0,0
2022-10-13,P004,S03,9,76500.0,0,0
2022-10-13,P004,S04,10,85000.0,0,0
2022-10-13,P004,S05,7,59500.0,0,0
2022-10-13,P004,S06,7,59500.0,0,0
2022-10-13,P005,S01,33,72600.0,0,0
2022-10-13,P005,S02,40,88000.0,0,0
2022-10-13,P005,S03,28,61600.0,0,0
2022-10-13,P005,S04,24,52800.0,0,0
2022-10-13,P005,S05,25,55000.0,0,0
2022-10-13,P005,S06,31,68200.0,0,0
2022-10-14,P001,S01,37,118550.81,1,0
2022-10-14,P001,S02,22,99000.0,0,0
2022-10-14,P001,S03,22,99000.0,0,0
2022-10-14,P001,S04,19,85500.0,0,0
2022-10-14,P001,S05,23,103500.0,0,0
2022-10-14,P001,S06,17,76500.0,0,0
2022-10-14,P002,S01,61,73200.0,0,0
2022-10-14,P002,S02,53,63600.0,0,0
2022-10-14,P002,S03,52,62400.0,0,0
2022-10-14,P002,S04,39,46800.0,0,0
2022-10-14,P002,S05,46,55200.0,0,0
2022-10-14,P002,S06,50,60000.0,0,0
2022-10-14,P003,S01,246,86100.0,0,0
2022-10-14,P003,S02,246,86100.0,0,0
2022-10-14,P003,S03,203,71050.0,0,0
2022-10-14,P003,S04,189,66150.0,0,0
2022-10-14,P003,S05,168,58800.0,0,0
2022-10-14,P003,S06,273,83738.74,1,0
2022-10-14,P004,S01,9,76500.0,0,0
2022-10-14,P004,S02,11,93500.0,0,0
2022-10-14,P004,S03,9,76500.0,0,0
2022-10-14,P004,S04,7,59500.0,0,0
2022-10-14,P004,S05,11,75485.18,1,0
2022-10-14,P004,S06,7,59500.0,0,0
2022-10-14,P005,S01,38,83600.0,0,0
2022-10-14,P005,S02,37,81400.0,0,0
2022-10-14,P005,S03,33,72600.0,0,0
2022-10-14,P005,S04,29,63800.0,0,0
2022-10-14,P005,S05,31,68200.0,0,0
2022-10-14,P005,S06,47,80310.68,1,0
2022-10-15,P001,S01,24,108000.0,0,0
2022-10-15,P001,S02,24,108000.0,0,0
2022-10-15,P001,S03,25,112500.0,0,0
2022-10-15,P001,S04,35,129323.85,1,0
2022-10-15,P001,S05,16,72000.0,0,0
2022-10-15,P001,S06,17,76500.0,0,0
2022-10-15,P002,S01,76,91200.0,0,0
2022-10-15,P002,S02,94,87718.88,1,0
2022-10-15,P002,S03,85,85693.36,1,0
2022-10-15,P002,S04,51,61200.0,0,0
2022-10-15,P002,S05,96,108735.78,1,0
2022-10-15,P002,S06,73,67605.64,1,0
2022-10-15,P003,S01,237,82950.0,0,0
2022-10-15,P003,S02,419,127119.7,1,0
2022-10-15,P003,S03,427,131887.4,1,0
2022-10-15,P003,S04,185,64750.0,0,0
2022-10-15,P003,S05,250,65449.16,1,0
2022-10-15,P003,S06,163,57050.0,0,0
2022-10-15,P004,S01,11,93500.0,0,0
2022-10-15,P004,S02,19,122245.29,1,0
2022-10-15,P004,S03,9,76500.0,0,0
2022-10-15,P004,S04,10,85000.0,0,0
2022-10-15,P004,S05,10,85000.0,0,0
2022-10-15,P004,S06,9,76500.0,0,0
2022-10-15,P005,S01,45,99000.0,0,0
2022-10-15,P005,S02,37,81400.0,0,0
2022-10-15,P005,S03,58,110968.08,1,0
2022-10-15,P005,S04,55,107760.03,1,0
2022-10-15,P005,S05,41,90200.0,0,0
2022-10-15,P005,S06,56,113057.01,1,0
2022-10-16,P001,S01,50,184356.05,1,0
2022-10-16,P001,S02,26,117000.0,0,0
2022-10-16,P001,S03,27,121500.0,0,0
2022-10-16,P001,S04,28,100477.57,1,0
2022-10-16,P001,S05,35,115183.77,1,0
2022-10-16,P001,S06,18,81000.0,0,0
2022-10-16,P002,S01,74,88800.0,0,0
2022-10-16,P002,S02,111,117859.03,1,0
2022-10-16,P002,S03,45,54000.0,0,0
2022-10-16,P002,S04,84,75691.6,1,0
2022-10-16,P002,S05,53,63600.0,0,0
2022-10-16,P002,S06,49,58800.0,0,0
2022-10-16,P003,S01,271,94850.0,0,0
2022-10-16,P003,S02,357,118304.95,1,0
2022-10-16,P003,S03,391,97211.9,1,0
2022-10-16,P003,S04,202,70700.0,0,0
2022-10-16,P003,S05,359,112947.91,1,0
2022-10-16,P003,S06,181,63350.0,0,0
2022-10-16,P004,S01,17,120623.83,1,0
2022-10-16,P004,S02,13,110500.0,0,0
2022-10-16,P004,S03,9,76500.0,0,0
2022-10-16,P004,S04,14,104231.56,1,0
2022-10-16,P004,S05,9,76500.0,0,0
2022-10-16,P004,S06,8,68000.0,0,0
2022-10-16,P005,S01,45,99000.0,0,0
2022-10-16,P005,S02,39,85800.0,0,0
2022-10-16,P005,S03,46,101200.0,0,0
2022-10-16,P005,S04,35,77000.0,0,0
2022-10-16,P005,S05,39,85800.0,0,0
2022-10-16,P005,S06,49,80011.09,1,0
2022-10-17,P001,S01,22,99000.0,0,0
2022-10-17,P001,S02,39,136124.11,1,0
2022-10-17,P001,S03,16,72000.0,0,0
2022-10-17,P001,S04,27,104939.04,1,0
2022-10-17,P001,S05,20,90000.0,0,0
2022-10-17,P001,S06,26,88951.72,1,0
2022-10-17,P002,S01,63,75600.0,0,0
2022-10-17,P002,S02,47,56400.0,0,0
2022-10-17,P002,S03,53,63600.0,0,0
2022-10-17,P002,S04,41,49200.0,0,0
2022-10-17,P002,S05,41,49200.0,0,0
2022-10-17,P002,S06,65,59017.48,1,0
2022-10-17,P003,S01,243,85050.0,0,0
2022-10-17,P003,S02,196,68600.0,0,0
2022-10-17,P003,S03,220,77000.0,0,0
2022-10-17,P003,S04,300,81437.62,1,0
2022-10-17,P003,S05,194,67900.0,0,0
2022-10-17,P003,S06,160,56000.0,0,0
2022-10-17,P004,S01,10,85000.0,0,0
2022-10-17,P004,S02,9,76500.0,0,0
2022-10-17,P004,S03,8,68000.0,0,0
2022-10-17,P004,S04,7,59500.0,0,0
2022-10-17,P004,S05,7,59500.0,0,0
2022-10-17,P004,S06,7,59500.0,0,0
2022-10-17,P005,S01,42,92400.0,0,0
2022-10-17,P005,S02,31,68200.0,0,0
2022-10-17,P005,S03,28,61600.0,0,0
2022-10-17,P005,S04,30,66000.0,0,0
2022-10-17,P005,S05,37,81400.0,0,0
2022-10-17,P005,S06,26,57200.0,0,0
2022-10-18,P001,S01,22,99000.0,0,0
2022-10-18,P001,S02,21,94500.0,0,0
2022-10-18,P001,S03,19,85500.0,0,0
2022-10-18,P001,S04,20,90000.0,0,0
2022-10-18,P001,S05,16,72000.0,0,0
2022-10-18,P001,S06,15,67500.0,0,0
2022-10-18,P002,S01,66,79200.0,0,0
2022-10-18,P002,S02,88,89309.09,1,0
2022-10-18,P002,S03,92,97711.14,1,0
2022-10-18,P002,S04,45,54000.0,0,0
2022-10-18,P002,S05,37,44400.0,0,0
2022-10-18,P002,S06,73,83126.38,1,0
2022-10-18,P003,S01,295,83638.21,1,0
2022-10-18,P003,S02,205,71750.0,0,0
2022-10-18,P003,S03,174,60900.0,0,0
2022-10-18,P003,S04,345,100751.95,1,0
2022-10-18,P003,S05,211,73850.0,0,0
2022-10-18,P003,S06,230,56677.78,1,0
2022-10-18,P004,S01,10,85000.0,0,0
2022-10-18,P004,S02,12,102000.0,0,0
2022-10-18,P004,S03,10,85000.0,0,0
2022-10-18,P004,S04,7,59500.0,0,0
2022-10-18,P004,S05,8,68000.0,0,0
2022-10-18,P004,S06,7,59500.0,0,0
2022-10-18,P005,S01,34,74800.0,0,0
2022-10-18,P005,S02,36,79200.0,0,0
2022-10-18,P005,S03,28,61600.0,0,0
2022-10-18,P005,S04,40,81383.97,1,0
2022-10-18,P005,S05,39,62825.09,1,0
2022-10-18,P005,S06,29,63800.0,0,0
2022-10-19,P001,S01,25,112500.0,0,0
2022-10-19,P001,S02,23,103500.0,0,0
2022-10-19,P001,S03,23,103500.0,0,0
2022-10-19,P001,S04,17,76500.0,0,0
2022-10-19,P001,S05,16,72000.0,0,0
2022-10-19,P001,S06,18,81000.0,0,0
2022-10-19,P002,S01,50,60000.0,0,0
2022-10-19,P002,S02,63,75600.0,0,0
2022-10-19,P002,S03,55,66000.0,0,0
2022-10-19,P002,S04,44,52800.0,0,0
2022-10-19,P002,S05,54,64800.0,0,0
2022-10-19,P002,S06,27,32400.0,0,0
2022-10-19,P003,S01,218,76300.0,0,0
2022-10-19,P003,S02,199,69650.0,0,0
2022-10-19,P003,S03,182,63700.0,0,0
2022-10-19,P003,S04,127,44450.0,0,0
2022-10-19,P003,S05,202,70700.0,0,0
2022-10-19,P003,S06,157,54950.0,0,0
2022-10-19,P004,S01,9,76500.0,0,0
2022-10-19,P004,S02,7,59500.0,0,0
2022-10-19,P004,S03,11,86162.2,1,0
2022-10-19,P004,S04,9,76500.0,0,0
2022-10-19,P004,S05,9,76500.0,0,0
2022-10-19,P004,S06,7,59500.0,0,0
2022-10-19,P005,S01,41,90200.0,0,0
2022-10-19,P005,S02,59,103698.15,1,0
2022-10-19,P005,S03,51,101059.95,1,0
2022-10-19,P005,S04,21,46200.0,0,0
2022-10-19,P005,S05,31,68200.0,0,0
2022-10-19,P005,S06,24,52800.0,0,0
2022-10-20,P001,S01,21,94500.0,0,0
2022-10-20,P001,S02,23,103500.0,0,0
2022-10-20,P001,S03,19,85500.0,0,0
2022-10-20,P001,S04,19,85500.0,0,0
2022-10-20,P001,S05,24,108000.0,0,0
2022-10-20,P001,S06,16,72000.0,0,0
2022-10-20,P002,S01,67,80400.0,0,0
2022-10-20,P002,S02,49,58800.0,0,0
2022-10-20,P002,S03,52,62400.0,0,0
2022-10-20,P002,S04,38,45600.0,0,0
2022-10-20,P002,S05,43,51600.0,0,0
2022-10-20,P002,S06,51,61200.0,0,0
2022-10-20,P003,S01,223,78050.0,0,0
2022-10-20,P003,S02,305,88392.66,1,0
2022-10-20,P003,S03,189,66150.0,0,0
2022-10-20,P003,S04,103,36050.0,0,0
2022-10-20,P003,S05,199,69650.0,0,0
2022-10-20,P003,S06,153,53550.0,0,0
2022-10-20,P004,S01,9,76500.0,0,0
2022-10-20,P004,S02,9,76500.0,0,0
2022-10-20,P004,S03,8,68000.0,0,0
2022-10-20,P004,S04,6,51000.0,0,0
2022-10-20,P004,S05,12,71887.31,1,0
2022-10-20,P004,S06,7,59500.0,0,0
2022-10-20,P005,S01,38,83600.0,0,0
2022-10-20,P005,S02,33,72600.0,0,0
2022-10-20,P005,S03,31,68200.0,0,0
2022-10-20,P005,S04,24,52800.0,0,0
2022-10-20,P005,S05,45,71614.99,1,0
2022-10-20,P005,S06,25,55000.0,0,0
2022-10-21,P001,S01,23,103500.0,0,0
2022-10-21,P001,S02,24,108000.0,0,0
2022-10-21,P001,S03,22,99000.0,0,0
2022-10-21,P001,S04,21,94500.0,0,0
2022-10-21,P001,S05,17,76500.0,0,0
2022-10-21,P001,S06,18,81000.0,0,0
2022-10-21,P002,S01,54,64800.0,0,0
2022-10-21,P002,S02,59,70800.0,0,0
2022-10-21,P002,S03,60,72000.0,0,0
2022-10-21,P002,S04,36,43200.0,0,0
2022-10-21,P002,S05,81,91470.84,1,0
2022-10-21,P002,S06,42,50400.0,0,0
2022-10-21,P003,S01,208,72800.0,0,0
2022-10-21,P003,S02,260,91000.0,0,0
2022-10-21,P003,S03,355,112231.62,1,0
2022-10-21,P003,S04,176,61600.0,0,0
2022-10-21,P003,S05,175,61250.0,0,0
2022-10-21,P003,S06,136,47600.0,0,0
2022-10-21,P004,S01,12,102000.0,0,0
2022-10-21,P004,S02,10,85000.0,0,0
2022-10-21,P004,S03,9,76500.0,0,0
2022-10-21,P004,S04,10,64068.16,1,0
2022-10-21,P004,S05,9,76500.0,0,0
2022-10-21,P004,S06,7,59500.0,0,0
2022-10-21,P005,S01,54,99734.6,1,0
2022-10-21,P005,S02,40,88000.0,0,0
2022-10-21,P005,S03,24,52800.0,0,0
2022-10-21,P005,S04,35,77000.0,0,0
2022-10-21,P005,S05,50,99606.62,1,0
2022-10-21,P005,S06,45,72061.55,1,0
2022-10-22,P001,S01,35,114653.76,1,0
2022-10-22,P001,S02,36,141985.54,1,0
2022-10-22,P001,S03,27,121500.0,0,0
2022-10-22,P001,S04,18,81000.0,0,0
2022-10-22,P001,S05,24,108000.0,0,0
2022-10-22,P001,S06,28,95910.78,1,0
2022-10-22,P002,S01,116,120268.7,1,0
2022-10-22,P002,S02,66,79200.0,0,0
2022-10-22,P002,S03,68,81600.0,0,0
2022-10-22,P002,S04,53,63600.0,0,0
2022-10-22,P002,S05,86,89796.97,1,0
2022-10-22,P002,S06,63,63600.6,1,0
2022-10-22,P003,S01,276,96600.0,0,0
2022-10-22,P003,S02,251,87850.0,0,0
2022-10-22,P003,S03,195,68250.0,0,0
2022-10-22,P003,S04,330,88261.35,1,0
2022-10-22,P003,S05,207,72450.0,0,0
2022-10-22,P003,S06,205,71750.0,0,0
2022-10-22,P004,S01,10,85000.0,0,0
2022-10-22,P004,S02,19,124922.54,1,0
2022-10-22,P004,S03,16,107717.37,1,0
2022-10-22,P004,S04,8,68000.0,0,0
2022-10-22,P004,S05,11,93500.0,0,0
2022-10-22,P004,S06,13,100118.43,1,0
2022-10-22,P005,S01,51,112200.0,0,0
2022-10-22,P005,S02,45,99000.0,0,0
2022-10-22,P005,S03,43,94600.0,0,0
2022-10-22,P005,S04,30,66000.0,0,0
2022-10-22,P005,S05,56,91955.26,1,0
2022-10-22,P005,S06,27,59400.0,0,0
2022-10-23,P001,S01,39,147523.79,1,0
2022-10-23,P001,S02,19,85500.0,0,0
2022-10-23,P001,S03,24,108000.0,0,0
2022-10-23,P001,S04,20,90000.0,0,0
2022-10-23,P001,S05,19,85500.0,0,0
2022-10-23,P001,S06,24,108000.0,0,0
2022-10-23,P002,S01,95,94131.32,1,0
2022-10-23,P002,S02,101,98621.86,1,0
2022-10-23,P002,S03,85,86679.08,1,0
2022-10-23,P002,S04,73,80266.42,1,0
2022-10-23,P002,S05,50,60000.0,0,0
2022-10-23,P002,S06,83,74415.21,1,0
2022-10-23,P003,S01,205,71750.0,0,0
2022-10-23,P003,S02,246,86100.0,0,0
2022-10-23,P003,S03,204,71400.0,0,0
2022-10-23,P003,S04,194,67900.0,0,0
2022-10-23,P003,S05,223,78050.0,0,0
2022-10-23,P003,S06,259,79748.93,1,0
2022-10-23,P004,S01,20,139509.88,1,0
2022-10-23,P004,S02,16,125131.37,1,0
2022-10-23,P004,S03,12,102000.0,0,0
2022-10-23,P004,S04,8,68000.0,0,0
2022-10-23,P004,S05,8,68000.0,0,0
2022-10-23,P004,S06,9,76500.0,0,0
2022-10-23,P005,S01,35,77000.0,0,0
2022-10-23,P005,S02,65,134333.62,1,0
2022-10-23,P005,S03,40,88000.0,0,0
2022-10-23,P005,S04,58,96746.13,1,0
2022-10-23,P005,S05,50,91943.37,1,0
2022-10-23,P005,S06,33,72600.0,0,0
2022-10-24,P001,S01,31,139500.0,0,1
2022-10-24,P001,S02,32,144000.0,0,1
2022-10-24,P001,S03,64,257090.33,1,1
2022-10-24,P001,S04,35,123673.62,1,1
2022-10-24,P001,S05,27,121500.0,0,1
2022-10-24,P001,S06,17,76500.0,0,1
2022-10-24,P002,S01,77,92400.0,0,1
2022-10-24,P002,S02,111,125603.41,1,1
2022-10-24,P002,S03,144,148345.43,1,1
2022-10-24,P002,S04,65,78000.0,0,1
2022-10-24,P002,S05,73,87600.0,0,1
2022-10-24,P002,S06,51,61200.0,0,1
2022-10-24,P003,S01,368,128800.0,0,1
2022-10-24,P003,S02,357,124950.0,0,1
2022-10-24,P003,S03,253,88550.0,0,1
2022-10-24,P003,S04,368,114790.76,1,1
2022-10-24,P003,S05,307,107450.0,0,1
2022-10-24,P003,S06,227,79450.0,0,1
2022-10-24,P004,S01,18,153000.0,0,1
2022-10-24,P004,S02,13,110500.0,0,1
2022-10-24,P004,S03,13,110500.0,0,1
2022-10-24,P004,S04,11,93500.0,0,1
2022-10-24,P004,S05,19,139263.35,1,1
2022-10-24,P004,S06,16,120280.95,1,1
2022-10-24,P005,S01,51,112200.0,0,1
2022-10-24,P005,S02,50,110000.0,0,1
2022-10-24,P005,S03,45,99000.0,0,1
2022-10-24,P005,S04,71,121168.67,1,1
2022-10-24,P005,S05,45,99000.0,0,1
2022-10-24,P005,S06,39,85800.0,0,1
2022-10-25,P001,S01,24,108000.0,0,0
2022-10-25,P001,S02,32,110470.74,1,0
2022-10-25,P001,S03,39,126289.97,1,0
2022-10-25,P001,S04,17,76500.0,0,0
2022-10-25,P001,S05,20,90000.0,0,0
2022-10-25,P001,S06,28,113397.17,1,0
2022-10-25,P002,S01,63,75600.0,0,0
2022-10-25,P002,S02,58,69600.0,0,0
2022-10-25,P002,S03,50,60000.0,0,0
2022-10-25,P002,S04,49,58800.0,0,0
2022-10-25,P002,S05,41,49200.0,0,0
2022-10-25,P002,S06,58,54126.01,1,0
2022-10-25,P003,S01,179,62650.0,0,0
2022-10-25,P003,S02,272,85308.29,1,0
2022-10-25,P003,S03,233,81550.0,0,0
2022-10-25,P003,S04,185,64750.0,0,0
2022-10-25,P003,S05,187,65450.0,0,0
2022-10-25,P003,S06,163,57050.0,0,0
2022-10-25,P004,S01,12,102000.0,0,0
2022-10-25,P004,S02,11,93500.0,0,0
2022-10-25,P004,S03,10,85000.0,0,0
2022-10-25,P004,S04,8,68000.0,0,0
2022-10-25,P004,S05,12,96892.67,1,0
2022-10-25,P004,S06,6,51000.0,0,0
2022-10-25,P005,S01,41,90200.0,0,0
2022-10-25,P005,S02,43,94600.0,0,0
2022-10-25,P005,S03,33,72600.0,0,0
2022-10-25,P005,S04,46,85680.59,1,0
2022-10-25,P005,S05,47,96395.05,1,0
2022-10-25,P005,S06,26,57200.0,0,0
2022-10-26,P001,S01,28,126000.0,0,0
2022-10-26,P001,S02,32,104318.7,1,0
2022-10-26,P001,S03,19,85500.0,0,0
2022-10-26,P001,S04,18,81000.0,0,0
2022-10-26,P001,S05,20,90000.0,0,0
2022-10-26,P001,S06,17,76500.0,0,0
2022-10-26,P002,S01,71,85200.0,0,0
2022-10-26,P002,S02,60,72000.0,0,0
2022-10-26,P002,S03,47,56400.0,0,0
2022-10-26,P002,S04,46,55200.0,0,0
2022-10-26,P002,S05,39,46800.0,0,0
2022-10-26,P002,S06,48,57600.0,0,0
2022-10-26,P003,S01,272,95200.0,0,0
2022-10-26,P003,S02,211,73850.0,0,0
2022-10-26,P003,S03,198,69300.0,0,0
2022-10-26,P003,S04,157,54950.0,0,0
2022-10-26,P003,S05,232,81200.0,0,0
2022-10-26,P003,S06,171,59850.0,0,0
2022-10-26,P004,S01,9,76500.0,0,0
2022-10-26,P004,S02,9,76500.0,0,0
2022-10-26,P004,S03,7,59500.0,0,0
2022-10-26,P004,S04,12,96056.29,1,0
2022-10-26,P004,S05,8,68000.0,0,0
2022-10-26,P004,S06,7,59500.0,0,0
2022-10-26,P005,S01,32,70400.0,0,0
2022-10-26,P005,S02,37,81400.0,0,0
2022-10-26,P005,S03,34,74800.0,0,0
2022-10-26,P005,S04,26,57200.0,0,0
2022-10-26,P005,S05,34,74800.0,0,0
2022-10-26,P005,S06,22,48400.0,0,0
2022-10-27,P001,S01,38,149215.7,1,0
2022-10-27,P001,S02,20,90000.0,0,0
2022-10-27,P001,S03,16,72000.0,0,0
2022-10-27,P001,S04,16,72000.0,0,0
2022-10-27,P001,S05,15,67500.0,0,0
2022-10-27,P001,S06,15,67500.0,0,0
2022-10-27,P002,S01,67,59860.37,1,0
2022-10-27,P002,S02,45,54000.0,0,0
2022-10-27,P002,S03,79,69943.19,1,0
2022-10-27,P002,S04,40,48000.0,0,0
2022-10-27,P002,S05,51,61200.0,0,0
2022-10-27,P002,S06,35,42000.0,0,0
2022-10-27,P003,S01,170,59500.0,0,0
2022-10-27,P003,S02,216,75600.0,0,0
2022-10-27,P003,S03,243,85050.0,0,0
2022-10-27,P003,S04,195,68250.0,0,0
2022-10-27,P003,S05,332,88909.25,1,0
2022-10-27,P003,S06,149,52150.0,0,0
2022-10-27,P004,S01,16,126511.12,1,0
2022-10-27,P004,S02,9,76500.0,0,0
2022-10-27,P004,S03,9,76500.0,0,0
2022-10-27,P004,S04,10,85000.0,0,0
2022-10-27,P004,S05,7,59500.0,0,0
2022-10-27,P004,S06,5,42500.0,0,0
2022-10-27,P005,S01,42,92400.0,0,0
2022-10-27,P005,S02,37,81400.0,0,0
2022-10-27,P005,S03,46,94466.06,1,0
2022-10-27,P005,S04,29,63800.0,0,0
2022-10-27,P005,S05,26,57200.0,0,0
2022-10-27,P005,S06,27,59400.0,0,0
2022-10-28,P001,S01,22,99000.0,0,0
2022-10-28,P001,S02,21,94500.0,0,0
2022-10-28,P001,S03,20,90000.0,0,0
2022-10-28,P001,S04,32,105942.03,1,0
2022-10-28,P001,S05,17,76500.0,0,0
2022-10-28,P001,S06,28,97092.63,1,0
2022-10-28,P002,S01,84,89394.06,1,0
2022-10-28,P002,S02,49,58800.0,0,0
2022-10-28,P002,S03,48,57600.0,0,0
2022-10-28,P002,S04,45,54000.0,0,0
2022-10-28,P002,S05,74,80866.7,1,0
2022-10-28,P002,S06,41,49200.0,0,0
2022-10-28,P003,S01,255,89250.0,0,0
2022-10-28,P003,S02,169,59150.0,0,0
2022-10-28,P003,S03,219,76650.0,0,0
2022-10-28,P003,S04,227,62450.34,1,0
2022-10-28,P003,S05,202,70700.0,0,0
2022-10-28,P003,S06,224,70242.38,1,0
2022-10-28,P004,S01,10,85000.0,0,0
2022-10-28,P004,S02,7,59500.0,0,0
2022-10-28,P004,S03,9,76500.0,0,0
2022-10-28,P004,S04,10,85000.0,0,0
2022-10-28,P004,S05,14,98694.14,1,0
2022-10-28,P004,S06,8,68000.0,0,0
2022-10-28,P005,S01,33,72600.0,0,0
2022-10-28,P005,S02,37,81400.0,0,0
2022-10-28,P005,S03,28,61600.0,0,0
2022-10-28,P005,S04,33,72600.0,0,0
2022-10-28,P005,S05,33,72600.0,0,0
2022-10-28,P005,S06,35,77000.0,0,0
2022-10-29,P001,S01,27,121500.0,0,0
2022-10-29,P001,S02,27,121500.0,0,0
2022-10-29,P001,S03,39,145045.17,1,0
2022-10-29,P001,S04,18,81000.0,0,0
2022-10-29,P001,S05,32,126087.72,1,0
2022-10-29,P001,S06,27,94258.17,1,0
2022-10-29,P002,S01,100,106798.66,1,0
2022-10-29,P002,S02,54,64800.0,0,0
2022-10-29,P002,S03,98,100147.85,1,0
2022-10-29,P002,S04,76,76565.15,1,0
2022-10-29,P002,S05,50,60000.0,0,0
2022-10-29,P002,S06,38,45600.0,0,0
2022-10-29,P003,S01,292,102200.0,0,0
2022-10-29,P003,S02,405,112222.59,1,0
2022-10-29,P003,S03,390,122616.02,1,0
2022-10-29,P003,S04,186,65100.0,0,0
2022-10-29,P003,S05,238,83300.0,0,0
2022-10-29,P003,S06,161,56350.0,0,0
2022-10-29,P004,S01,14,88239.93,1,0
2022-10-29,P004,S02,13,110500.0,0,0
2022-10-29,P004,S03,13,110500.0,0,0
2022-10-29,P004,S04,8,68000.0,0,0
2022-10-29,P004,S05,9,76500.0,0,0
2022-10-29,P004,S06,9,76500.0,0,0
2022-10-29,P005,S01,50,110000.0,0,0
2022-10-29,P005,S02,38,83600.0,0,0
2022-10-29,P005,S03,46,101200.0,0,0
2022-10-29,P005,S04,30,66000.0,0,0
2022-10-29,P005,S05,33,72600.0,0,0
2022-10-29,P005,S06,42,76869.74,1,0
2022-10-30,P001,S01,25,112500.0,0,0
2022-10-30,P001,S02,46,189779.44,1,0
2022-10-30,P001,S03,21,67770.75,1,0
2022-10-30,P001,S04,23,103500.0,0,0
2022-10-30,P001,S05,22,99000.0,0,0
2022-10-30,P001,S06,28,101975.1,1,0
2022-10-30,P002,S01,71,85200.0,0,0
2022-10-30,P002,S02,57,68400.0,0,0
2022-10-30,P002,S03,78,68810.29,1,0
2022-10-30,P002,S04,50,60000.0,0,0
2022-10-30,P002,S05,44,52800.0,0,0
2022-10-30,P002,S06,76,68552.35,1,0
2022-10-30,P003,S01,377,92561.59,1,0
2022-10-30,P003,S02,443,113942.48,1,0
2022-10-30,P003,S03,287,100450.0,0,0
2022-10-30,P003,S04,378,102824.02,1,0
2022-10-30,P003,S05,227,64644.26,1,0
2022-10-30,P003,S06,311,94928.02,1,0
2022-10-30,P004,S01,20,152019.82,1,0
2022-10-30,P004,S02,11,93500.0,0,0
2022-10-30,P004,S03,10,85000.0,0,0
2022-10-30,P004,S04,12,90972.7,1,0
2022-10-30,P004,S05,9,76500.0,0,0
2022-10-30,P004,S06,8,68000.0,0,0
2022-10-30,P005,S01,41,90200.0,0,0
2022-10-30,P005,S02,41,90200.0,0,0
2022-10-30,P005,S03,43,94600.0,0,0
2022-10-30,P005,S04,43,94600.0,0,0
2022-10-30,P005,S05,33,72600.0,0,0
2022-10-30,P005,S06,31,68200.0,0,0
2022-10-31,P001,S01,25,112500.0,0,0
2022-10-31,P001,S02,19,85500.0,0,0
2022-10-31,P001,S03,19,85500.0,0,0
2022-10-31,P001,S04,21,94500.0,0,0
2022-10-31,P001,S05,14,63000.0,0,0
2022-10-31,P001,S06,18,74410.67,1,0
2022-10-31,P002,S01,50,60000.0,0,0
2022-10-31,P002,S02,78,77983.67,1,0
2022-10-31,P002,S03,101,114139.04,1,0
2022-10-31,P002,S04,93,93794.78,1,0
2022-10-31,P002,S05,62,62444.79,1,0
2022-10-31,P002,S06,41,49200.0,0,0
2022-10-31,P003,S01,341,109370.05,1,0
2022-10-31,P003,S02,271,94850.0,0,0
2022-10-31,P003,S03,289,72603.58,1,0
2022-10-31,P003,S04,198,69300.0,0,0
2022-10-31,P003,S05,211,73850.0,0,0
2022-10-31,P003,S06,193,67550.0,0,0
2022-10-31,P004,S01,12,102000.0,0,0
2022-10-31,P004,S02,10,85000.0,0,0
2022-10-31,P004,S03,9,76500.0,0,0
2022-10-31,P004,S04,13,79775.89,1,0
2022-10-31,P004,S05,9,76500.0,0,0
2022-10-31,P004,S06,10,72298.77,1,0
2022-10-31,P005,S01,37,81400.0,0,0
2022-10-31,P005,S02,32,70400.0,0,0
2022-10-31,P005,S03,32,70400.0,0,0
2022-10-31,P005,S04,35,77000.0,0,0
2022-10-31,P005,S05,27,59400.0,0,0
2022-10-31,P005,S06,46,79958.19,1,0
2022-11-01,P001,S01,20,90000.0,0,0
2022-11-01,P001,S02,29,97146.06,1,0
2022-11-01,P001,S03,16,72000.0,0,0
2022-11-01,P001,S04,13,58500.0,0,0
2022-11-01,P001,S05,15,67500.0,0,0
2022-11-01,P001,S06,12,54000.0,0,0
2022-11-01,P002,S01,56,67200.0,0,0
2022-11-01,P002,S02,52,62400.0,0,0
2022-11-01,P002,S03,46,55200.0,0,0
2022-11-01,P002,S04,36,43200.0,0,0
2022-11-01,P002,S05,35,42000.0,0,0
2022-11-01,P002,S06,37,44400.0,0,0
2022-11-01,P003,S01,186,65100.0,0,0
2022-11-01,P003,S02,147,51450.0,0,0
2022-11-01,P003,S03,184,64400.0,0,0
2022-11-01,P003,S04,232,57105.46,1,0
2022-11-01,P003,S05,268,78330.57,1,0
2022-11-01,P003,S06,127,44450.0,0,0
2022-11-01,P004,S01,8,68000.0,0,0
2022-11-01,P004,S02,8,68000.0,0,0
2022-11-01,P004,S03,7,59500.0,0,0
2022-11-01,P004,S04,7,59500.0,0,0
2022-11-01,P004,S05,6,51000.0,0,0
2022-11-01,P004,S06,6,51000.0,0,0
2022-11-01,P005,S01,31,68200.0,0,0
2022-11-01,P005,S02,54,88319.89,1,0
2022-11-01,P005,S03,30,66000.0,0,0
2022-11-01,P005,S04,22,48400.0,0,0
2022-11-01,P005,S05,23,50600.0,0,0
2022-11-01,P005,S06,24,52800.0,0,0
2022-11-02,P001,S01,16,72000.0,0,0
2022-11-02,P001,S02,14,63000.0,0,0
2022-11-02,P001,S03,19,85500.0,0,0
2022-11-02,P001,S04,26,95585.67,1,0
2022-11-02,P001,S05,17,76500.0,0,0
2022-11-02,P001,S06,12,54000.0,0,0
2022-11-02,P002,S01,49,58800.0,0,0
2022-11-02,P002,S02,46,55200.0,0,0
2022-11-02,P002,S03,46,55200.0,0,0
2022-11-02,P002,S04,40,48000.0,0,0
2022-11-02,P002,S05,46,55200.0,0,0
2022-11-02,P002,S06,37,44400.0,0,0
2022-11-02,P003,S01,184,64400.0,0,0
2022-11-02,P003,S02,219,76650.0,0,0
2022-11-02,P003,S03,207,72450.0,0,0
2022-11-02,P003,S04,150,52500.0,0,0
2022-11-02,P003,S05,167,58450.0,0,0
2022-11-02,P003,S06,214,70716.44,1,0
2022-11-02,P004,S01,9,76500.0,0,0
2022-11-02,P004,S02,6,51000.0,0,0
2022-11-02,P004,S03,8,68000.0,0,0
2022-11-02,P004,S04,7,59500.0,0,0
2022-11-02,P004,S05,7,59500.0,0,0
2022-11-02,P004,S06,7,59500.0,0,0
2022-11-02,P005,S01,26,57200.0,0,0
2022-11-02,P005,S02,29,63800.0,0,0
2022-11-02,P005,S03,35,77000.0,0,0
2022-11-02,P005,S04,27,59400.0,0,0
2022-11-02,P005,S05,26,57200.0,0,0
2022-11-02,P005,S06,16,35200.0,0,0
2022-11-03,P001,S01,29,104252.56,1,0
2022-11-03,P001,S02,22,99000.0,0,0
2022-11-03,P001,S03,14,63000.0,0,0
2022-11-03,P001,S04,14,63000.0,0,0
2022-11-03,P001,S05,13,58500.0,0,0
2022-11-03,P001,S06,14,63000.0,0,0
2022-11-03,P002,S01,46,55200.0,0,0
2022-11-03,P002,S02,65,78000.0,0,0
2022-11-03,P002,S03,47,56400.0,0,0
2022-11-03,P002,S04,32,38400.0,0,0
2022-11-03,P002,S05,36,43200.0,0,0
2022-11-03,P002,S06,56,51915.55,1,0
2022-11-03,P003,S01,160,56000.0,0,0
2022-11-03,P003,S02,198,69300.0,0,0
2022-11-03,P003,S03,199,69650.0,0,0
2022-11-03,P003,S04,110,38500.0,0,0
2022-11-03,P003,S05,241,75866.62,1,0
2022-11-03,P003,S06,208,64933.47,1,0
2022-11-03,P004,S01,9,76500.0,0,0
2022-11-03,P004,S02,15,113759.5,1,0
2022-11-03,P004,S03,13,84496.13,1,0
2022-11-03,P004,S04,6,51000.0,0,0
2022-11-03,P004,S05,11,79422.9,1,0
2022-11-03,P004,S06,6,51000.0,0,0
2022-11-03,P005,S01,32,70400.0,0,0
2022-11-03,P005,S02,33,72600.0,0,0
2022-11-03,P005,S03,28,61600.0,0,0
2022-11-03,P005,S04,28,61600.0,0,0
2022-11-03,P005,S05,28,61600.0,0,0
2022-11-03,P005,S06,21,46200.0,0,0
2022-11-04,P001,S01,14,63000.0,0,0
2022-11-04,P001,S02,18,81000.0,0,0
2022-11-04,P001,S03,23,88238.14,1,0
2022-11-04,P001,S04,11,49500.0,0,0
2022-11-04,P001,S05,17,76500.0,0,0
2022-11-04,P001,S06,15,67500.0,0,0
2022-11-04,P002,S01,40,48000.0,0,0
2022-11-04,P002,S02,49,58800.0,0,0
2022-11-04,P002,S03,76,64786.28,1,0
2022-11-04,P002,S04,34,40800.0,0,0
2022-11-04,P002,S05,45,54000.0,0,0
2022-11-04,P002,S06,32,38400.0,0,0
2022-11-04,P003,S01,146,51100.0,0,0
2022-11-04,P003,S02,165,57750.0,0,0
2022-11-04,P003,S03,164,57400.0,0,0
2022-11-04,P003,S04,238,75382.06,1,0
2022-11-04,P003,S05,141,49350.0,0,0
2022-11-04,P003,S06,132,46200.0,0,0
2022-11-04,P004,S01,8,68000.0,0,0
2022-11-04,P004,S02,12,81577.09,1,0
2022-11-04,P004,S03,8,68000.0,0,0
2022-11-04,P004,S04,6,51000.0,0,0
2022-11-04,P004,S05,6,51000.0,0,0
2022-11-04,P004,S06,8,61959.29,1,0
2022-11-04,P005,S01,37,81400.0,0,0
2022-11-04,P005,S02,43,80499.53,1,0
2022-11-04,P005,S03,31,68200.0,0,0
2022-11-04,P005,S04,26,57200.0,0,0
2022-11-04,P005,S05,27,59400.0,0,0
2022-11-04,P005,S06,25,55000.0,0,0
2022-11-05,P001,S01,24,108000.0,0,0
2022-11-05,P001,S02,20,90000.0,0,0
2022-11-05,P001,S03,32,121673.9,1,0
2022-11-05,P001,S04,17,76500.0,0,0
2022-11-05,P001,S05,17,76500.0,0,0
2022-11-05,P001,S06,17,76500.0,0,0
2022-11-05,P002,S01,55,66000.0,0,0
2022-11-05,P002,S02,52,62400.0,0,0
2022-11-05,P002,S03,73,75069.2,1,0
2022-11-05,P002,S04,38,45600.0,0,0
2022-11-05,P002,S05,74,67600.4,1,0
2022-11-05,P002,S06,47,47497.6,1,0
2022-11-05,P003,S01,236,82600.0,0,0
2022-11-05,P003,S02,302,94272.44,1,0
2022-11-05,P003,S03,155,54250.0,0,0
2022-11-05,P003,S04,171,59850.0,0,0
2022-11-05,P003,S05,193,67550.0,0,0
2022-11-05,P003,S06,125,43750.0,0,0
2022-11-05,P004,S01,17,128668.35,1,0
2022-11-05,P004,S02,8,68000.0,0,0
2022-11-05,P004,S03,16,126956.6,1,0
2022-11-05,P004,S04,11,80769.74,1,0
2022-11-05,P004,S05,14,93785.78,1,0
2022-11-05,P004,S06,12,78908.32,1,0
2022-11-05,P005,S01,36,79200.0,0,0
2022-11-05,P005,S02,38,83600.0,0,0
2022-11-05,P005,S03,27,59400.0,0,0
2022-11-05,P005,S04,31,68200.0,0,0
2022-11-05,P005,S05,29,63800.0,0,0
2022-11-05,P005,S06,29,63800.0,0,0
2022-11-06,P001,S01,20,90000.0,0,0
2022-11-06,P001,S02,33,131659.05,1,0
2022-11-06,P001,S03,21,94500.0,0,0
2022-11-06,P001,S04,16,72000.0,0,0
2022-11-06,P001,S05,17,76500.0,0,0
2022-11-06,P001,S06,22,78733.84,1,0
2022-11-06,P002,S01,102,87843.18,1,0
2022-11-06,P002,S02,51,61200.0,0,0
2022-11-06,P002,S03,49,58800.0,0,0
2022-11-06,P002,S04,57,62503.43,1,0
2022-11-06,P002,S05,50,60000.0,0,0
2022-11-06,P002,S06,36,43200.0,0,0
2022-11-06,P003,S01,333,93880.79,1,0
2022-11-06,P003,S02,271,86398.68,1,0
2022-11-06,P003,S03,342,86915.35,1,0
2022-11-06,P003,S04,266,68179.03,1,0
2022-11-06,P003,S05,187,65450.0,0,0
2022-11-06,P003,S06,154,53900.0,0,0
2022-11-06,P004,S01,9,76500.0,0,0
2022-11-06,P004,S02,16,105714.16,1,0
2022-11-06,P004,S03,13,98919.16,1,0
2022-11-06,P004,S04,8,68000.0,0,0
2022-11-06,P004,S05,8,68000.0,0,0
2022-11-06,P004,S06,8,68000.0,0,0
2022-11-06,P005,S01,32,70400.0,0,0
2022-11-06,P005,S02,30,66000.0,0,0
2022-11-06,P005,S03,50,89915.36,1,0
2022-11-06,P005,S04,24,52800.0,0,0
2022-11-06,P005,S05,29,63800.0,0,0
2022-11-06,P005,S06,29,63800.0,0,0
2022-11-07,P001,S01,23,103500.0,0,0
2022-11-07,P001,S02,19,85500.0,0,0
2022-11-07,P001,S03,16,72000.0,0,0
2022-11-07,P001,S04,14,63000.0,0,0
2022-11-07,P001,S05,15,67500.0,0,0
2022-11-07,P001,S06,14,63000.0,0,0
2022-11-07,P002,S01,86,93145.16,1,0
2022-11-07,P002,S02,51,61200.0,0,0
2022-11-07,P002,S03,41,49200.0,0,0
2022-11-07,P002,S04,60,58727.07,1,0
2022-11-07,P002,S05,60,67214.58,1,0
2022-11-07,P002,S06,36,43200.0,0,0
2022-11-07,P003,S01,267,93450.0,0,0
2022-11-07,P003,S02,298,77777.98,1,0
2022-11-07,P003,S03,175,61250.0,0,0
2022-11-07,P003,S04,150,52500.0,0,0
2022-11-07,P003,S05,141,49350.0,0,0
2022-11-07,P003,S06,132,46200.0,0,0
2022-11-07,P004,S01,8,68000.0,0,0
2022-11-07,P004,S02,7,59500.0,0,0
2022-11-07,P004,S03,7,59500.0,0,0
2022-11-07,P004,S04,6,51000.0,0,0
2022-11-07,P004,S05,6,51000.0,0,0
2022-11-07,P004,S06,6,51000.0,0,0
2022-11-07,P005,S01,34,74800.0,0,0
2022-11-07,P005,S02,43,82134.8,1,0
2022-11-07,P005,S03,35,77000.0,0,0
2022-11-07,P005,S04,27,59400.0,0,0
2022-11-07,P005,S05,51,95886.85,1,0
2022-11-07,P005,S06,23,50600.0,0,0
2022-11-08,P001,S01,47,164572.62,1,1
2022-11-08,P001,S02,44,145221.86,1,1
2022-11-08,P001,S03,36,142251.68,1,1
2022-11-08,P001,S04,23,103500.0,0,1
2022-11-08,P001,S05,34,115066.83,1,1
2022-11-08,P001,S06,20,90000.0,0,1
2022-11-08,P002,S01,115,100778.37,1,1
2022-11-08,P002,S02,90,75797.45,1,1
2022-11-08,P002,S03,69,82800.0,0,1
2022-11-08,P002,S04,51,61200.0,0,1
2022-11-08,P002,S05,63,75600.0,0,1
2022-11-08,P002,S06,52,62400.0,0,1
2022-11-08,P003,S01,387,114265.02,1,1
2022-11-08,P003,S02,270,94500.0,0,1
2022-11-08,P003,S03,241,84350.0,0,1
2022-11-08,P003,S04,232,81200.0,0,1
2022-11-08,P003,S05,232,81200.0,0,1
2022-11-08,P003,S06,177,61950.0,0,1
2022-11-08,P004,S01,22,152548.98,1,1
2022-11-08,P004,S02,17,107188.83,1,1
2022-11-08,P004,S03,14,90064.95,1,1
2022-11-08,P004,S04,9,76500.0,0,1
2022-11-08,P004,S05,15,112620.08,1,1
2022-11-08,P004,S06,8,68000.0,0,1
2022-11-08,P005,S01,72,114630.35,1,1
2022-11-08,P005,S02,65,106720.9,1,1
2022-11-08,P005,S03,61,94756.73,1,1
2022-11-08,P005,S04,35,77000.0,0,1
2022-11-08,P005,S05,54,107243.01,1,1
2022-11-08,P005,S06,53,89003.31,1,1
2022-11-09,P001,S01,21,94500.0,0,0
2022-11-09,P001,S02,18,81000.0,0,0
2022-11-09,P001,S03,19,85500.0,0,0
2022-11-09,P001,S04,16,72000.0,0,0
2022-11-09,P001,S05,18,81000.0,0,0
2022-11-09,P001,S06,9,40500.0,0,0
2022-11-09,P002,S01,81,85036.91,1,0
2022-11-09,P002,S02,43,51600.0,0,0
2022-11-09,P002,S03,44,52800.0,0,0
2022-11-09,P002,S04,31,37200.0,0,0
2022-11-09,P002,S05,34,40800.0,0,0
2022-11-09,P002,S06,38,45600.0,0,0
2022-11-09,P003,S01,324,97830.66,1,0
2022-11-09,P003,S02,186,65100.0,0,0
2022-11-09,P003,S03,179,62650.0,0,0
2022-11-09,P003,S04,144,50400.0,0,0
2022-11-09,P003,S05,166,58100.0,0,0
2022-11-09,P003,S06,124,43400.0,0,0
2022-11-09,P004,S01,8,68000.0,0,0
2022-11-09,P004,S02,13,83726.23,1,0
2022-11-09,P004,S03,8,68000.0,0,0
2022-11-09,P004,S04,7,59500.0,0,0
2022-11-09,P004,S05,11,66653.26,1,0
2022-11-09,P004,S06,6,51000.0,0,0
2022-11-09,P005,S01,30,66000.0,0,0
2022-11-09,P005,S02,32,70400.0,0,0
2022-11-09,P005,S03,34,74800.0,0,0
2022-11-09,P005,S04,36,68511.21,1,0
2022-11-09,P005,S05,25,55000.0,0,0
2022-11-09,P005,S06,22,48400.0,0,0
2022-11-10,P001,S01,20,90000.0,0,0
2022-11-10,P001,S02,17,76500.0,0,0
2022-11-10,P001,S03,18,81000.0,0,0
2022-11-10,P001,S04,17,76500.0,0,0
2022-11-10,P001,S05,16,72000.0,0,0
2022-11-10,P001,S06,14,63000.0,0,0
2022-11-10,P002,S01,41,49200.0,0,0
2022-11-10,P002,S02,34,40800.0,0,0
2022-11-10,P002,S03,51,61200.0,0,0
2022-11-10,P002,S04,36,43200.0,0,0
2022-11-10,P002,S05,34,40800.0,0,0
2022-11-10,P002,S06,35,42000.0,0,0
2022-11-10,P003,S01,235,82250.0,0,0
2022-11-10,P003,S02,151,52850.0,0,0
2022-11-10,P003,S03,155,54250.0,0,0
2022-11-10,P003,S04,154,53900.0,0,0
2022-11-10,P003,S05,149,52150.0,0,0
2022-11-10,P003,S06,103,36050.0,0,0
2022-11-10,P004,S01,8,68000.0,0,0
2022-11-10,P004,S02,13,89509.04,1,0
2022-11-10,P004,S03,13,85896.45,1,0
2022-11-10,P004,S04,7,59500.0,0,0
2022-11-10,P004,S05,7,59500.0,0,0
2022-11-10,P004,S06,8,68000.0,0,0
2022-11-10,P005,S01,37,81400.0,0,0
2022-11-10,P005,S02,27,59400.0,0,0
2022-11-10,P005,S03,27,59400.0,0,0
2022-11-10,P005,S04,20,44000.0,0,0
2022-11-10,P005,S05,28,61600.0,0,0
2022-11-10,P005,S06,21,46200.0,0,0
2022-11-11,P001,S01,20,90000.0,0,0
2022-11-11,P001,S02,16,72000.0,0,0
2022-11-11,P001,S03,14,63000.0,0,0
2022-11-11,P001,S04,19,75642.58,1,0
2022-11-11,P001,S05,13,58500.0,0,0
2022-11-11,P001,S06,14,63000.0,0,0
2022-11-11,P002,S01,44,52800.0,0,0
2022-11-11,P002,S02,46,55200.0,0,0
2022-11-11,P002,S03,72,76058.92,1,0
2022-11-11,P002,S04,30,36000.0,0,0
2022-11-11,P002,S05,52,62400.0,0,0
2022-11-11,P002,S06,36,43200.0,0,0
2022-11-11,P003,S01,176,61600.0,0,0
2022-11-11,P003,S02,196,68600.0,0,0
2022-11-11,P003,S03,204,71400.0,0,0
2022-11-11,P003,S04,158,55300.0,0,0
2022-11-11,P003,S05,140,49000.0,0,0
2022-11-11,P003,S06,114,39900.0,0,0
2022-11-11,P004,S01,9,76500.0,0,0
2022-11-11,P004,S02,7,59500.0,0,0
2022-11-11,P004,S03,9,76500.0,0,0
2022-11-11,P004,S04,8,68000.0,0,0
2022-11-11,P004,S05,11,76902.56,1,0
2022-11-11,P004,S06,5,42500.0,0,0
2022-11-11,P005,S01,36,79200.0,0,0
2022-11-11,P005,S02,32,70400.0,0,0
2022-11-11,P005,S03,29,63800.0,0,0
2022-11-11,P005,S04,42,75121.13,1,0
2022-11-11,P005,S05,26,57200.0,0,0
2022-11-11,P005,S06,24,52800.0,0,0
2022-11-12,P001,S01,25,112500.0,0,0
2022-11-12,P001,S02,27,121500.0,0,0
2022-11-12,P001,S03,29,93208.23,1,0
2022-11-12,P001,S04,15,67500.0,0,0
2022-11-12,P001,S05,14,63000.0,0,0
2022-11-12,P001,S06,25,102971.71,1,0
2022-11-12,P002,S01,58,69600.0,0,0
2022-11-12,P002,S02,54,64800.0,0,0
2022-11-12,P002,S03,46,55200.0,0,0
2022-11-12,P002,S04,46,55200.0,0,0
2022-11-12,P002,S05,44,52800.0,0,0
2022-11-12,P002,S06,52,46095.36,1,0
2022-11-12,P003,S01,346,103490.48,1,0
2022-11-12,P003,S02,222,77700.0,0,0
2022-11-12,P003,S03,163,57050.0,0,0
2022-11-12,P003,S04,204,71400.0,0,0
2022-11-12,P003,S05,155,54250.0,0,0
2022-11-12,P003,S06,170,59500.0,0,0
2022-11-12,P004,S01,10,85000.0,0,0
2022-11-12,P004,S02,9,76500.0,0,0
2022-11-12,P004,S03,9,76500.0,0,0
2022-11-12,P004,S04,7,59500.0,0,0
2022-11-12,P004,S05,8,68000.0,0,0
2022-11-12,P004,S06,11,74542.07,1,0
2022-11-12,P005,S01,41,90200.0,0,0
2022-11-12,P005,S02,65,113928.52,1,0
2022-11-12,P005,S03,62,97401.81,1,0
2022-11-12,P005,S04,34,69985.93,1,0
2022-11-12,P005,S05,50,78973.12,1,0
2022-11-12,P005,S06,24,52800.0,0,0
2022-11-13,P001,S01,32,121281.26,1,0
2022-11-13,P001,S02,29,103260.77,1,0
2022-11-13,P001,S03,23,103500.0,0,0
2022-11-13,P001,S04,16,72000.0,0,0
2022-11-13,P001,S05,32,132156.22,1,0
2022-11-13,P001,S06,17,76500.0,0,0
2022-11-13,P002,S01,52,62400.0,0,0
2022-11-13,P002,S02,48,57600.0,0,0
2022-11-13,P002,S03,71,61999.72,1,0
2022-11-13,P002,S04,70,79706.78,1,0
2022-11-13,P002,S05,69,60435.38,1,0
2022-11-13,P002,S06,40,48000.0,0,0
2022-11-13,P003,S01,205,71750.0,0,0
2022-11-13,P003,S02,178,62300.0,0,0
2022-11-13,P003,S03,180,63000.0,0,0
2022-11-13,P003,S04,236,70008.26,1,0
2022-11-13,P003,S05,173,60550.0,0,0
2022-11-13,P003,S06,131,45850.0,0,0
2022-11-13,P004,S01,20,125318.66,1,0
2022-11-13,P004,S02,14,106653.55,1,0
2022-11-13,P004,S03,13,94502.96,1,0
2022-11-13,P004,S04,7,59500.0,0,0
2022-11-13,P004,S05,9,70716.46,1,0
2022-11-13,P004,S06,6,51000.0,0,0
2022-11-13,P005,S01,54,109090.24,1,0
2022-11-13,P005,S02,36,79200.0,0,0
2022-11-13,P005,S03,48,79799.33,1,0
2022-11-13,P005,S04,28,61600.0,0,0
2022-11-13,P005,S05,59,118497.89,1,0
2022-11-13,P005,S06,27,59400.0,0,0
2022-11-14,P001,S01,14,63000.0,0,0
2022-11-14,P001,S02,14,63000.0,0,0
2022-11-14,P001,S03,15,67500.0,0,0
2022-11-14,P001,S04,13,58500.0,0,0
2022-11-14,P001,S05,15,67500.0,0,0
2022-11-14,P001,S06,15,67500.0,0,0
2022-11-14,P002,S01,51,61200.0,0,0
2022-11-14,P002,S02,38,45600.0,0,0
2022-11-14,P002,S03,37,44400.0,0,0
2022-11-14,P002,S04,36,43200.0,0,0
2022-11-14,P002,S05,37,44400.0,0,0
2022-11-14,P002,S06,41,49200.0,0,0
2022-11-14,P003,S01,172,60200.0,0,0
2022-11-14,P003,S02,164,57400.0,0,0
2022-11-14,P003,S03,136,47600.0,0,0
2022-11-14,P003,S04,133,46550.0,0,0
2022-11-14,P003,S05,151,52850.0,0,0
2022-11-14,P003,S06,203,55846.14,1,0
2022-11-14,P004,S01,9,76500.0,0,0
2022-11-14,P004,S02,8,68000.0,0,0
2022-11-14,P004,S03,8,68000.0,0,0
2022-11-14,P004,S04,8,68000.0,0,0
2022-11-14,P004,S05,7,59500.0,0,0
2022-11-14,P004,S06,6,51000.0,0,0
2022-11-14,P005,S01,31,68200.0,0,0
2022-11-14,P005,S02,33,72600.0,0,0
2022-11-14,P005,S03,29,63800.0,0,0
2022-11-14,P005,S04,21,46200.0,0,0
2022-11-14,P005,S05,26,57200.0,0,0
2022-11-14,P005,S06,22,48400.0,0,0
2022-11-15,P001,S01,28,95991.23,1,0
2022-11-15,P001,S02,18,81000.0,0,0
2022-11-15,P001,S03,25,102514.37,1,0
2022-11-15,P001,S04,14,63000.0,0,0
2022-11-15,P001,S05,14,63000.0,0,0
2022-11-15,P001,S06,14,63000.0,0,0
2022-11-15,P002,S01,60,72000.0,0,0
2022-11-15,P002,S02,50,60000.0,0,0
2022-11-15,P002,S03,45,54000.0,0,0
2022-11-15,P002,S04,66,57774.07,1,0
2022-11-15,P002,S05,40,48000.0,0,0
2022-11-15,P002,S06,34,40800.0,0,0
2022-11-15,P003,S01,247,77063.32,1,0
2022-11-15,P003,S02,158,55300.0,0,0
2022-11-15,P003,S03,175,61250.0,0,0
2022-11-15,P003,S04,164,57400.0,0,0
2022-11-15,P003,S05,166,58100.0,0,0
2022-11-15,P003,S06,117,40950.0,0,0
2022-11-15,P004,S01,9,76500.0,0,0
2022-11-15,P004,S02,10,85000.0,0,0
2022-11-15,P004,S03,7,59500.0,0,0
2022-11-15,P004,S04,11,69343.22,1,0
2022-11-15,P004,S05,7,59500.0,0,0
2022-11-15,P004,S06,5,42500.0,0,0
2022-11-15,P005,S01,25,55000.0,0,0
2022-11-15,P005,S02,26,57200.0,0,0
2022-11-15,P005,S03,31,68200.0,0,0
2022-11-15,P005,S04,40,69746.5,1,0
2022-11-15,P005,S05,27,59400.0,0,0
2022-11-15,P005,S06,24,52800.0,0,0
2022-11-16,P001,S01,18,81000.0,0,0
2022-11-16,P001,S02,16,72000.0,0,0
2022-11-16,P001,S03,18,81000.0,0,0
2022-11-16,P001,S04,14,63000.0,0,0
2022-11-16,P001,S05,16,72000.0,0,0
2022-11-16,P001,S06,21,83155.9,1,0
2022-11-16,P002,S01,72,78892.12,1,0
2022-11-16,P002,S02,44,52800.0,0,0
2022-11-16,P002,S03,75,77064.23,1,0
2022-11-16,P002,S04,65,66826.27,1,0
2022-11-16,P002,S05,44,52800.0,0,0
2022-11-16,P002,S06,54,60665.29,1,0
2022-11-16,P003,S01,205,71750.0,0,0
2022-11-16,P003,S02,166,58100.0,0,0
2022-11-16,P003,S03,286,78423.48,1,0
2022-11-16,P003,S04,243,79616.8,1,0
2022-11-16,P003,S05,132,46200.0,0,0
2022-11-16,P003,S06,142,49700.0,0,0
2022-11-16,P004,S01,8,68000.0,0,0
2022-11-16,P004,S02,8,68000.0,0,0
2022-11-16,P004,S03,8,68000.0,0,0
2022-11-16,P004,S04,7,59500.0,0,0
2022-11-16,P004,S05,6,51000.0,0,0
2022-11-16,P004,S06,6,51000.0,0,0
2022-11-16,P005,S01,28,61600.0,0,0
2022-11-16,P005,S02,32,70400.0,0,0
2022-11-16,P005,S03,21,46200.0,0,0
2022-11-16,P005,S04,35,66868.12,1,0
2022-11-16,P005,S05,26,57200.0,0,0
2022-11-16,P005,S06,23,50600.0,0,0
2022-11-17,P001,S01,20,90000.0,0,0
2022-11-17,P001,S02,19,85500.0,0,0
2022-11-17,P001,S03,19,85500.0,0,0
2022-11-17,P001,S04,17,76500.0,0,0
2022-11-17,P001,S05,12,54000.0,0,0
2022-11-17,P001,S06,22,71982.78,1,0
2022-11-17,P002,S01,46,55200.0,0,0
2022-11-17,P002,S02,35,42000.0,0,0
2022-11-17,P002,S03,38,45600.0,0,0
2022-11-17,P002,S04,35,42000.0,0,0
2022-11-17,P002,S05,70,73266.84,1,0
2022-11-17,P002,S06,45,54000.0,0,0
2022-11-17,P003,S01,310,91310.44,1,0
2022-11-17,P003,S02,217,75950.0,0,0
2022-11-17,P003,S03,177,61950.0,0,0
2022-11-17,P003,S04,131,45850.0,0,0
2022-11-17,P003,S05,134,46900.0,0,0
2022-11-17,P003,S06,141,49350.0,0,0
2022-11-17,P004,S01,9,76500.0,0,0
2022-11-17,P004,S02,9,76500.0,0,0
2022-11-17,P004,S03,6,51000.0,0,0
2022-11-17,P004,S04,7,59500.0,0,0
2022-11-17,P004,S05,7,59500.0,0,0
2022-11-17,P004,S06,9,71871.03,1,0
2022-11-17,P005,S01,36,79200.0,0,0
2022-11-17,P005,S02,65,121011.51,1,0
2022-11-17,P005,S03,25,55000.0,0,0
2022-11-17,P005,S04,22,48400.0,0,0
2022-11-17,P005,S05,23,50600.0,0,0
2022-11-17,P005,S06,22,48400.0,0,0
2022-11-18,P001,S01,19,85500.0,0,0
2022-11-18,P001,S02,18,81000.0,0,0
2022-11-18,P001,S03,32,106930.99,1,0
2022-11-18,P001,S04,27,98955.22,1,0
2022-11-18,P001,S05,16,72000.0,0,0
2022-11-18,P001,S06,24,82183.29,1,0
2022-11-18,P002,S01,84,85923.63,1,0
2022-11-18,P002,S02,45,54000.0,0,0
2022-11-18,P002,S03,40,48000.0,0,0
2022-11-18,P002,S04,39,46800.0,0,0
2022-11-18,P002,S05,71,75806.77,1,0
2022-11-18,P002,S06,35,42000.0,0,0
2022-11-18,P003,S01,199,69650.0,0,0
2022-11-18,P003,S02,298,76242.88,1,0
2022-11-18,P003,S03,167,58450.0,0,0
2022-11-18,P003,S04,121,42350.0,0,0
2022-11-18,P003,S05,117,40950.0,0,0
2022-11-18,P003,S06,220,62540.69,1,0
2022-11-18,P004,S01,8,68000.0,0,0
2022-11-18,P004,S02,8,68000.0,0,0
2022-11-18,P004,S03,9,76500.0,0,0
2022-11-18,P004,S04,6,51000.0,0,0
2022-11-18,P004,S05,7,59500.0,0,0
2022-11-18,P004,S06,10,72961.27,1,0
2022-11-18,P005,S01,38,83600.0,0,0
2022-11-18,P005,S02,32,70400.0,0,0
2022-11-18,P005,S03,43,67754.88,1,0
2022-11-18,P005,S04,22,48400.0,0,0
2022-11-18,P005,S05,30,66000.0,0,0
2022-11-18,P005,S06,37,72481.96,1,0
2022-11-19,P001,S01,20,90000.0,0,0
2022-11-19,P001,S02,28,104650.46,1,0
2022-11-19,P001,S03,17,76500.0,0,0
2022-11-19,P001,S04,17,76500.0,0,0
2022-11-19,P001,S05,26,89418.55,1,0
2022-11-19,P001,S06,18,81000.0,0,0
2022-11-19,P002,S01,52,62400.0,0,0
2022-11-19,P002,S02,48,57600.0,0,0
2022-11-19,P002,S03,56,67200.0,0,0
2022-11-19,P002,S04,46,55200.0,0,0
2022-11-19,P002,S05,37,44400.0,0,0
2022-11-19,P002,S06,37,44400.0,0,0
2022-11-19,P003,S01,237,82950.0,0,0
2022-11-19,P003,S02,333,90761.92,1,0
2022-11-19,P003,S03,338,91043.1,1,0
2022-11-19,P003,S04,194,67900.0,0,0
2022-11-19,P003,S05,194,67900.0,0,0
2022-11-19,P003,S06,123,43050.0,0,0
2022-11-19,P004,S01,14,87988.43,1,0
2022-11-19,P004,S02,12,102000.0,0,0
2022-11-19,P004,S03,8,68000.0,0,0
2022-11-19,P004,S04,8,68000.0,0,0
2022-11-19,P004,S05,14,107657.61,1,0
2022-11-19,P004,S06,8,68000.0,0,0
2022-11-19,P005,S01,58,93448.08,1,0
2022-11-19,P005,S02,56,92027.03,1,0
2022-11-19,P005,S03,33,72600.0,0,0
2022-11-19,P005,S04,40,76092.24,1,0
2022-11-19,P005,S05,49,84652.96,1,0
2022-11-19,P005,S06,24,52800.0,0,0
2022-11-20,P001,S01,35,118615.58,1,0
2022-11-20,P001,S02,20,90000.0,0,0
2022-11-20,P001,S03,26,82141.19,1,0
2022-11-20,P001,S04,16,72000.0,0,0
2022-11-20,P001,S05,32,104089.4,1,0
2022-11-20,P001,S06,17,76500.0,0,0
2022-11-20,P002,S01,57,68400.0,0,0
2022-11-20,P002,S02,57,68400.0,0,0
2022-11-20,P002,S03,45,54000.0,0,0
2022-11-20,P002,S04,43,51600.0,0,0
2022-11-20,P002,S05,44,52800.0,0,0
2022-11-20,P002,S06,66,55906.44,1,0
2022-11-20,P003,S01,236,82600.0,0,0
2022-11-20,P003,S02,204,71400.0,0,0
2022-11-20,P003,S03,190,66500.0,0,0
2022-11-20,P003,S04,174,60900.0,0,0
2022-11-20,P003,S05,169,59150.0,0,0
2022-11-20,P003,S06,279,83712.51,1,0
2022-11-20,P004,S01,10,85000.0,0,0
2022-11-20,P004,S02,13,81347.47,1,0
2022-11-20,P004,S03,13,98269.17,1,0
2022-11-20,P004,S04,7,59500.0,0,0
2022-11-20,P004,S05,14,107731.14,1,0
2022-11-20,P004,S06,6,51000.0,0,0
2022-11-20,P005,S01,42,92400.0,0,0
2022-11-20,P005,S02,45,99000.0,0,0
2022-11-20,P005,S03,52,82896.73,1,0
2022-11-20,P005,S04,42,72284.78,1,0
2022-11-20,P005,S05,27,59400.0,0,0
2022-11-20,P005,S06,39,73732.46,1,0
2022-11-21,P001,S01,19,85500.0,0,0
2022-11-21,P001,S02,21,94500.0,0,0
2022-11-21,P001,S03,16,72000.0,0,0
2022-11-21,P001,S04,13,58500.0,0,0
2022-11-21,P001,S05,17,76500.0,0,0
2022-11-21,P001,S06,25,92190.4,1,0
2022-11-21,P002,S01,43,51600.0,0,0
2022-11-21,P002,S02,47,56400.0,0,0
2022-11-21,P002,S03,47,56400.0,0,0
2022-11-21,P002,S04,35,42000.0,0,0
2022-11-21,P002,S05,35,42000.0,0,0
2022-11-21,P002,S06,33,39600.0,0,0
2022-11-21,P003,S01,226,79100.0,0,0
2022-11-21,P003,S02,132,46200.0,0,0
2022-11-21,P003,S03,157,54950.0,0,0
2022-11-21,P003,S04,129,45150.0,0,0
2022-11-21,P003,S05,254,83477.73,1,0
2022-11-21,P003,S06,122,42700.0,0,0
2022-11-21,P004,S01,7,59500.0,0,0
2022-11-21,P004,S02,9,76500.0,0,0
2022-11-21,P004,S03,7,59500.0,0,0
2022-11-21,P004,S04,7,59500.0,0,0
2022-11-21,P004,S05,6,51000.0,0,0
2022-11-21,P004,S06,7,59500.0,0,0
2022-11-21,P005,S01,29,63800.0,0,0
2022-11-21,P005,S02,30,66000.0,0,0
2022-11-21,P005,S03,43,78069.95,1,0
2022-11-21,P005,S04,29,63800.0,0,0
2022-11-21,P005,S05,21,46200.0,0,0
2022-11-21,P005,S06,23,50600.0,0,0
2022-11-22,P001,S01,20,90000.0,0,0
2022-11-22,P001,S02,16,72000.0,0,0
2022-11-22,P001,S03,18,81000.0,0,0
2022-11-22,P001,S04,15,67500.0,0,0
2022-11-22,P001,S05,16,72000.0,0,0
2022-11-22,P001,S06,13,58500.0,0,0
2022-11-22,P002,S01,52,62400.0,0,0
2022-11-22,P002,S02,67,65311.03,1,0
2022-11-22,P002,S03,45,54000.0,0,0
2022-11-22,P002,S04,33,39600.0,0,0
2022-11-22,P002,S05,74,65959.06,1,0
2022-11-22,P002,S06,37,44400.0,0,0
2022-11-22,P003,S01,355,94379.23,1,0
2022-11-22,P003,S02,191,66850.0,0,0
2022-11-22,P003,S03,165,57750.0,0,0
2022-11-22,P003,S04,115,40250.0,0,0
2022-11-22,P003,S05,167,58450.0,0,0
2022-11-22,P003,S06,159,55650.0,0,0
2022-11-22,P004,S01,14,102447.51,1,0
2022-11-22,P004,S02,8,68000.0,0,0
2022-11-22,P004,S03,8,68000.0,0,0
2022-11-22,P004,S04,6,51000.0,0,0
2022-11-22,P004,S05,7,59500.0,0,0
2022-11-22,P004,S06,7,59500.0,0,0
2022-11-22,P005,S01,57,92393.34,1,0
2022-11-22,P005,S02,44,88732.63,1,0
2022-11-22,P005,S03,28,61600.0,0,0
2022-11-22,P005,S04,24,52800.0,0,0
2022-11-22,P005,S05,28,61600.0,0,0
2022-11-22,P005,S06,25,55000.0,0,0
2022-11-23,P001,S01,21,94500.0,0,0
2022-11-23,P001,S02,15,67500.0,0,0
2022-11-23,P001,S03,16,72000.0,0,0
2022-11-23,P001,S04,16,72000.0,0,0
2022-11-23,P001,S05,16,72000.0,0,0
2022-11-23,P001,S06,14,63000.0,0,0
2022-11-23,P002,S01,48,57600.0,0,0
2022-11-23,P002,S02,48,57600.0,0,0
2022-11-23,P002,S03,41,49200.0,0,0
2022-11-23,P002,S04,42,50400.0,0,0
2022-11-23,P002,S05,33,39600.0,0,0
2022-11-23,P002,S06,31,37200.0,0,0
2022-11-23,P003,S01,213,74550.0,0,0
2022-11-23,P003,S02,148,51800.0,0,0
2022-11-23,P003,S03,147,51450.0,0,0
2022-11-23,P003,S04,151,52850.0,0,0
2022-11-23,P003,S05,143,50050.0,0,0
2022-11-23,P003,S06,152,53200.0,0,0
2022-11-23,P004,S01,7,59500.0,0,0
2022-11-23,P004,S02,6,51000.0,0,0
2022-11-23,P004,S03,8,68000.0,0,0
2022-11-23,P004,S04,5,42500.0,0,0
2022-11-23,P004,S05,10,66269.82,1,0
2022-11-23,P004,S06,6,51000.0,0,0
2022-11-23,P005,S01,30,66000.0,0,0
2022-11-23,P005,S02,52,86737.29,1,0
2022-11-23,P005,S03,32,70400.0,0,0
2022-11-23,P005,S04,26,57200.0,0,0
2022-11-23,P005,S05,36,71603.21,1,0
2022-11-23,P005,S06,23,50600.0,0,0
2022-11-24,P001,S01,17,76500.0,0,0
2022-11-24,P001,S02,33,111910.52,1,0
2022-11-24,P001,S03,20,90000.0,0,0
2022-11-24,P001,S04,16,72000.0,0,0
2022-11-24,P001,S05,14,63000.0,0,0
2022-11-24,P001,S06,14,63000.0,0,0
2022-11-24,P002,S01,48,57600.0,0,0
2022-11-24,P002,S02,39,46800.0,0,0
2022-11-24,P002,S03,50,60000.0,0,0
2022-11-24,P002,S04,44,52800.0,0,0
2022-11-24,P002,S05,37,44400.0,0,0
2022-11-24,P002,S06,30,36000.0,0,0
2022-11-24,P003,S01,197,68950.0,0,0
2022-11-24,P003,S02,182,63700.0,0,0
2022-11-24,P003,S03,177,61950.0,0,0
2022-11-24,P003,S04,135,47250.0,0,0
2022-11-24,P003,S05,122,42700.0,0,0
2022-11-24,P003,S06,132,46200.0,0,0
2022-11-24,P004,S01,7,59500.0,0,0
2022-11-24,P004,S02,7,59500.0,0,0
2022-11-24,P004,S03,7,59500.0,0,0
2022-11-24,P004,S04,12,93171.07,1,0
2022-11-24,P004,S05,7,59500.0,0,0
2022-11-24,P004,S06,6,51000.0,0,0
2022-11-24,P005,S01,40,72126.47,1,0
2022-11-24,P005,S02,22,48400.0,0,0
2022-11-24,P005,S03,25,55000.0,0,0
2022-11-24,P005,S04,22,48400.0,0,0
2022-11-24,P005,S05,27,59400.0,0,0
2022-11-24,P005,S06,24,52800.0,0,0
2022-11-25,P001,S01,19,85500.0,0,0
2022-11-25,P001,S02,19,85500.0,0,0
2022-11-25,P001,S03,16,72000.0,0,0
2022-11-25,P001,S04,14,63000.0,0,0
2022-11-25,P001,S05,18,81000.0,0,0
2022-11-25,P001,S06,11,49500.0,0,0
2022-11-25,P002,S01,39,46800.0,0,0
2022-11-25,P002,S02,44,52800.0,0,0
2022-11-25,P002,S03,43,51600.0,0,0
2022-11-25,P002,S04,42,50400.0,0,0
2022-11-25,P002,S05,38,45600.0,0,0
2022-11-25,P002,S06,34,40800.0,0,0
2022-11-25,P003,S01,172,60200.0,0,0
2022-11-25,P003,S02,332,93611.7,1,0
2022-11-25,P003,S03,169,59150.0,0,0
2022-11-25,P003,S04,287,74025.21,1,0
2022-11-25,P003,S05,275,88518.22,1,0
2022-11-25,P003,S06,254,70427.35,1,0
2022-11-25,P004,S01,10,85000.0,0,0
2022-11-25,P004,S02,8,68000.0,0,0
2022-11-25,P004,S03,9,76500.0,0,0
2022-11-25,P004,S04,7,59500.0,0,0
2022-11-25,P004,S05,6,51000.0,0,0
2022-11-25,P004,S06,6,51000.0,0,0
2022-11-25,P005,S01,31,68200.0,0,0
2022-11-25,P005,S02,29,63800.0,0,0
2022-11-25,P005,S03,32,70400.0,0,0
2022-11-25,P005,S04,20,44000.0,0,0
2022-11-25,P005,S05,27,59400.0,0,0
2022-11-25,P005,S06,18,39600.0,0,0
2022-11-26,P001,S01,24,108000.0,0,0
2022-11-26,P001,S02,38,153156.47,1,0
2022-11-26,P001,S03,32,109328.45,1,0
2022-11-26,P001,S04,28,88457.31,1,0
2022-11-26,P001,S05,29,96917.87,1,0
2022-11-26,P001,S06,16,72000.0,0,0
2022-11-26,P002,S01,99,100444.35,1,0
2022-11-26,P002,S02,53,63600.0,0,0
2022-11-26,P002,S03,92,81331.74,1,0
2022-11-26,P002,S04,41,49200.0,0,0
2022-11-26,P002,S05,76,79063.72,1,0
2022-11-26,P002,S06,40,48000.0,0,0
2022-11-26,P003,S01,213,74550.0,0,0
2022-11-26,P003,S02,186,65100.0,0,0
2022-11-26,P003,S03,202,70700.0,0,0
2022-11-26,P003,S04,274,90524.51,1,0
2022-11-26,P003,S05,266,82193.04,1,0
2022-11-26,P003,S06,171,59850.0,0,0
2022-11-26,P004,S01,8,68000.0,0,0
2022-11-26,P004,S02,12,96446.84,1,0
2022-11-26,P004,S03,8,68000.0,0,0
2022-11-26,P004,S04,7,59500.0,0,0
2022-11-26,P004,S05,8,68000.0,0,0
2022-11-26,P004,S06,7,59500.0,0,0
2022-11-26,P005,S01,35,77000.0,0,0
2022-11-26,P005,S02,42,92400.0,0,0
2022-11-26,P005,S03,38,83600.0,0,0
2022-11-26,P005,S04,48,91340.77,1,0
2022-11-26,P005,S05,47,88991.05,1,0
2022-11-26,P005,S06,29,63800.0,0,0
2022-11-27,P001,S01,22,99000.0,0,0
2022-11-27,P001,S02,22,99000.0,0,0
2022-11-27,P001,S03,17,76500.0,0,0
2022-11-27,P001,S04,31,121237.41,1,0
2022-11-27,P001,S05,20,64973.31,1,0
2022-11-27,P001,S06,27,95248.4,1,0
2022-11-27,P002,S01,53,63600.0,0,0
2022-11-27,P002,S02,46,55200.0,0,0
2022-11-27,P002,S03,83,80864.88,1,0
2022-11-27,P002,S04,73,67305.45,1,0
2022-11-27,P002,S05,39,46800.0,0,0
2022-11-27,P002,S06,61,55779.89,1,0
2022-11-27,P003,S01,220,77000.0,0,0
2022-11-27,P003,S02,242,84700.0,0,0
2022-11-27,P003,S03,233,81550.0,0,0
2022-11-27,P003,S04,168,58800.0,0,0
2022-11-27,P003,S05,331,83553.16,1,0
2022-11-27,P003,S06,170,59500.0,0,0
2022-11-27,P004,S01,12,96660.24,1,0
2022-11-27,P004,S02,8,68000.0,0,0
2022-11-27,P004,S03,9,76500.0,0,0
2022-11-27,P004,S04,7,59500.0,0,0
2022-11-27,P004,S05,9,76500.0,0,0
2022-11-27,P004,S06,11,87335.37,1,0
2022-11-27,P005,S01,34,74800.0,0,0
2022-11-27,P005,S02,58,108527.29,1,0
2022-11-27,P005,S03,29,63800.0,0,0
2022-11-27,P005,S04,43,87545.51,1,0
2022-11-27,P005,S05,38,69551.41,1,0
2022-11-27,P005,S06,42,72628.16,1,0
2022-11-28,P001,S01,34,136560.1,1,0
2022-11-28,P001,S02,21,94500.0,0,0
2022-11-28,P001,S03,17,76500.0,0,0
2022-11-28,P001,S04,13,58500.0,0,0
2022-11-28,P001,S05,15,67500.0,0,0
2022-11-28,P001,S06,12,54000.0,0,0
2022-11-28,P002,S01,72,79668.34,1,0
2022-11-28,P002,S02,66,61680.36,1,0
2022-11-28,P002,S03,49,58800.0,0,0
2022-11-28,P002,S04,46,55200.0,0,0
2022-11-28,P002,S05,40,48000.0,0,0
2022-11-28,P002,S06,36,43200.0,0,0
2022-11-28,P003,S01,157,54950.0,0,0
2022-11-28,P003,S02,338,82827.49,1,0
2022-11-28,P003,S03,115,40250.0,0,0
2022-11-28,P003,S04,125,43750.0,0,0
2022-11-28,P003,S05,112,39200.0,0,0
2022-11-28,P003,S06,169,48866.81,1,0
2022-11-28,P004,S01,8,68000.0,0,0
2022-11-28,P004,S02,15,113575.42,1,0
2022-11-28,P004,S03,6,51000.0,0,0
2022-11-28,P004,S04,11,68670.37,1,0
2022-11-28,P004,S05,7,59500.0,0,0
2022-11-28,P004,S06,6,51000.0,0,0
2022-11-28,P005,S01,34,74800.0,0,0
2022-11-28,P005,S02,32,70400.0,0,0
2022-11-28,P005,S03,28,61600.0,0,0
2022-11-28,P005,S04,24,52800.0,0,0
2022-11-28,P005,S05,27,59400.0,0,0
2022-11-28,P005,S06,23,46781.43,1,0
2022-11-29,P001,S01,15,67500.0,0,0
2022-11-29,P001,S02,19,85500.0,0,0
2022-11-29,P001,S03,24,81288.94,1,0
2022-11-29,P001,S04,15,67500.0,0,0
2022-11-29,P001,S05,14,63000.0,0,0
2022-11-29,P001,S06,14,63000.0,0,0
2022-11-29,P002,S01,45,54000.0,0,0
2022-11-29,P002,S02,52,62400.0,0,0
2022-11-29,P002,S03,39,46800.0,0,0
2022-11-29,P002,S04,38,45600.0,0,0
2022-11-29,P002,S05,35,42000.0,0,0
2022-11-29,P002,S06,40,48000.0,0,0
2022-11-29,P003,S01,211,73850.0,0,0
2022-11-29,P003,S02,156,54600.0,0,0
2022-11-29,P003,S03,305,99789.65,1,0
2022-11-29,P003,S04,122,42700.0,0,0
2022-11-29,P003,S05,163,57050.0,0,0
2022-11-29,P003,S06,114,39900.0,0,0
2022-11-29,P004,S01,10,85000.0,0,0
2022-11-29,P004,S02,7,59500.0,0,0
2022-11-29,P004,S03,8,68000.0,0,0
2022-11-29,P004,S04,6,51000.0,0,0
2022-11-29,P004,S05,8,68000.0,0,0
2022-11-29,P004,S06,6,51000.0,0,0
2022-11-29,P005,S01,30,66000.0,0,0
2022-11-29,P005,S02,32,70400.0,0,0
2022-11-29,P005,S03,27,59400.0,0,0
2022-11-29,P005,S04,41,84189.37,1,0
2022-11-29,P005,S05,23,50600.0,0,0
2022-11-29,P005,S06,35,64184.52,1,0
2022-11-30,P001,S01,20,90000.0,0,0
2022-11-30,P001,S02,15,67500.0,0,0
2022-11-30,P001,S03,13,58500.0,0,0
2022-11-30,P001,S04,17,76500.0,0,0
2022-11-30,P001,S05,18,81000.0,0,0
2022-11-30,P001,S06,16,72000.0,0,0
2022-11-30,P002,S01,55,66000.0,0,0
2022-11-30,P002,S02,78,80202.28,1,0
2022-11-30,P002,S03,52,62400.0,0,0
2022-11-30,P002,S04,34,40800.0,0,0
2022-11-30,P002,S05,38,45600.0,0,0
2022-11-30,P002,S06,36,43200.0,0,0
2022-11-30,P003,S01,189,66150.0,0,0
2022-11-30,P003,S02,196,68600.0,0,0
2022-11-30,P003,S03,142,49700.0,0,0
2022-11-30,P003,S04,172,60200.0,0,0
2022-11-30,P003,S05,164,57400.0,0,0
2022-11-30,P003,S06,141,49350.0,0,0
2022-11-30,P004,S01,8,68000.0,0,0
2022-11-30,P004,S02,8,68000.0,0,0
2022-11-30,P004,S03,6,51000.0,0,0
2022-11-30,P004,S04,7,59500.0,0,0
2022-11-30,P004,S05,7,59500.0,0,0
2022-11-30,P004,S06,5,42500.0,0,0
2022-11-30,P005,S01,26,57200.0,0,0
2022-11-30,P005,S02,48,99910.67,1,0
2022-11-30,P005,S03,29,63800.0,0,0
2022-11-30,P005,S04,25,55000.0,0,0
2022-11-30,P005,S05,23,50600.0,0,0
2022-11-30,P005,S06,33,56892.09,1,0
2022-12-01,P001,S01,12,54000.0,0,0
2022-12-01,P001,S02,15,67500.0,0,0
2022-12-01,P001,S03,18,81000.0,0,0
2022-12-01,P001,S04,15,67500.0,0,0
2022-12-01,P001,S05,18,81000.0,0,0
2022-12-01,P001,S06,22,72995.21,1,0
2022-12-01,P002,S01,43,51600.0,0,0
2022-12-01,P002,S02,42,50400.0,0,0
2022-12-01,P002,S03,41,49200.0,0,0
2022-12-01,P002,S04,36,43200.0,0,0
2022-12-01,P002,S05,63,69578.9,1,0
2022-12-01,P002,S06,30,36000.0,0,0
2022-12-01,P003,S01,165,57750.0,0,0
2022-12-01,P003,S02,173,60550.0,0,0
2022-12-01,P003,S03,142,49700.0,0,0
2022-12-01,P003,S04,130,45500.0,0,0
2022-12-01,P003,S05,138,48300.0,0,0
2022-12-01,P003,S06,127,44450.0,0,0
2022-12-01,P004,S01,12,89043.43,1,0
2022-12-01,P004,S02,8,68000.0,0,0
2022-12-01,P004,S03,6,51000.0,0,0
2022-12-01,P004,S04,6,51000.0,0,0
2022-12-01,P004,S05,7,59500.0,0,0
2022-12-01,P004,S06,8,60102.29,1,0
2022-12-01,P005,S01,31,68200.0,0,0
2022-12-01,P005,S02,28,61600.0,0,0
2022-12-01,P005,S03,34,74800.0,0,0
2022-12-01,P005,S04,22,48400.0,0,0
2022-12-01,P005,S05,21,46200.0,0,0
2022-12-01,P005,S06,22,48400.0,0,0
2022-12-02,P001,S01,20,90000.0,0,0
2022-12-02,P001,S02,19,85500.0,0,0
2022-12-02,P001,S03,17,76500.0,0,0
2022-12-02,P001,S04,13,58500.0,0,0
2022-12-02,P001,S05,22,88713.31,1,0
2022-12-02,P001,S06,14,63000.0,0,0
2022-12-02,P002,S01,43,51600.0,0,0
2022-12-02,P002,S02,43,51600.0,0,0
2022-12-02,P002,S03,31,37200.0,0,0
2022-12-02,P002,S04,36,43200.0,0,0
2022-12-02,P002,S05,36,43200.0,0,0
2022-12-02,P002,S06,57,50094.59,1,0
2022-12-02,P003,S01,188,65800.0,0,0
2022-12-02,P003,S02,160,56000.0,0,0
2022-12-02,P003,S03,136,47600.0,0,0
2022-12-02,P003,S04,139,48650.0,0,0
2022-12-02,P003,S05,153,53550.0,0,0
2022-12-02,P003,S06,118,41300.0,0,0
2022-12-02,P004,S01,9,76500.0,0,0
2022-12-02,P004,S02,9,76500.0,0,0
2022-12-02,P004,S03,13,103411.94,1,0
2022-12-02,P004,S04,7,59500.0,0,0
2022-12-02,P004,S05,6,51000.0,0,0
2022-12-02,P004,S06,6,51000.0,0,0
2022-12-02,P005,S01,36,73405.32,1,0
2022-12-02,P005,S02,28,61600.0,0,0
2022-12-02,P005,S03,38,77926.24,1,0
2022-12-02,P005,S04,25,55000.0,0,0
2022-12-02,P005,S05,27,59400.0,0,0
2022-12-02,P005,S06,23,50600.0,0,0
2022-12-03,P001,S01,21,94500.0,0,0
2022-12-03,P001,S02,18,81000.0,0,0
2022-12-03,P001,S03,18,81000.0,0,0
2022-12-03,P001,S04,18,81000.0,0,0
2022-12-03,P001,S05,12,54000.0,0,0
2022-12-03,P001,S06,20,79911.23,1,0
2022-12-03,P002,S01,51,61200.0,0,0
2022-12-03,P002,S02,50,60000.0,0,0
2022-12-03,P002,S03,81,73976.5,1,0
2022-12-03,P002,S04,49,49832.56,1,0
2022-12-03,P002,S05,47,56400.0,0,0
2022-12-03,P002,S06,48,53108.23,1,0
2022-12-03,P003,S01,218,76300.0,0,0
2022-12-03,P003,S02,210,73500.0,0,0
2022-12-03,P003,S03,311,82105.92,1,0
2022-12-03,P003,S04,251,77623.82,1,0
2022-12-03,P003,S05,157,54950.0,0,0
2022-12-03,P003,S06,161,56350.0,0,0
2022-12-03,P004,S01,11,93500.0,0,0
2022-12-03,P004,S02,10,85000.0,0,0
2022-12-03,P004,S03,8,68000.0,0,0
2022-12-03,P004,S04,7,59500.0,0,0
2022-12-03,P004,S05,12,79203.16,1,0
2022-12-03,P004,S06,13,103093.22,1,0
2022-12-03,P005,S01,51,85964.65,1,0
2022-12-03,P005,S02,32,70400.0,0,0
2022-12-03,P005,S03,31,68200.0,0,0
2022-12-03,P005,S04,29,63800.0,0,0
2022-12-03,P005,S05,26,57200.0,0,0
2022-12-03,P005,S06,24,52800.0,0,0
2022-12-04,P001,S01,18,81000.0,0,0
2022-12-04,P001,S02,16,72000.0,0,0
2022-12-04,P001,S03,16,72000.0,0,0
2022-12-04,P001,S04,16,72000.0,0,0
2022-12-04,P001,S05,30,111187.33,1,0
2022-12-04,P001,S06,15,67500.0,0,0
2022-12-04,P002,S01,52,62400.0,0,0
2022-12-04,P002,S02,53,63600.0,0,0
2022-12-04,P002,S03,50,60000.0,0,0
2022-12-04,P002,S04,29,34800.0,0,0
2022-12-04,P002,S05,50,60000.0,0,0
2022-12-04,P002,S06,41,44890.49,1,0
2022-12-04,P003,S01,217,75950.0,0,0
2022-12-04,P003,S02,200,70000.0,0,0
2022-12-04,P003,S03,193,67550.0,0,0
2022-12-04,P003,S04,145,50750.0,0,0
2022-12-04,P003,S05,163,57050.0,0,0
2022-12-04,P003,S06,216,63173.15,1,0
2022-12-04,P004,S01,7,59500.0,0,0
2022-12-04,P004,S02,8,68000.0,0,0
2022-12-04,P004,S03,8,68000.0,0,0
2022-12-04,P004,S04,6,51000.0,0,0
2022-12-04,P004,S05,11,74385.02,1,0
2022-12-04,P004,S06,6,51000.0,0,0
2022-12-04,P005,S01,36,79200.0,0,0
2022-12-04,P005,S02,37,81400.0,0,0
2022-12-04,P005,S03,33,72600.0,0,0
2022-12-04,P005,S04,45,93421.08,1,0
2022-12-04,P005,S05,29,63800.0,0,0
2022-12-04,P005,S06,42,84747.07,1,0
2022-12-05,P001,S01,20,90000.0,0,0
2022-12-05,P001,S02,22,88500.55,1,0
2022-12-05,P001,S03,17,76500.0,0,0
2022-12-05,P001,S04,22,78573.03,1,0
2022-12-05,P001,S05,11,49500.0,0,0
2022-12-05,P001,S06,14,63000.0,0,0
2022-12-05,P002,S01,46,55200.0,0,0
2022-12-05,P002,S02,45,54000.0,0,0
2022-12-05,P002,S03,72,60921.05,1,0
2022-12-05,P002,S04,64,55421.5,1,0
2022-12-05,P002,S05,45,54000.0,0,0
2022-12-05,P002,S06,35,42000.0,0,0
2022-12-05,P003,S01,218,76300.0,0,0
2022-12-05,P003,S02,200,70000.0,0,0
2022-12-05,P003,S03,328,90899.6,1,0
2022-12-05,P003,S04,146,51100.0,0,0
2022-12-05,P003,S05,169,59150.0,0,0
2022-12-05,P003,S06,206,57989.94,1,0
2022-12-05,P004,S01,8,68000.0,0,0
2022-12-05,P004,S02,7,59500.0,0,0
2022-12-05,P004,S03,6,51000.0,0,0
2022-12-05,P004,S04,9,67403.24,1,0
2022-12-05,P004,S05,5,42500.0,0,0
2022-12-05,P004,S06,8,51822.72,1,0
2022-12-05,P005,S01,33,72600.0,0,0
2022-12-05,P005,S02,44,88308.04,1,0
2022-12-05,P005,S03,47,72981.26,1,0
2022-12-05,P005,S04,24,52800.0,0,0
2022-12-05,P005,S05,30,66000.0,0,0
2022-12-05,P005,S06,32,50704.45,1,0
2022-12-06,P001,S01,19,85500.0,0,0
2022-12-06,P001,S02,30,116902.7,1,0
2022-12-06,P001,S03,12,54000.0,0,0
2022-12-06,P001,S04,15,67500.0,0,0
2022-12-06,P001,S05,16,72000.0,0,0
2022-12-06,P001,S06,13,58500.0,0,0
2022-12-06,P002,S01,50,60000.0,0,0
2022-12-06,P002,S02,50,60000.0,0,0
2022-12-06,P002,S03,38,45600.0,0,0
2022-12-06,P002,S04,61,58521.64,1,0
2022-12-06,P002,S05,27,32400.0,0,0
2022-12-06,P002,S06,53,58955.81,1,0
2022-12-06,P003,S01,331,104991.53,1,0
2022-12-06,P003,S02,204,71400.0,0,0
2022-12-06,P003,S03,184,64400.0,0,0
2022-12-06,P003,S04,226,72606.35,1,0
2022-12-06,P003,S05,147,51450.0,0,0
2022-12-06,P003,S06,147,51450.0,0,0
2022-12-06,P004,S01,16,107104.82,1,0
2022-12-06,P004,S02,6,51000.0,0,0
2022-12-06,P004,S03,12,91534.45,1,0
2022-12-06,P004,S04,10,64787.68,1,0
2022-12-06,P004,S05,7,59500.0,0,0
2022-12-06,P004,S06,4,34000.0,0,0
2022-12-06,P005,S01,33,72600.0,0,0
2022-12-06,P005,S02,24,52800.0,0,0
2022-12-06,P005,S03,27,59400.0,0,0
2022-12-06,P005,S04,21,46200.0,0,0
2022-12-06,P005,S05,37,71740.25,1,0
2022-12-06,P005,S06,19,41800.0,0,0
2022-12-07,P001,S01,19,85500.0,0,0
2022-12-07,P001,S02,23,85940.22,1,0
2022-12-07,P001,S03,14,63000.0,0,0
2022-12-07,P001,S04,13,58500.0,0,0
2022-12-07,P001,S05,19,85500.0,0,0
2022-12-07,P001,S06,13,58500.0,0,0
2022-12-07,P002,S01,49,58800.0,0,0
2022-12-07,P002,S02,51,61200.0,0,0
2022-12-07,P002,S03,40,48000.0,0,0
2022-12-07,P002,S04,36,43200.0,0,0
2022-12-07,P002,S05,37,44400.0,0,0
2022-12-07,P002,S06,30,36000.0,0,0
2022-12-07,P003,S01,198,69300.0,0,0
2022-12-07,P003,S02,164,57400.0,0,0
2022-12-07,P003,S03,264,70323.38,1,0
2022-12-07,P003,S04,114,39900.0,0,0
2022-12-07,P003,S05,247,65849.87,1,0
2022-12-07,P003,S06,127,44450.0,0,0
2022-12-07,P004,S01,8,68000.0,0,0
2022-12-07,P004,S02,7,59500.0,0,0
2022-12-07,P004,S03,6,51000.0,0,0
2022-12-07,P004,S04,6,51000.0,0,0
2022-12-07,P004,S05,5,42500.0,0,0
2022-12-07,P004,S06,7,59500.0,0,0
2022-12-07,P005,S01,30,66000.0,0,0
2022-12-07,P005,S02,29,63800.0,0,0
2022-12-07,P005,S03,30,66000.0,0,0
2022-12-07,P005,S04,20,44000.0,0,0
2022-12-07,P005,S05,22,48400.0,0,0
2022-12-07,P005,S06,21,46200.0,0,0
2022-12-08,P001,S01,18,81000.0,0,0
2022-12-08,P001,S02,17,76500.0,0,0
2022-12-08,P001,S03,24,96494.51,1,0
2022-12-08,P001,S04,15,67500.0,0,0
2022-12-08,P001,S05,13,58500.0,0,0
2022-12-08,P001,S06,13,58500.0,0,0
2022-12-08,P002,S01,55,66000.0,0,0
2022-12-08,P002,S02,47,56400.0,0,0
2022-12-08,P002,S03,79,66484.94,1,0
2022-12-08,P002,S04,27,32400.0,0,0
2022-12-08,P002,S05,31,37200.0,0,0
2022-12-08,P002,S06,35,42000.0,0,0
2022-12-08,P003,S01,193,67550.0,0,0
2022-12-08,P003,S02,224,78400.0,0,0
2022-12-08,P003,S03,161,56350.0,0,0
2022-12-08,P003,S04,164,57400.0,0,0
2022-12-08,P003,S05,132,46200.0,0,0
2022-12-08,P003,S06,146,51100.0,0,0
2022-12-08,P004,S01,12,84266.96,1,0
2022-12-08,P004,S02,8,68000.0,0,0
2022-12-08,P004,S03,8,68000.0,0,0
2022-12-08,P004,S04,5,42500.0,0,0
2022-12-08,P004,S05,6,51000.0,0,0
2022-12-08,P004,S06,7,59500.0,0,0
2022-12-08,P005,S01,48,83481.12,1,0
2022-12-08,P005,S02,27,59400.0,0,0
2022-12-08,P005,S03,49,91871.88,1,0
2022-12-08,P005,S04,27,59400.0,0,0
2022-12-08,P005,S05,24,52800.0,0,0
2022-12-08,P005,S06,24,52800.0,0,0
2022-12-09,P001,S01,30,103907.01,1,0
2022-12-09,P001,S02,24,83429.36,1,0
2022-12-09,P001,S03,18,81000.0,0,0
2022-12-09,P001,S04,17,76500.0,0,0
2022-12-09,P001,S05,14,63000.0,0,0
2022-12-09,P001,S06,10,45000.0,0,0
2022-12-09,P002,S01,37,44400.0,0,0
2022-12-09,P002,S02,39,46800.0,0,0
2022-12-09,P002,S03,36,43200.0,0,0
2022-12-09,P002,S04,37,44400.0,0,0
2022-12-09,P002,S05,32,38400.0,0,0
2022-12-09,P002,S06,49,47653.49,1,0
2022-12-09,P003,S01,243,72843.68,1,0
2022-12-09,P003,S02,261,73654.04,1,0
2022-12-09,P003,S03,160,56000.0,0,0
2022-12-09,P003,S04,192,67200.0,0,0
2022-12-09,P003,S05,156,54600.0,0,0
2022-12-09,P003,S06,102,35700.0,0,0
2022-12-09,P004,S01,12,95971.46,1,0
2022-12-09,P004,S02,6,51000.0,0,0
2022-12-09,P004,S03,7,59500.0,0,0
2022-12-09,P004,S04,6,51000.0,0,0
2022-12-09,P004,S05,8,68000.0,0,0
2022-12-09,P004,S06,8,53154.5,1,0
2022-12-09,P005,S01,41,90200.0,0,0
2022-12-09,P005,S02,23,50600.0,0,0
2022-12-09,P005,S03,30,66000.0,0,0
2022-12-09,P005,S04,18,39600.0,0,0
2022-12-09,P005,S05,23,50600.0,0,0
2022-12-09,P005,S06,27,59400.0,0,0
2022-12-10,P001,S01,21,94500.0,0,0
2022-12-10,P001,S02,20,90000.0,0,0
2022-12-10,P001,S03,20,90000.0,0,0
2022-12-10,P001,S04,17,76500.0,0,0
2022-12-10,P001,S05,27,103130.41,1,0
2022-12-10,P001,S06,15,67500.0,0,0
2022-12-10,P002,S01,60,72000.0,0,0
2022-12-10,P002,S02,40,48000.0,0,0
2022-12-10,P002,S03,51,61200.0,0,0
2022-12-10,P002,S04,47,44189.75,1,0
2022-12-10,P002,S05,71,75184.51,1,0
2022-12-10,P002,S06,34,40800.0,0,0
2022-12-10,P003,S01,343,108632.52,1,0
2022-12-10,P003,S02,204,71400.0,0,0
2022-12-10,P003,S03,189,66150.0,0,0
2022-12-10,P003,S04,180,63000.0,0,0
2022-12-10,P003,S05,193,67550.0,0,0
2022-12-10,P003,S06,270,83456.48,1,0
2022-12-10,P004,S01,11,93500.0,0,0
2022-12-10,P004,S02,17,116743.29,1,0
2022-12-10,P004,S03,15,105574.09,1,0
2022-12-10,P004,S04,7,59500.0,0,0
2022-12-10,P004,S05,7,59500.0,0,0
2022-12-10,P004,S06,11,86552.84,1,0
2022-12-10,P005,S01,58,104288.96,1,0
2022-12-10,P005,S02,31,68200.0,0,0
2022-12-10,P005,S03,27,59400.0,0,0
2022-12-10,P005,S04,44,91504.37,1,0
2022-12-10,P005,S05,50,93649.67,1,0
2022-12-10,P005,S06,29,63800.0,0,0
2022-12-11,P001,S01,19,85500.0,0,0
2022-12-11,P001,S02,30,100422.12,1,0
2022-12-11,P001,S03,27,88862.51,1,0
2022-12-11,P001,S04,16,72000.0,0,0
2022-12-11,P001,S05,27,92312.9,1,0
2022-12-11,P001,S06,18,81000.0,0,0
2022-12-11,P002,S01,73,71046.51,1,0
2022-12-11,P002,S02,54,64800.0,0,0
2022-12-11,P002,S03,42,50400.0,0,0
2022-12-11,P002,S04,47,56400.0,0,0
2022-12-11,P002,S05,36,43200.0,0,0
2022-12-11,P002,S06,52,47042.47,1,0
2022-12-11,P003,S01,224,78400.0,0,0
2022-12-11,P003,S02,186,65100.0,0,0
2022-12-11,P003,S03,186,65100.0,0,0
2022-12-11,P003,S04,329,105235.72,1,0
2022-12-11,P003,S05,284,70570.39,1,0
2022-12-11,P003,S06,124,43400.0,0,0
2022-12-11,P004,S01,11,93500.0,0,0
2022-12-11,P004,S02,10,85000.0,0,0
2022-12-11,P004,S03,8,68000.0,0,0
2022-12-11,P004,S04,12,85379.95,1,0
2022-12-11,P004,S05,10,78507.13,1,0
2022-12-11,P004,S06,6,51000.0,0,0
2022-12-11,P005,S01,39,85800.0,0,0
2022-12-11,P005,S02,37,81400.0,0,0
2022-12-11,P005,S03,27,59400.0,0,0
2022-12-11,P005,S04,46,87256.16,1,0
2022-12-11,P005,S05,24,52800.0,0,0
2022-12-11,P005,S06,31,68200.0,0,0
2022-12-12,P001,S01,18,81000.0,0,0
2022-12-12,P001,S02,19,85500.0,0,0
2022-12-12,P001,S03,17,76500.0,0,0
2022-12-12,P001,S04,13,58500.0,0,0
2022-12-12,P001,S05,15,67500.0,0,0
2022-12-12,P001,S06,14,63000.0,0,0
2022-12-12,P002,S01,48,57600.0,0,0
2022-12-12,P002,S02,43,51600.0,0,0
2022-12-12,P002,S03,39,46800.0,0,0
2022-12-12,P002,S04,34,40800.0,0,0
2022-12-12,P002,S05,35,42000.0,0,0
2022-12-12,P002,S06,32,38400.0,0,0
2022-12-12,P003,S01,191,66850.0,0,0
2022-12-12,P003,S02,168,58800.0,0,0
2022-12-12,P003,S03,182,63700.0,0,0
2022-12-12,P003,S04,256,68803.28,1,0
2022-12-12,P003,S05,157,50979.14,1,0
2022-12-12,P003,S06,132,46200.0,0,0
2022-12-12,P004,S01,8,68000.0,0,0
2022-12-12,P004,S02,12,73983.89,1,0
2022-12-12,P004,S03,6,51000.0,0,0
2022-12-12,P004,S04,7,59500.0,0,0
2022-12-12,P004,S05,6,51000.0,0,0
2022-12-12,P004,S06,6,51000.0,0,0
2022-12-12,P005,S01,40,88000.0,0,0
2022-12-12,P005,S02,30,66000.0,0,0
2022-12-12,P005,S03,28,61600.0,0,0
2022-12-12,P005,S04,22,48400.0,0,0
2022-12-12,P005,S05,26,57200.0,0,0
2022-12-12,P005,S06,20,44000.0,0,0
2022-12-13,P001,S01,20,90000.0,0,0
2022-12-13,P001,S02,28,99908.61,1,0
2022-12-13,P001,S03,17,76500.0,0,0
2022-12-13,P001,S04,12,54000.0,0,0
2022-12-13,P001,S05,15,67500.0,0,0
2022-12-13,P001,S06,13,58500.0,0,0
2022-12-13,P002,S01,74,68291.41,1,0
2022-12-13,P002,S02,35,42000.0,0,0
2022-12-13,P002,S03,44,52800.0,0,0
2022-12-13,P002,S04,58,59620.96,1,0
2022-12-13,P002,S05,40,48000.0,0,0
2022-12-13,P002,S06,33,39600.0,0,0
2022-12-13,P003,S01,180,63000.0,0,0
2022-12-13,P003,S02,156,54600.0,0,0
2022-12-13,P003,S03,161,56350.0,0,0
2022-12-13,P003,S04,150,52500.0,0,0
2022-12-13,P003,S05,183,64050.0,0,0
2022-12-13,P003,S06,119,41650.0,0,0
2022-12-13,P004,S01,7,59500.0,0,0
2022-12-13,P004,S02,7,59500.0,0,0
2022-12-13,P004,S03,5,42500.0,0,0
2022-12-13,P004,S04,7,49307.72,1,0
2022-12-13,P004,S05,5,42500.0,0,0
2022-12-13,P004,S06,8,58622.7,1,0
2022-12-13,P005,S01,33,72600.0,0,0
2022-12-13,P005,S02,26,57200.0,0,0
2022-12-13,P005,S03,27,59400.0,0,0
2022-12-13,P005,S04,21,46200.0,0,0
2022-12-13,P005,S05,29,63800.0,0,0
2022-12-13,P005,S06,23,50600.0,0,0
2022-12-14,P001,S01,17,76500.0,0,0
2022-12-14,P001,S02,15,67500.0,0,0
2022-12-14,P001,S03,17,76500.0,0,0
2022-12-14,P001,S04,15,67500.0,0,0
2022-12-14,P001,S05,23,87055.55,1,0
2022-12-14,P001,S06,12,54000.0,0,0
2022-12-14,P002,S01,39,46800.0,0,0
2022-12-14,P002,S02,42,50400.0,0,0
2022-12-14,P002,S03,46,55200.0,0,0
2022-12-14,P002,S04,28,33600.0,0,0
2022-12-14,P002,S05,42,50400.0,0,0
2022-12-14,P002,S06,28,33600.0,0,0
2022-12-14,P003,S01,191,66850.0,0,0
2022-12-14,P003,S02,198,69300.0,0,0
2022-12-14,P003,S03,284,90392.93,1,0
2022-12-14,P003,S04,149,52150.0,0,0
2022-12-14,P003,S05,111,38850.0,0,0
2022-12-14,P003,S06,120,42000.0,0,0
2022-12-14,P004,S01,7,59500.0,0,0
2022-12-14,P004,S02,7,59500.0,0,0
2022-12-14,P004,S03,8,68000.0,0,0
2022-12-14,P004,S04,7,59500.0,0,0
2022-12-14,P004,S05,6,51000.0,0,0
2022-12-14,P004,S06,4,34000.0,0,0
2022-12-14,P005,S01,47,77338.37,1,0
2022-12-14,P005,S02,31,68200.0,0,0
2022-12-14,P005,S03,23,50600.0,0,0
2022-12-14,P005,S04,27,59400.0,0,0
2022-12-14,P005,S05,23,50600.0,0,0
2022-12-14,P005,S06,18,39600.0,0,0
2022-12-15,P001,S01,17,76500.0,0,0
2022-12-15,P001,S02,15,67500.0,0,0
2022-12-15,P001,S03,31,98707.4,1,0
2022-12-15,P001,S04,21,79820.41,1,0
2022-12-15,P001,S05,25,99523.67,1,0
2022-12-15,P001,S06,16,72000.0,0,0
2022-12-15,P002,S01,47,56400.0,0,0
2022-12-15,P002,S02,50,60000.0,0,0
2022-12-15,P002,S03,31,37200.0,0,0
2022-12-15,P002,S04,34,40800.0,0,0
2022-12-15,P002,S05,36,43200.0,0,0
2022-12-15,P002,S06,27,32400.0,0,0
2022-12-15,P003,S01,220,77000.0,0,0
2022-12-15,P003,S02,169,59150.0,0,0
2022-12-15,P003,S03,180,63000.0,0,0
2022-12-15,P003,S04,129,45150.0,0,0
2022-12-15,P003,S05,139,48650.0,0,0
2022-12-15,P003,S06,103,36050.0,0,0
2022-12-15,P004,S01,9,76500.0,0,0
2022-12-15,P004,S02,13,104967.76,1,0
2022-12-15,P004,S03,12,82361.23,1,0
2022-12-15,P004,S04,9,53830.28,1,0
2022-12-15,P004,S05,8,68000.0,0,0
2022-12-15,P004,S06,9,70233.55,1,0
2022-12-15,P005,S01,53,85761.11,1,0
2022-12-15,P005,S02,34,74800.0,0,0
2022-12-15,P005,S03,26,57200.0,0,0
2022-12-15,P005,S04,29,55009.77,1,0
2022-12-15,P005,S05,46,91031.08,1,0
2022-12-15,P005,S06,22,48400.0,0,0
2022-12-16,P001,S01,19,85500.0,0,0
2022-12-16,P001,S02,15,67500.0,0,0
2022-12-16,P001,S03,27,93667.79,1,0
2022-12-16,P001,S04,23,90958.66,1,0
2022-12-16,P001,S05,13,58500.0,0,0
2022-12-16,P001,S06,11,49500.0,0,0
2022-12-16,P002,S01,40,48000.0,0,0
2022-12-16,P002,S02,34,40800.0,0,0
2022-12-16,P002,S03,40,48000.0,0,0
2022-12-16,P002,S04,26,31200.0,0,0
2022-12-16,P002,S05,39,46800.0,0,0
2022-12-16,P002,S06,36,43200.0,0,0
2022-12-16,P003,S01,151,52850.0,0,0
2022-12-16,P003,S02,164,57400.0,0,0
2022-12-16,P003,S03,151,52850.0,0,0
2022-12-16,P003,S04,118,41300.0,0,0
2022-12-16,P003,S05,223,56971.06,1,0
2022-12-16,P003,S06,101,35350.0,0,0
2022-12-16,P004,S01,8,68000.0,0,0
2022-12-16,P004,S02,7,59500.0,0,0
2022-12-16,P004,S03,13,90339.84,1,0
2022-12-16,P004,S04,7,59500.0,0,0
2022-12-16,P004,S05,4,34000.0,0,0
2022-12-16,P004,S06,6,51000.0,0,0
2022-12-16,P005,S01,32,70400.0,0,0
2022-12-16,P005,S02,33,72600.0,0,0
2022-12-16,P005,S03,26,57200.0,0,0
2022-12-16,P005,S04,37,57991.34,1,0
2022-12-16,P005,S05,37,62368.03,1,0
2022-12-16,P005,S06,38,73827.34,1,0
2022-12-17,P001,S01,33,139559.8,1,0
2022-12-17,P001,S02,36,133186.38,1,0
2022-12-17,P001,S03,31,123969.67,1,0
2022-12-17,P001,S04,19,85500.0,0,0
2022-12-17,P001,S05,32,136763.22,1,0
2022-12-17,P001,S06,27,95069.03,1,0
2022-12-17,P002,S01,65,65940.97,1,0
2022-12-17,P002,S02,74,72603.98,1,0
2022-12-17,P002,S03,74,67060.51,1,0
2022-12-17,P002,S04,71,68319.17,1,0
2022-12-17,P002,S05,67,64302.56,1,0
2022-12-17,P002,S06,33,39600.0,0,0
2022-12-17,P003,S01,187,65450.0,0,0
2022-12-17,P003,S02,214,74900.0,0,0
2022-12-17,P003,S03,192,67200.0,0,0
2022-12-17,P003,S04,137,47950.0,0,0
2022-12-17,P003,S05,163,57050.0,0,0
2022-12-17,P003,S06,126,44100.0,0,0
2022-12-17,P004,S01,14,100522.29,1,0
2022-12-17,P004,S02,10,85000.0,0,0
2022-12-17,P004,S03,12,77773.4,1,0
2022-12-17,P004,S04,7,59500.0,0,0
2022-12-17,P004,S05,7,59500.0,0,0
2022-12-17,P004,S06,10,67630.17,1,0
2022-12-17,P005,S01,63,100736.18,1,0
2022-12-17,P005,S02,27,59400.0,0,0
2022-12-17,P005,S03,35,77000.0,0,0
2022-12-17,P005,S04,28,61600.0,0,0
2022-12-17,P005,S05,26,57200.0,0,0
2022-12-17,P005,S06,39,67346.76,1,0
2022-12-18,P001,S01,36,139289.9,1,0
2022-12-18,P001,S02,18,81000.0,0,0
2022-12-18,P001,S03,19,85500.0,0,0
2022-12-18,P001,S04,14,63000.0,0,0
2022-12-18,P001,S05,24,77058.11,1,0
2022-12-18,P001,S06,11,49500.0,0,0
2022-12-18,P002,S01,47,56400.0,0,0
2022-12-18,P002,S02,46,55200.0,0,0
2022-12-18,P002,S03,76,67070.34,1,0
2022-12-18,P002,S04,31,37200.0,0,0
2022-12-18,P002,S05,42,50400.0,0,0
2022-12-18,P002,S06,65,73242.77,1,0
2022-12-18,P003,S01,215,75250.0,0,0
2022-12-18,P003,S02,205,71750.0,0,0
2022-12-18,P003,S03,297,90657.11,1,0
2022-12-18,P003,S04,190,66500.0,0,0
2022-12-18,P003,S05,292,80750.0,1,0
2022-12-18,P003,S06,224,71209.06,1,0
2022-12-18,P004,S01,9,76500.0,0,0
2022-12-18,P004,S02,10,76016.0,1,0
2022-12-18,P004,S03,8,68000.0,0,0
2022-12-18,P004,S04,11,80851.57,1,0
2022-12-18,P004,S05,7,59500.0,0,0
2022-12-18,P004,S06,8,68000.0,0,0
2022-12-18,P005,S01,48,93655.16,1,0
2022-12-18,P005,S02,34,74800.0,0,0
2022-12-18,P005,S03,50,97795.72,1,0
2022-12-18,P005,S04,49,96484.19,1,0
2022-12-18,P005,S05,32,70400.0,0,0
2022-12-18,P005,S06,23,50600.0,0,0
2022-12-19,P001,S01,18,81000.0,0,0
2022-12-19,P001,S02,16,72000.0,0,0
2022-12-19,P001,S03,18,81000.0,0,0
2022-12-19,P001,S04,13,58500.0,0,0
2022-12-19,P001,S05,20,76132.56,1,0
2022-12-19,P001,S06,12,54000.0,0,0
2022-12-19,P002,S01,52,62400.0,0,0
2022-12-19,P002,S02,43,51600.0,0,0
2022-12-19,P002,S03,34,40800.0,0,0
2022-12-19,P002,S04,62,61138.24,1,0
2022-12-19,P002,S05,35,42000.0,0,0
2022-12-19,P002,S06,30,36000.0,0,0
2022-12-19,P003,S01,164,57400.0,0,0
2022-12-19,P003,S02,174,60900.0,0,0
2022-12-19,P003,S03,151,52850.0,0,0
2022-12-19,P003,S04,146,51100.0,0,0
2022-12-19,P003,S05,160,56000.0,0,0
2022-12-19,P003,S06,144,50400.0,0,0
2022-12-19,P004,S01,6,51000.0,0,0
2022-12-19,P004,S02,7,59500.0,0,0
2022-12-19,P004,S03,12,85179.88,1,0
2022-12-19,P004,S04,6,51000.0,0,0
2022-12-19,P004,S05,6,51000.0,0,0
2022-12-19,P004,S06,6,45900.21,1,0
2022-12-19,P005,S01,45,88761.47,1,0
2022-12-19,P005,S02,30,66000.0,0,0
2022-12-19,P005,S03,26,57200.0,0,0
2022-12-19,P005,S04,22,48400.0,0,0
2022-12-19,P005,S05,26,57200.0,0,0
2022-12-19,P005,S06,23,50600.0,0,0
2022-12-20,P001,S01,38,155552.53,1,0
2022-12-20,P001,S02,20,90000.0,0,0
2022-12-20,P001,S03,20,90000.0,0,0
2022-12-20,P001,S04,13,58500.0,0,0
2022-12-20,P001,S05,14,63000.0,0,0
2022-12-20,P001,S06,13,58500.0,0,0
2022-12-20,P002,S01,48,57600.0,0,0
2022-12-20,P002,S02,46,55200.0,0,0
2022-12-20,P002,S03,41,49200.0,0,0
2022-12-20,P002,S04,46,45967.31,1,0
2022-12-20,P002,S05,38,45600.0,0,0
2022-12-20,P002,S06,32,38400.0,0,0
2022-12-20,P003,S01,166,58100.0,0,0
2022-12-20,P003,S02,189,66150.0,0,0
2022-12-20,P003,S03,188,65800.0,0,0
2022-12-20,P003,S04,147,51450.0,0,0
2022-12-20,P003,S05,131,45850.0,0,0
2022-12-20,P003,S06,180,56568.17,1,0
2022-12-20,P004,S01,7,59500.0,0,0
2022-12-20,P004,S02,7,59500.0,0,0
2022-12-20,P004,S03,9,76500.0,0,0
2022-12-20,P004,S04,6,51000.0,0,0
2022-12-20,P004,S05,11,69661.0,1,0
2022-12-20,P004,S06,5,42500.0,0,0
2022-12-20,P005,S01,45,92207.39,1,0
2022-12-20,P005,S02,31,68200.0,0,0
2022-12-20,P005,S03,28,61600.0,0,0
2022-12-20,P005,S04,31,60187.99,1,0
2022-12-20,P005,S05,27,59400.0,0,0
2022-12-20,P005,S06,28,47958.02,1,0
2022-12-21,P001,S01,19,85500.0,0,0
2022-12-21,P001,S02,15,67500.0,0,0
2022-12-21,P001,S03,15,67500.0,0,0
2022-12-21,P001,S04,22,81919.86,1,0
2022-12-21,P001,S05,14,63000.0,0,0
2022-12-21,P001,S06,11,49500.0,0,0
2022-12-21,P002,S01,68,58786.16,1,0
2022-12-21,P002,S02,42,50400.0,0,0
2022-12-21,P002,S03,42,50400.0,0,0
2022-12-21,P002,S04,33,39600.0,0,0
2022-12-21,P002,S05,37,44400.0,0,0
2022-12-21,P002,S06,46,43183.17,1,0
2022-12-21,P003,S01,311,88860.09,1,0
2022-12-21,P003,S02,150,52500.0,0,0
2022-12-21,P003,S03,163,57050.0,0,0
2022-12-21,P003,S04,192,48289.07,1,0
2022-12-21,P003,S05,145,50750.0,0,0
2022-12-21,P003,S06,135,47250.0,0,0
2022-12-21,P004,S01,9,76500.0,0,0
2022-12-21,P004,S02,8,68000.0,0,0
2022-12-21,P004,S03,4,34000.0,0,0
2022-12-21,P004,S04,6,51000.0,0,0
2022-12-21,P004,S05,7,59500.0,0,0
2022-12-21,P004,S06,4,34000.0,0,0
2022-12-21,P005,S01,32,70400.0,0,0
2022-12-21,P005,S02,25,55000.0,0,0
2022-12-21,P005,S03,27,59400.0,0,0
2022-12-21,P005,S04,23,50600.0,0,0
2022-12-21,P005,S05,28,61600.0,0,0
2022-12-21,P005,S06,23,50600.0,0,0
2022-12-22,P001,S01,16,72000.0,0,0
2022-12-22,P001,S02,17,76500.0,0,0
2022-12-22,P001,S03,16,72000.0,0,0
2022-12-22,P001,S04,11,49500.0,0,0
2022-12-22,P001,S05,15,67500.0,0,0
2022-12-22,P001,S06,14,63000.0,0,0
2022-12-22,P002,S01,44,52800.0,0,0
2022-12-22,P002,S02,35,42000.0,0,0
2022-12-22,P002,S03,41,49200.0,0,0
2022-12-22,P002,S04,36,43200.0,0,0
2022-12-22,P002,S05,38,45600.0,0,0
2022-12-22,P002,S06,34,40800.0,0,0
2022-12-22,P003,S01,187,65450.0,0,0
2022-12-22,P003,S02,272,87144.06,1,0
2022-12-22,P003,S03,144,50400.0,0,0
2022-12-22,P003,S04,277,80538.35,1,0
2022-12-22,P003,S05,134,46900.0,0,0
2022-12-22,P003,S06,119,41650.0,0,0
2022-12-22,P004,S01,9,76500.0,0,0
2022-12-22,P004,S02,9,76500.0,0,0
2022-12-22,P004,S03,7,59500.0,0,0
2022-12-22,P004,S04,5,42500.0,0,0
2022-12-22,P004,S05,10,77968.83,1,0
2022-12-22,P004,S06,5,42500.0,0,0
2022-12-22,P005,S01,33,72600.0,0,0
2022-12-22,P005,S02,47,97321.17,1,0
2022-12-22,P005,S03,27,59400.0,0,0
2022-12-22,P005,S04,22,48400.0,0,0
2022-12-22,P005,S05,27,59400.0,0,0
2022-12-22,P005,S06,21,46200.0,0,0
2022-12-23,P001,S01,18,81000.0,0,0
2022-12-23,P001,S02,17,76500.0,0,0
2022-12-23,P001,S03,18,81000.0,0,0
2022-12-23,P001,S04,13,58500.0,0,0
2022-12-23,P001,S05,15,67500.0,0,0
2022-12-23,P001,S06,18,58293.52,1,0
2022-12-23,P002,S01,42,50400.0,0,0
2022-12-23,P002,S02,38,45600.0,0,0
2022-12-23,P002,S03,51,61200.0,0,0
2022-12-23,P002,S04,34,40800.0,0,0
2022-12-23,P002,S05,43,51600.0,0,0
2022-12-23,P002,S06,33,39600.0,0,0
2022-12-23,P003,S01,345,113169.11,1,0
2022-12-23,P003,S02,182,63700.0,0,0
2022-12-23,P003,S03,147,51450.0,0,0
2022-12-23,P003,S04,216,71358.39,1,0
2022-12-23,P003,S05,198,52043.57,1,0
2022-12-23,P003,S06,108,37800.0,0,0
2022-12-23,P004,S01,8,68000.0,0,0
2022-12-23,P004,S02,8,68000.0,0,0
2022-12-23,P004,S03,9,76500.0,0,0
2022-12-23,P004,S04,11,66070.75,1,0
2022-12-23,P004,S05,5,42500.0,0,0
2022-12-23,P004,S06,9,69174.31,1,0
2022-12-23,P005,S01,43,85451.47,1,0
2022-12-23,P005,S02,26,57200.0,0,0
2022-12-23,P005,S03,28,61600.0,0,0
2022-12-23,P005,S04,25,55000.0,0,0
2022-12-23,P005,S05,24,52800.0,0,0
2022-12-23,P005,S06,29,57076.17,1,0
2022-12-24,P001,S01,32,125747.5,1,0
2022-12-24,P001,S02,19,85500.0,0,0
2022-12-24,P001,S03,17,76500.0,0,0
2022-12-24,P001,S04,16,72000.0,0,0
2022-12-24,P001,S05,29,107975.87,1,0
2022-12-24,P001,S06,15,67500.0,0,0
2022-12-24,P002,S01,64,76800.0,0,0
2022-12-24,P002,S02,80,71305.14,1,0
2022-12-24,P002,S03,48,57600.0,0,0
2022-12-24,P002,S04,55,66000.0,0,0
2022-12-24,P002,S05,70,79733.22,1,0
2022-12-24,P002,S06,39,46800.0,0,0
2022-12-24,P003,S01,385,116074.52,1,0
2022-12-24,P003,S02,321,79208.9,1,0
2022-12-24,P003,S03,169,59150.0,0,0
2022-12-24,P003,S04,270,80879.23,1,0
2022-12-24,P003,S05,163,57050.0,0,0
2022-12-24,P003,S06,155,54250.0,0,0
2022-12-24,P004,S01,10,85000.0,0,0
2022-12-24,P004,S02,6,51000.0,0,0
2022-12-24,P004,S03,14,84468.37,1,0
2022-12-24,P004,S04,7,59500.0,0,0
2022-12-24,P004,S05,8,68000.0,0,0
2022-12-24,P004,S06,7,59500.0,0,0
2022-12-24,P005,S01,64,106306.86,1,0
2022-12-24,P005,S02,29,63800.0,0,0
2022-12-24,P005,S03,31,68200.0,0,0
2022-12-24,P005,S04,39,79676.2,1,0
2022-12-24,P005,S05,44,68553.77,1,0
2022-12-24,P005,S06,34,59702.27,1,0
2022-12-25,P001,S01,32,144000.0,0,1
2022-12-25,P001,S02,23,103500.0,0,1
2022-12-25,P001,S03,26,117000.0,0,1
2022-12-25,P001,S04,38,160689.59,1,1
2022-12-25,P001,S05,36,151727.63,1,1
2022-12-25,P001,S06,29,110107.36,1,1
2022-12-25,P002,S01,119,112852.07,1,1
2022-12-25,P002,S02,79,94800.0,0,1
2022-12-25,P002,S03,78,93600.0,0,1
2022-12-25,P002,S04,60,72000.0,0,1
2022-12-25,P002,S05,67,80400.0,0,1
2022-12-25,P002,S06,79,87799.76,1,1
2022-12-25,P003,S01,231,80850.0,0,1
2022-12-25,P003,S02,226,79100.0,0,1
2022-12-25,P003,S03,514,156048.61,1,1
2022-12-25,P003,S04,234,81900.0,0,1
2022-12-25,P003,S05,277,96950.0,0,1
2022-12-25,P003,S06,180,63000.0,0,1
2022-12-25,P004,S01,17,128362.1,1,1
2022-12-25,P004,S02,21,134505.0,1,1
2022-12-25,P004,S03,12,102000.0,0,1
2022-12-25,P004,S04,13,82210.4,1,1
2022-12-25,P004,S05,12,102000.0,0,1
2022-12-25,P004,S06,8,68000.0,0,1
2022-12-25,P005,S01,59,129800.0,0,1
2022-12-25,P005,S02,56,92523.59,1,1
2022-12-25,P005,S03,73,113621.1,1,1
2022-12-25,P005,S04,36,79200.0,0,1
2022-12-25,P005,S05,49,107800.0,0,1
2022-12-25,P005,S06,36,79200.0,0,1
2022-12-26,P001,S01,32,130872.52,1,0
2022-12-26,P001,S02,16,72000.0,0,0
2022-12-26,P001,S03,18,81000.0,0,0
2022-12-26,P001,S04,13,58500.0,0,0
2022-12-26,P001,S05,13,58500.0,0,0
2022-12-26,P001,S06,12,54000.0,0,0
2022-12-26,P002,S01,46,55200.0,0,0
2022-12-26,P002,S02,38,45600.0,0,0
2022-12-26,P002,S03,39,46800.0,0,0
2022-12-26,P002,S04,50,51734.72,1,0
2022-12-26,P002,S05,37,44400.0,0,0
2022-12-26,P002,S06,36,37102.94,1,0
2022-12-26,P003,S01,115,40250.0,0,0
2022-12-26,P003,S02,185,64750.0,0,0
2022-12-26,P003,S03,152,53200.0,0,0
2022-12-26,P003,S04,140,49000.0,0,0
2022-12-26,P003,S05,150,52500.0,0,0
2022-12-26,P003,S06,135,47250.0,0,0
2022-12-26,P004,S01,11,73989.92,1,0
2022-12-26,P004,S02,7,59500.0,0,0
2022-12-26,P004,S03,14,106863.86,1,0
2022-12-26,P004,S04,6,51000.0,0,0
2022-12-26,P004,S05,6,51000.0,0,0
2022-12-26,P004,S06,7,59500.0,0,0
2022-12-26,P005,S01,32,70400.0,0,0
2022-12-26,P005,S02,33,72600.0,0,0
2022-12-26,P005,S03,29,63800.0,0,0
2022-12-26,P005,S04,22,48400.0,0,0
2022-12-26,P005,S05,27,59400.0,0,0
2022-12-26,P005,S06,18,39600.0,0,0
2022-12-27,P001,S01,20,90000.0,0,0
2022-12-27,P001,S02,19,85500.0,0,0
2022-12-27,P001,S03,19,85500.0,0,0
2022-12-27,P001,S04,27,89342.67,1,0
2022-12-27,P001,S05,14,63000.0,0,0
2022-12-27,P001,S06,12,54000.0,0,0
2022-12-27,P002,S01,43,44150.68,1,0
2022-12-27,P002,S02,44,52800.0,0,0
2022-12-27,P002,S03,66,57758.08,1,0
2022-12-27,P002,S04,58,65025.46,1,0
2022-12-27,P002,S05,56,47480.8,1,0
2022-12-27,P002,S06,35,42000.0,0,0
2022-12-27,P003,S01,202,70700.0,0,0
2022-12-27,P003,S02,280,72896.34,1,0
2022-12-27,P003,S03,194,67900.0,0,0
2022-12-27,P003,S04,133,46550.0,0,0
2022-12-27,P003,S05,189,66150.0,0,0
2022-12-27,P003,S06,142,49700.0,0,0
2022-12-27,P004,S01,6,51000.0,0,0
2022-12-27,P004,S02,8,68000.0,0,0
2022-12-27,P004,S03,8,68000.0,0,0
2022-12-27,P004,S04,6,51000.0,0,0
2022-12-27,P004,S05,7,59500.0,0,0
2022-12-27,P004,S06,6,51000.0,0,0
2022-12-27,P005,S01,29,63800.0,0,0
2022-12-27,P005,S02,27,59400.0,0,0
2022-12-27,P005,S03,30,66000.0,0,0
2022-12-27,P005,S04,22,48400.0,0,0
2022-12-27,P005,S05,32,70400.0,0,0
2022-12-27,P005,S06,18,39600.0,0,0
2022-12-28,P001,S01,27,103437.61,1,0
2022-12-28,P001,S02,19,85500.0,0,0
2022-12-28,P001,S03,28,105285.3,1,0
2022-12-28,P001,S04,14,63000.0,0,0
2022-12-28,P001,S05,17,76500.0,0,0
2022-12-28,P001,S06,11,49500.0,0,0
2022-12-28,P002,S01,58,69600.0,0,0
2022-12-28,P002,S02,40,48000.0,0,0
2022-12-28,P002,S03,45,54000.0,0,0
2022-12-28,P002,S04,44,44057.69,1,0
2022-12-28,P002,S05,38,45600.0,0,0
2022-12-28,P002,S06,31,37200.0,0,0
2022-12-28,P003,S01,179,62650.0,0,0
2022-12-28,P003,S02,180,63000.0,0,0
2022-12-28,P003,S03,156,54600.0,0,0
2022-12-28,P003,S04,151,52850.0,0,0
2022-12-28,P003,S05,188,65800.0,0,0
2022-12-28,P003,S06,115,40250.0,0,0
2022-12-28,P004,S01,13,94133.79,1,0
2022-12-28,P004,S02,12,88381.26,1,0
2022-12-28,P004,S03,6,51000.0,0,0
2022-12-28,P004,S04,6,51000.0,0,0
2022-12-28,P004,S05,7,59500.0,0,0
2022-12-28,P004,S06,5,42500.0,0,0
2022-12-28,P005,S01,30,66000.0,0,0
2022-12-28,P005,S02,44,73181.63,1,0
2022-12-28,P005,S03,23,50600.0,0,0
2022-12-28,P005,S04,23,50600.0,0,0
2022-12-28,P005,S05,49,101946.84,1,0
2022-12-28,P005,S06,21,46200.0,0,0
2022-12-29,P001,S01,16,72000.0,0,0
2022-12-29,P001,S02,19,85500.0,0,0
2022-12-29,P001,S03,13,58500.0,0,0
2022-12-29,P001,S04,11,49500.0,0,0
2022-12-29,P001,S05,23,79174.76,1,0
2022-12-29,P001,S06,10,45000.0,0,0
2022-12-29,P002,S01,51,61200.0,0,0
2022-12-29,P002,S02,78,83078.49,1,0
2022-12-29,P002,S03,39,46800.0,0,0
2022-12-29,P002,S04,27,32400.0,0,0
2022-12-29,P002,S05,39,46800.0,0,0
2022-12-29,P002,S06,35,42000.0,0,0
2022-12-29,P003,S01,160,56000.0,0,0
2022-12-29,P003,S02,159,55650.0,0,0
2022-12-29,P003,S03,199,69650.0,0,0
2022-12-29,P003,S04,132,46200.0,0,0
2022-12-29,P003,S05,208,53318.03,1,0
2022-12-29,P003,S06,176,56536.76,1,0
2022-12-29,P004,S01,6,51000.0,0,0
2022-12-29,P004,S02,13,96777.32,1,0
2022-12-29,P004,S03,7,59500.0,0,0
2022-12-29,P004,S04,7,59500.0,0,0
2022-12-29,P004,S05,6,51000.0,0,0
2022-12-29,P004,S06,5,42500.0,0,0
2022-12-29,P005,S01,33,72600.0,0,0
2022-12-29,P005,S02,35,77000.0,0,0
2022-12-29,P005,S03,42,81812.64,1,0
2022-12-29,P005,S04,24,52800.0,0,0
2022-12-29,P005,S05,29,63800.0,0,0
2022-12-29,P005,S06,22,48400.0,0,0
2022-12-30,P001,S01,17,76500.0,0,0
2022-12-30,P001,S02,16,72000.0,0,0
2022-12-30,P001,S03,24,79398.96,1,0
2022-12-30,P001,S04,20,80295.11,1,0
2022-12-30,P001,S05,12,54000.0,0,0
2022-12-30,P001,S06,13,58500.0,0,0
2022-12-30,P002,S01,95,92382.78,1,0
2022-12-30,P002,S02,38,45600.0,0,0
2022-12-30,P002,S03,45,54000.0,0,0
2022-12-30,P002,S04,40,48000.0,0,0
2022-12-30,P002,S05,38,45600.0,0,0
2022-12-30,P002,S06,28,33600.0,0,0
2022-12-30,P003,S01,170,59500.0,0,0
2022-12-30,P003,S02,153,53550.0,0,0
2022-12-30,P003,S03,144,50400.0,0,0
2022-12-30,P003,S04,136,47600.0,0,0
2022-12-30,P003,S05,139,48650.0,0,0
2022-12-30,P003,S06,129,45150.0,0,0
2022-12-30,P004,S01,11,93500.0,0,0
2022-12-30,P004,S02,8,68000.0,0,0
2022-12-30,P004,S03,9,76500.0,0,0
2022-12-30,P004,S04,7,59500.0,0,0
2022-12-30,P004,S05,5,42500.0,0,0
2022-12-30,P004,S06,8,53623.58,1,0
2022-12-30,P005,S01,28,61600.0,0,0
2022-12-30,P005,S02,39,72733.86,1,0
2022-12-30,P005,S03,39,79795.01,1,0
2022-12-30,P005,S04,25,55000.0,0,0
2022-12-30,P005,S05,24,52800.0,0,0
2022-12-30,P005,S06,17,37400.0,0,0
2022-12-31,P001,S01,30,135000.0,0,1
2022-12-31,P001,S02,47,198526.1,1,1
2022-12-31,P001,S03,28,126000.0,0,1
2022-12-31,P001,S04,25,112500.0,0,1
2022-12-31,P001,S05,28,126000.0,0,1
2022-12-31,P001,S06,29,99242.56,1,1
2022-12-31,P002,S01,89,106800.0,0,1
2022-12-31,P002,S02,142,157811.28,1,1
2022-12-31,P002,S03,102,105601.55,1,1
2022-12-31,P002,S04,56,67200.0,0,1
2022-12-31,P002,S05,72,86400.0,0,1
2022-12-31,P002,S06,55,66000.0,0,1
2022-12-31,P003,S01,435,129348.86,1,1
2022-12-31,P003,S02,298,104300.0,0,1
2022-12-31,P003,S03,276,96600.0,0,1
2022-12-31,P003,S04,357,106381.76,1,1
2022-12-31,P003,S05,235,82250.0,0,1
2022-12-31,P003,S06,245,85750.0,0,1
2022-12-31,P004,S01,22,157198.24,1,1
2022-12-31,P004,S02,11,93500.0,0,1
2022-12-31,P004,S03,11,93500.0,0,1
2022-12-31,P004,S04,10,85000.0,0,1
2022-12-31,P004,S05,15,96288.33,1,1
2022-12-31,P004,S06,10,85000.0,0,1
2022-12-31,P005,S01,42,92400.0,0,1
2022-12-31,P005,S02,47,103400.0,0,1
2022-12-31,P005,S03,50,110000.0,0,1
2022-12-31,P005,S04,33,72600.0,0,1
2022-12-31,P005,S05,61,99511.27,1,1
2022-12-31,P005,S06,32,70400.0,0,1
2023-01-01,P001,S01,29,130500.0,0,1
2023-01-01,P001,S02,46,195514.42,1,1
2023-01-01,P001,S03,26,117000.0,0,1
2023-01-01,P001,S04,19,85500.0,0,1
2023-01-01,P001,S05,27,121500.0,0,1
2023-01-01,P001,S06,36,120189.39,1,1
2023-01-01,P002,S01,95,84261.45,1,1
2023-01-01,P002,S02,61,73200.0,0,1
2023-01-01,P002,S03,80,96000.0,0,1
2023-01-01,P002,S04,60,72000.0,0,1
2023-01-01,P002,S05,75,90000.0,0,1
2023-01-01,P002,S06,84,90278.61,1,1
2023-01-01,P003,S01,553,170007.84,1,1
2023-01-01,P003,S02,350,122500.0,0,1
2023-01-01,P003,S03,346,121100.0,0,1
2023-01-01,P003,S04,283,99050.0,0,1
2023-01-01,P003,S05,355,100840.08,1,1
2023-01-01,P003,S06,290,101500.0,0,1
2023-01-01,P004,S01,24,168198.93,1,1
2023-01-01,P004,S02,20,142366.0,1,1
2023-01-01,P004,S03,11,93500.0,0,1
2023-01-01,P004,S04,11,93500.0,0,1
2023-01-01,P004,S05,18,112620.89,1,1
2023-01-01,P004,S06,13,93780.05,1,1
2023-01-01,P005,S01,59,129800.0,0,1
2023-01-01,P005,S02,62,136400.0,0,1
2023-01-01,P005,S03,43,94600.0,0,1
2023-01-01,P005,S04,59,119047.21,1,1
2023-01-01,P005,S05,37,81400.0,0,1
2023-01-01,P005,S06,39,85800.0,0,1
2023-01-02,P001,S01,18,81000.0,0,0
2023-01-02,P001,S02,31,112791.84,1,0
2023-01-02,P001,S03,20,90000.0,0,0
2023-01-02,P001,S04,22,87353.05,1,0
2023-01-02,P001,S05,13,58500.0,0,0
2023-01-02,P001,S06,22,88363.34,1,0
2023-01-02,P002,S01,54,64800.0,0,0
2023-01-02,P002,S02,48,57600.0,0,0
2023-01-02,P002,S03,64,69741.21,1,0
2023-01-02,P002,S04,43,51600.0,0,0
2023-01-02,P002,S05,60,51293.58,1,0
2023-01-02,P002,S06,39,46800.0,0,0
2023-01-02,P003,S01,354,115456.6,1,0
2023-01-02,P003,S02,178,62300.0,0,0
2023-01-02,P003,S03,192,67200.0,0,0
2023-01-02,P003,S04,150,52500.0,0,0
2023-01-02,P003,S05,312,99393.44,1,0
2023-01-02,P003,S06,261,64232.85,1,0
2023-01-02,P004,S01,15,101748.31,1,0
2023-01-02,P004,S02,9,76500.0,0,0
2023-01-02,P004,S03,8,68000.0,0,0
2023-01-02,P004,S04,8,68000.0,0,0
2023-01-02,P004,S05,12,76085.18,1,0
2023-01-02,P004,S06,5,42500.0,0,0
2023-01-02,P005,S01,37,81400.0,0,0
2023-01-02,P005,S02,31,68200.0,0,0
2023-01-02,P005,S03,33,72600.0,0,0
2023-01-02,P005,S04,24,52800.0,0,0
2023-01-02,P005,S05,24,52800.0,0,0
2023-01-02,P005,S06,22,48400.0,0,0
2023-01-03,P001,S01,11,49500.0,0,0
2023-01-03,P001,S02,18,81000.0,0,0
2023-01-03,P001,S03,29,114309.9,1,0
2023-01-03,P001,S04,16,72000.0,0,0
2023-01-03,P001,S05,19,85500.0,0,0
2023-01-03,P001,S06,13,58500.0,0,0
2023-01-03,P002,S01,68,67252.89,1,0
2023-01-03,P002,S02,48,57600.0,0,0
2023-01-03,P002,S03,44,52800.0,0,0
2023-01-03,P002,S04,66,64801.29,1,0
2023-01-03,P002,S05,41,49200.0,0,0
2023-01-03,P002,S06,29,34800.0,0,0
2023-01-03,P003,S01,157,54950.0,0,0
2023-01-03,P003,S02,178,62300.0,0,0
2023-01-03,P003,S03,191,66850.0,0,0
2023-01-03,P003,S04,159,55650.0,0,0
2023-01-03,P003,S05,151,52850.0,0,0
2023-01-03,P003,S06,86,30100.0,0,0
2023-01-03,P004,S01,10,85000.0,0,0
2023-01-03,P004,S02,8,68000.0,0,0
2023-01-03,P004,S03,9,60782.63,1,0
2023-01-03,P004,S04,5,42500.0,0,0
2023-01-03,P004,S05,6,51000.0,0,0
2023-01-03,P004,S06,12,71938.58,1,0
2023-01-03,P005,S01,36,79200.0,0,0
2023-01-03,P005,S02,33,59924.23,1,0
2023-01-03,P005,S03,29,63800.0,0,0
2023-01-03,P005,S04,29,63800.0,0,0
2023-01-03,P005,S05,26,57200.0,0,0
2023-01-03,P005,S06,26,57200.0,0,0
2023-01-04,P001,S01,18,81000.0,0,0
2023-01-04,P001,S02,20,90000.0,0,0
2023-01-04,P001,S03,26,90461.93,1,0
2023-01-04,P001,S04,15,67500.0,0,0
2023-01-04,P001,S05,14,63000.0,0,0
2023-01-04,P001,S06,17,76500.0,0,0
2023-01-04,P002,S01,58,69600.0,0,0
2023-01-04,P002,S02,44,52800.0,0,0
2023-01-04,P002,S03,41,49200.0,0,0
2023-01-04,P002,S04,62,64653.17,1,0
2023-01-04,P002,S05,39,46800.0,0,0
2023-01-04,P002,S06,45,44009.41,1,0
2023-01-04,P003,S01,215,75250.0,0,0
2023-01-04,P003,S02,170,59500.0,0,0
2023-01-04,P003,S03,307,91998.89,1,0
2023-01-04,P003,S04,133,46550.0,0,0
2023-01-04,P003,S05,148,51800.0,0,0
2023-01-04,P003,S06,126,44100.0,0,0
2023-01-04,P004,S01,8,68000.0,0,0
2023-01-04,P004,S02,10,85000.0,0,0
2023-01-04,P004,S03,8,68000.0,0,0
2023-01-04,P004,S04,11,86439.68,1,0
2023-01-04,P004,S05,7,59500.0,0,0
2023-01-04,P004,S06,6,51000.0,0,0
2023-01-04,P005,S01,30,66000.0,0,0
2023-01-04,P005,S02,29,63800.0,0,0
2023-01-04,P005,S03,27,59400.0,0,0
2023-01-04,P005,S04,25,55000.0,0,0
2023-01-04,P005,S05,22,48400.0,0,0
2023-01-04,P005,S06,18,39600.0,0,0
2023-01-05,P001,S01,42,142141.0,1,0
2023-01-05,P001,S02,27,113482.67,1,0
2023-01-05,P001,S03,17,76500.0,0,0
2023-01-05,P001,S04,16,72000.0,0,0
2023-01-05,P001,S05,14,63000.0,0,0
2023-01-05,P001,S06,13,58500.0,0,0
2023-01-05,P002,S01,58,69600.0,0,0
2023-01-05,P002,S02,44,52800.0,0,0
2023-01-05,P002,S03,46,55200.0,0,0
2023-01-05,P002,S04,39,46800.0,0,0
2023-01-05,P002,S05,64,55189.25,1,0
2023-01-05,P002,S06,34,40800.0,0,0
2023-01-05,P003,S01,350,93872.09,1,0
2023-01-05,P003,S02,198,69300.0,0,0
2023-01-05,P003,S03,158,55300.0,0,0
2023-01-05,P003,S04,161,56350.0,0,0
2023-01-05,P003,S05,154,53900.0,0,0
2023-01-05,P003,S06,154,53900.0,0,0
2023-01-05,P004,S01,9,76500.0,0,0
2023-01-05,P004,S02,10,85000.0,0,0
2023-01-05,P004,S03,14,94461.39,1,0
2023-01-05,P004,S04,11,82597.42,1,0
2023-01-05,P004,S05,7,59500.0,0,0
2023-01-05,P004,S06,6,51000.0,0,0
2023-01-05,P005,S01,39,85800.0,0,0
2023-01-05,P005,S02,32,70400.0,0,0
2023-01-05,P005,S03,24,52800.0,0,0
2023-01-05,P005,S04,23,50600.0,0,0
2023-01-05,P005,S05,25,55000.0,0,0
2023-01-05,P005,S06,25,55000.0,0,0
2023-01-06,P001,S01,23,103500.0,0,0
2023-01-06,P001,S02,25,112500.0,0,0
2023-01-06,P001,S03,15,67500.0,0,0
2023-01-06,P001,S04,17,76500.0,0,0
2023-01-06,P001,S05,17,76500.0,0,0
2023-01-06,P001,S06,16,72000.0,0,0
2023-01-06,P002,S01,46,55200.0,0,0
2023-01-06,P002,S02,45,54000.0,0,0
2023-01-06,P002,S03,44,52800.0,0,0
2023-01-06,P002,S04,28,33600.0,0,0
2023-01-06,P002,S05,35,42000.0,0,0
2023-01-06,P002,S06,31,37200.0,0,0
2023-01-06,P003,S01,221,77350.0,0,0
2023-01-06,P003,S02,153,53550.0,0,0
2023-01-06,P003,S03,274,74100.79,1,0
2023-01-06,P003,S04,156,54600.0,0,0
2023-01-06,P003,S05,209,65902.2,1,0
2023-01-06,P003,S06,162,56700.0,0,0
2023-01-06,P004,S01,7,59500.0,0,0
2023-01-06,P004,S02,12,86155.47,1,0
2023-01-06,P004,S03,12,81457.79,1,0
2023-01-06,P004,S04,7,59500.0,0,0
2023-01-06,P004,S05,7,59500.0,0,0
2023-01-06,P004,S06,6,51000.0,0,0
2023-01-06,P005,S01,32,70400.0,0,0
2023-01-06,P005,S02,29,63800.0,0,0
2023-01-06,P005,S03,32,70400.0,0,0
2023-01-06,P005,S04,24,52800.0,0,0
2023-01-06,P005,S05,28,61600.0,0,0
2023-01-06,P005,S06,19,41800.0,0,0
2023-01-07,P001,S01,40,137746.85,1,0
2023-01-07,P001,S02,20,90000.0,0,0
2023-01-07,P001,S03,21,94500.0,0,0
2023-01-07,P001,S04,15,67500.0,0,0
2023-01-07,P001,S05,14,63000.0,0,0
2023-01-07,P001,S06,25,96220.88,1,0
2023-01-07,P002,S01,52,62400.0,0,0
2023-01-07,P002,S02,53,63600.0,0,0
2023-01-07,P002,S03,48,57600.0,0,0
2023-01-07,P002,S04,42,50400.0,0,0
2023-01-07,P002,S05,58,58444.8,1,0
2023-01-07,P002,S06,37,44400.0,0,0
2023-01-07,P003,S01,173,60550.0,0,0
2023-01-07,P003,S02,375,122898.88,1,0
2023-01-07,P003,S03,331,103786.88,1,0
2023-01-07,P003,S04,206,72100.0,0,0
2023-01-07,P003,S05,339,94225.11,1,0
2023-01-07,P003,S06,246,66966.03,1,0
2023-01-07,P004,S01,11,93500.0,0,0
2023-01-07,P004,S02,10,85000.0,0,0
2023-01-07,P004,S03,7,59500.0,0,0
2023-01-07,P004,S04,9,76500.0,0,0
2023-01-07,P004,S05,7,59500.0,0,0
2023-01-07,P004,S06,7,59500.0,0,0
2023-01-07,P005,S01,45,99000.0,0,0
2023-01-07,P005,S02,29,63800.0,0,0
2023-01-07,P005,S03,50,83298.51,1,0
2023-01-07,P005,S04,53,98081.2,1,0
2023-01-07,P005,S05,27,59400.0,0,0
2023-01-07,P005,S06,23,50600.0,0,0
2023-01-08,P001,S01,22,99000.0,0,0
2023-01-08,P001,S02,17,76500.0,0,0
2023-01-08,P001,S03,19,85500.0,0,0
2023-01-08,P001,S04,14,63000.0,0,0
2023-01-08,P001,S05,18,81000.0,0,0
2023-01-08,P001,S06,16,72000.0,0,0
2023-01-08,P002,S01,50,60000.0,0,0
2023-01-08,P002,S02,61,73200.0,0,0
2023-01-08,P002,S03,84,73995.16,1,0
2023-01-08,P002,S04,84,76752.83,1,0
2023-01-08,P002,S05,36,43200.0,0,0
2023-01-08,P002,S06,68,62411.44,1,0
2023-01-08,P003,S01,187,65450.0,0,0
2023-01-08,P003,S02,327,81434.8,1,0
2023-01-08,P003,S03,237,82950.0,0,0
2023-01-08,P003,S04,215,75250.0,0,0
2023-01-08,P003,S05,295,78222.8,1,0
2023-01-08,P003,S06,159,55650.0,0,0
2023-01-08,P004,S01,11,93500.0,0,0
2023-01-08,P004,S02,13,82120.96,1,0
2023-01-08,P004,S03,9,76500.0,0,0
2023-01-08,P004,S04,10,67767.99,1,0
2023-01-08,P004,S05,16,111738.92,1,0
2023-01-08,P004,S06,7,59500.0,0,0
2023-01-08,P005,S01,75,147495.06,1,0
2023-01-08,P005,S02,40,88000.0,0,0
2023-01-08,P005,S03,30,66000.0,0,0
2023-01-08,P005,S04,57,105657.81,1,0
2023-01-08,P005,S05,54,102342.63,1,0
2023-01-08,P005,S06,52,92364.35,1,0
2023-01-09,P001,S01,29,115223.64,1,0
2023-01-09,P001,S02,19,85500.0,0,0
2023-01-09,P001,S03,17,76500.0,0,0
2023-01-09,P001,S04,18,81000.0,0,0
2023-01-09,P001,S05,13,58500.0,0,0
2023-01-09,P001,S06,24,93642.85,1,0
2023-01-09,P002,S01,53,63600.0,0,0
2023-01-09,P002,S02,44,52800.0,0,0
2023-01-09,P002,S03,46,55200.0,0,0
2023-01-09,P002,S04,37,44400.0,0,0
2023-01-09,P002,S05,34,40800.0,0,0
2023-01-09,P002,S06,36,43200.0,0,0
2023-01-09,P003,S01,229,80150.0,0,0
2023-01-09,P003,S02,164,57400.0,0,0
2023-01-09,P003,S03,276,87884.16,1,0
2023-01-09,P003,S04,251,61599.42,1,0
2023-01-09,P003,S05,305,86356.83,1,0
2023-01-09,P003,S06,127,44450.0,0,0
2023-01-09,P004,S01,17,129343.29,1,0
2023-01-09,P004,S02,9,76500.0,0,0
2023-01-09,P004,S03,7,59500.0,0,0
2023-01-09,P004,S04,6,51000.0,0,0
2023-01-09,P004,S05,11,78152.74,1,0
2023-01-09,P004,S06,7,59500.0,0,0
2023-01-09,P005,S01,44,74137.92,1,0
2023-01-09,P005,S02,28,61600.0,0,0
2023-01-09,P005,S03,34,74800.0,0,0
2023-01-09,P005,S04,24,52800.0,0,0
2023-01-09,P005,S05,43,75766.42,1,0
2023-01-09,P005,S06,27,59400.0,0,0
2023-01-10,P001,S01,22,99000.0,0,0
2023-01-10,P001,S02,19,85500.0,0,0
2023-01-10,P001,S03,28,109664.98,1,0
2023-01-10,P001,S04,14,63000.0,0,0
2023-01-10,P001,S05,28,90399.98,1,0
2023-01-10,P001,S06,13,58500.0,0,0
2023-01-10,P002,S01,48,57600.0,0,0
2023-01-10,P002,S02,48,57600.0,0,0
2023-01-10,P002,S03,42,50400.0,0,0
2023-01-10,P002,S04,39,46800.0,0,0
2023-01-10,P002,S05,40,48000.0,0,0
2023-01-10,P002,S06,36,43200.0,0,0
2023-01-10,P003,S01,397,101593.15,1,0
2023-01-10,P003,S02,176,61600.0,0,0
2023-01-10,P003,S03,171,59850.0,0,0
2023-01-10,P003,S04,260,69109.11,1,0
2023-01-10,P003,S05,157,54950.0,0,0
2023-01-10,P003,S06,239,64127.38,1,0
2023-01-10,P004,S01,7,59500.0,0,0
2023-01-10,P004,S02,9,76500.0,0,0
2023-01-10,P004,S03,8,68000.0,0,0
2023-01-10,P004,S04,9,68671.24,1,0
2023-01-10,P004,S05,12,83916.0,1,0
2023-01-10,P004,S06,5,42500.0,0,0
2023-01-10,P005,S01,29,63800.0,0,0
2023-01-10,P005,S02,36,79200.0,0,0
2023-01-10,P005,S03,28,61600.0,0,0
2023-01-10,P005,S04,25,55000.0,0,0
2023-01-10,P005,S05,28,61600.0,0,0
2023-01-10,P005,S06,22,48400.0,0,0
2023-01-11,P001,S01,19,85500.0,0,0
2023-01-11,P001,S02,22,99000.0,0,0
2023-01-11,P001,S03,15,67500.0,0,0
2023-01-11,P001,S04,13,58500.0,0,0
2023-01-11,P001,S05,17,76500.0,0,0
2023-01-11,P001,S06,12,54000.0,0,0
2023-01-11,P002,S01,71,74792.5,1,0
2023-01-11,P002,S02,46,55200.0,0,0
2023-01-11,P002,S03,53,63600.0,0,0
2023-01-11,P002,S04,36,43200.0,0,0
2023-01-11,P002,S05,68,71135.76,1,0
2023-01-11,P002,S06,38,45600.0,0,0
2023-01-11,P003,S01,209,73150.0,0,0
2023-01-11,P003,S02,298,73735.86,1,0
2023-01-11,P003,S03,161,56350.0,0,0
2023-01-11,P003,S04,190,66500.0,0,0
2023-01-11,P003,S05,263,81487.97,1,0
2023-01-11,P003,S06,139,48650.0,0,0
2023-01-11,P004,S01,9,76500.0,0,0
2023-01-11,P004,S02,11,80288.35,1,0
2023-01-11,P004,S03,7,59500.0,0,0
2023-01-11,P004,S04,6,51000.0,0,0
2023-01-11,P004,S05,6,51000.0,0,0
2023-01-11,P004,S06,7,59500.0,0,0
2023-01-11,P005,S01,48,99996.87,1,0
2023-01-11,P005,S02,31,68200.0,0,0
2023-01-11,P005,S03,40,65934.23,1,0
2023-01-11,P005,S04,28,61600.0,0,0
2023-01-11,P005,S05,30,66000.0,0,0
2023-01-11,P005,S06,34,67843.44,1,0
2023-01-12,P001,S01,19,85500.0,0,0
2023-01-12,P001,S02,19,85500.0,0,0
2023-01-12,P001,S03,18,81000.0,0,0
2023-01-12,P001,S04,17,76500.0,0,0
2023-01-12,P001,S05,14,63000.0,0,0
2023-01-12,P001,S06,13,58500.0,0,0
2023-01-12,P002,S01,79,81022.07,1,0
2023-01-12,P002,S02,56,67200.0,0,0
2023-01-12,P002,S03,40,48000.0,0,0
2023-01-12,P002,S04,43,51600.0,0,0
2023-01-12,P002,S05,41,49200.0,0,0
2023-01-12,P002,S06,35,42000.0,0,0
2023-01-12,P003,S01,132,46200.0,0,0
2023-01-12,P003,S02,151,52850.0,0,0
2023-01-12,P003,S03,183,64050.0,0,0
2023-01-12,P003,S04,147,51450.0,0,0
2023-01-12,P003,S05,181,63350.0,0,0
2023-01-12,P003,S06,229,75848.62,1,0
2023-01-12,P004,S01,10,85000.0,0,0
2023-01-12,P004,S02,13,86155.55,1,0
2023-01-12,P004,S03,8,68000.0,0,0
2023-01-12,P004,S04,8,68000.0,0,0
2023-01-12,P004,S05,7,59500.0,0,0
2023-01-12,P004,S06,6,51000.0,0,0
2023-01-12,P005,S01,41,90200.0,0,0
2023-01-12,P005,S02,63,110924.72,1,0
2023-01-12,P005,S03,24,52800.0,0,0
2023-01-12,P005,S04,28,61600.0,0,0
2023-01-12,P005,S05,18,39600.0,0,0
2023-01-12,P005,S06,28,61600.0,0,0
2023-01-13,P001,S01,17,76500.0,0,0
2023-01-13,P001,S02,22,99000.0,0,0
2023-01-13,P001,S03,14,63000.0,0,0
2023-01-13,P001,S04,14,63000.0,0,0
2023-01-13,P001,S05,22,79362.66,1,0
2023-01-13,P001,S06,12,54000.0,0,0
2023-01-13,P002,S01,48,57600.0,0,0
2023-01-13,P002,S02,49,58800.0,0,0
2023-01-13,P002,S03,54,64800.0,0,0
2023-01-13,P002,S04,38,45600.0,0,0
2023-01-13,P002,S05,38,45600.0,0,0
2023-01-13,P002,S06,39,46800.0,0,0
2023-01-13,P003,S01,167,58450.0,0,0
2023-01-13,P003,S02,191,66850.0,0,0
2023-01-13,P003,S03,166,58100.0,0,0
2023-01-13,P003,S04,132,46200.0,0,0
2023-01-13,P003,S05,258,77086.82,1,0
2023-01-13,P003,S06,142,49700.0,0,0
2023-01-13,P004,S01,9,76500.0,0,0
2023-01-13,P004,S02,7,59500.0,0,0
2023-01-13,P004,S03,7,59500.0,0,0
2023-01-13,P004,S04,6,51000.0,0,0
2023-01-13,P004,S05,6,51000.0,0,0
2023-01-13,P004,S06,6,51000.0,0,0
2023-01-13,P005,S01,28,61600.0,0,0
2023-01-13,P005,S02,31,68200.0,0,0
2023-01-13,P005,S03,20,44000.0,0,0
2023-01-13,P005,S04,25,55000.0,0,0
2023-01-13,P005,S05,33,72600.0,0,0
2023-01-13,P005,S06,29,63800.0,0,0
2023-01-14,P001,S01,44,165400.43,1,1
2023-01-14,P001,S02,52,201696.87,1,1
2023-01-14,P001,S03,34,135393.11,1,1
2023-01-14,P001,S04,28,126000.0,0,1
2023-01-14,P001,S05,26,117000.0,0,1
2023-01-14,P001,S06,21,94500.0,0,1
2023-01-14,P002,S01,116,107936.77,1,1
2023-01-14,P002,S02,80,96000.0,0,1
2023-01-14,P002,S03,66,79200.0,0,1
2023-01-14,P002,S04,58,69600.0,0,1
2023-01-14,P002,S05,71,85200.0,0,1
2023-01-14,P002,S06,53,63600.0,0,1
2023-01-14,P003,S01,617,168670.47,1,1
2023-01-14,P003,S02,318,111300.0,0,1
2023-01-14,P003,S03,225,78750.0,0,1
2023-01-14,P003,S04,390,108301.13,1,1
2023-01-14,P003,S05,221,77350.0,0,1
2023-01-14,P003,S06,227,79450.0,0,1
2023-01-14,P004,S01,16,95674.69,1,1
2023-01-14,P004,S02,10,85000.0,0,1
2023-01-14,P004,S03,20,151507.4,1,1
2023-01-14,P004,S04,13,90586.37,1,1
2023-01-14,P004,S05,14,119000.0,0,1
2023-01-14,P004,S06,19,113446.83,1,1
2023-01-14,P005,S01,50,110000.0,0,1
2023-01-14,P005,S02,51,112200.0,0,1
2023-01-14,P005,S03,51,112200.0,0,1
2023-01-14,P005,S04,70,117420.7,1,1
2023-01-14,P005,S05,48,105600.0,0,1
2023-01-14,P005,S06,33,72600.0,0,1
2023-01-15,P001,S01,24,108000.0,0,0
2023-01-15,P001,S02,34,135727.08,1,0
2023-01-15,P001,S03,34,117963.04,1,0
2023-01-15,P001,S04,18,81000.0,0,0
2023-01-15,P001,S05,31,120925.41,1,0
2023-01-15,P001,S06,19,85500.0,0,0
2023-01-15,P002,S01,57,68400.0,0,0
2023-01-15,P002,S02,61,73200.0,0,0
2023-01-15,P002,S03,40,48000.0,0,0
2023-01-15,P002,S04,50,60000.0,0,0
2023-01-15,P002,S05,52,62400.0,0,0
2023-01-15,P002,S06,41,49200.0,0,0
2023-01-15,P003,S01,313,77393.08,1,0
2023-01-15,P003,S02,181,63350.0,0,0
2023-01-15,P003,S03,356,112198.04,1,0
2023-01-15,P003,S04,218,76300.0,0,0
2023-01-15,P003,S05,170,59500.0,0,0
2023-01-15,P003,S06,243,65544.84,1,0
2023-01-15,P004,S01,11,93500.0,0,0
2023-01-15,P004,S02,10,85000.0,0,0
2023-01-15,P004,S03,10,85000.0,0,0
2023-01-15,P004,S04,7,59500.0,0,0
2023-01-15,P004,S05,12,73316.54,1,0
2023-01-15,P004,S06,8,68000.0,0,0
2023-01-15,P005,S01,37,81400.0,0,0
2023-01-15,P005,S02,43,94600.0,0,0
2023-01-15,P005,S03,31,68200.0,0,0
2023-01-15,P005,S04,48,88556.46,1,0
2023-01-15,P005,S05,40,88000.0,0,0
2023-01-15,P005,S06,27,59400.0,0,0
2023-01-16,P001,S01,22,99000.0,0,0
2023-01-16,P001,S02,17,76500.0,0,0
2023-01-16,P001,S03,17,76500.0,0,0
2023-01-16,P001,S04,14,63000.0,0,0
2023-01-16,P001,S05,16,72000.0,0,0
2023-01-16,P001,S06,15,67500.0,0,0
2023-01-16,P002,S01,52,62400.0,0,0
2023-01-16,P002,S02,44,52800.0,0,0
2023-01-16,P002,S03,43,51600.0,0,0
2023-01-16,P002,S04,30,36000.0,0,0
2023-01-16,P002,S05,39,46800.0,0,0
2023-01-16,P002,S06,37,44400.0,0,0
2023-01-16,P003,S01,179,62650.0,0,0
2023-01-16,P003,S02,172,60200.0,0,0
2023-01-16,P003,S03,157,54950.0,0,0
2023-01-16,P003,S04,208,66455.74,1,0
2023-01-16,P003,S05,222,64515.68,1,0
2023-01-16,P003,S06,109,38150.0,0,0
2023-01-16,P004,S01,10,85000.0,0,0
2023-01-16,P004,S02,9,76500.0,0,0
2023-01-16,P004,S03,8,68000.0,0,0
2023-01-16,P004,S04,7,59500.0,0,0
2023-01-16,P004,S05,6,51000.0,0,0
2023-01-16,P004,S06,6,51000.0,0,0
2023-01-16,P005,S01,54,110176.06,1,0
2023-01-16,P005,S02,29,63800.0,0,0
2023-01-16,P005,S03,27,59400.0,0,0
2023-01-16,P005,S04,20,44000.0,0,0
2023-01-16,P005,S05,25,55000.0,0,0
2023-01-16,P005,S06,24,52800.0,0,0
2023-01-17,P001,S01,20,90000.0,0,0
2023-01-17,P001,S02,28,110780.92,1,0
2023-01-17,P001,S03,28,92185.45,1,0
2023-01-17,P001,S04,14,63000.0,0,0
2023-01-17,P001,S05,17,76500.0,0,0
2023-01-17,P001,S06,13,58500.0,0,0
2023-01-17,P002,S01,53,63600.0,0,0
2023-01-17,P002,S02,54,64800.0,0,0
2023-01-17,P002,S03,59,58337.39,1,0
2023-01-17,P002,S04,37,44400.0,0,0
2023-01-17,P002,S05,33,39600.0,0,0
2023-01-17,P002,S06,41,49200.0,0,0
2023-01-17,P003,S01,219,76650.0,0,0
2023-01-17,P003,S02,286,72603.29,1,0
2023-01-17,P003,S03,160,56000.0,0,0
2023-01-17,P003,S04,156,54600.0,0,0
2023-01-17,P003,S05,157,54950.0,0,0
2023-01-17,P003,S06,121,42350.0,0,0
2023-01-17,P004,S01,9,76500.0,0,0
2023-01-17,P004,S02,8,68000.0,0,0
2023-01-17,P004,S03,7,59500.0,0,0
2023-01-17,P004,S04,7,59500.0,0,0
2023-01-17,P004,S05,6,51000.0,0,0
2023-01-17,P004,S06,7,59500.0,0,0
2023-01-17,P005,S01,32,70400.0,0,0
2023-01-17,P005,S02,27,59400.0,0,0
2023-01-17,P005,S03,33,72600.0,0,0
2023-01-17,P005,S04,34,68784.05,1,0
2023-01-17,P005,S05,27,59400.0,0,0
2023-01-17,P005,S06,34,68485.34,1,0
2023-01-18,P001,S01,21,94500.0,0,0
2023-01-18,P001,S02,29,98212.08,1,0
2023-01-18,P001,S03,16,72000.0,0,0
2023-01-18,P001,S04,14,63000.0,0,0
2023-01-18,P001,S05,15,67500.0,0,0
2023-01-18,P001,S06,15,67500.0,0,0
2023-01-18,P002,S01,39,46800.0,0,0
2023-01-18,P002,S02,54,64800.0,0,0
2023-01-18,P002,S03,41,49200.0,0,0
2023-01-18,P002,S04,42,50400.0,0,0
2023-01-18,P002,S05,60,67952.5,1,0
2023-01-18,P002,S06,44,52800.0,0,0
2023-01-18,P003,S01,322,86224.45,1,0
2023-01-18,P003,S02,216,75600.0,0,0
2023-01-18,P003,S03,183,64050.0,0,0
2023-01-18,P003,S04,114,39900.0,0,0
2023-01-18,P003,S05,158,55300.0,0,0
2023-01-18,P003,S06,98,34300.0,0,0
2023-01-18,P004,S01,11,93500.0,0,0
2023-01-18,P004,S02,8,68000.0,0,0
2023-01-18,P004,S03,11,77364.08,1,0
2023-01-18,P004,S04,7,59500.0,0,0
2023-01-18,P004,S05,8,68000.0,0,0
2023-01-18,P004,S06,6,51000.0,0,0
2023-01-18,P005,S01,50,87899.72,1,0
2023-01-18,P005,S02,33,72600.0,0,0
2023-01-18,P005,S03,24,52800.0,0,0
2023-01-18,P005,S04,24,52800.0,0,0
2023-01-18,P005,S05,27,59400.0,0,0
2023-01-18,P005,S06,43,79410.03,1,0
2023-01-19,P001,S01,16,72000.0,0,0
2023-01-19,P001,S02,25,79284.43,1,0
2023-01-19,P001,S03,27,105908.65,1,0
2023-01-19,P001,S04,17,76500.0,0,0
2023-01-19,P001,S05,14,63000.0,0,0
2023-01-19,P001,S06,15,67500.0,0,0
2023-01-19,P002,S01,82,80725.94,1,0
2023-01-19,P002,S02,46,55200.0,0,0
2023-01-19,P002,S03,62,58057.07,1,0
2023-01-19,P002,S04,40,48000.0,0,0
2023-01-19,P002,S05,39,46800.0,0,0
2023-01-19,P002,S06,34,40800.0,0,0
2023-01-19,P003,S01,194,67900.0,0,0
2023-01-19,P003,S02,179,62650.0,0,0
2023-01-19,P003,S03,187,65450.0,0,0
2023-01-19,P003,S04,148,51800.0,0,0
2023-01-19,P003,S05,128,44800.0,0,0
2023-01-19,P003,S06,157,54950.0,0,0
2023-01-19,P004,S01,8,68000.0,0,0
2023-01-19,P004,S02,9,76500.0,0,0
2023-01-19,P004,S03,8,68000.0,0,0
2023-01-19,P004,S04,6,51000.0,0,0
2023-01-19,P004,S05,13,90516.55,1,0
2023-01-19,P004,S06,5,42500.0,0,0
2023-01-19,P005,S01,32,70400.0,0,0
2023-01-19,P005,S02,30,66000.0,0,0
2023-01-19,P005,S03,23,50600.0,0,0
2023-01-19,P005,S04,26,57200.0,0,0
2023-01-19,P005,S05,20,44000.0,0,0
2023-01-19,P005,S06,24,52800.0,0,0
2023-01-20,P001,S01,19,85500.0,0,0
2023-01-20,P001,S02,21,94500.0,0,0
2023-01-20,P001,S03,17,76500.0,0,0
2023-01-20,P001,S04,17,76500.0,0,0
2023-01-20,P001,S05,22,81041.59,1,0
2023-01-20,P001,S06,22,76042.39,1,0
2023-01-20,P002,S01,47,56400.0,0,0
2023-01-20,P002,S02,49,58800.0,0,0
2023-01-20,P002,S03,72,68267.47,1,0
2023-01-20,P002,S04,42,50400.0,0,0
2023-01-20,P002,S05,41,49200.0,0,0
2023-01-20,P002,S06,34,40800.0,0,0
2023-01-20,P003,S01,228,79800.0,0,0
2023-01-20,P003,S02,203,71050.0,0,0
2023-01-20,P003,S03,206,66763.04,1,0
2023-01-20,P003,S04,142,49700.0,0,0
2023-01-20,P003,S05,216,75600.0,0,0
2023-01-20,P003,S06,159,55650.0,0,0
2023-01-20,P004,S01,13,82249.94,1,0
2023-01-20,P004,S02,8,68000.0,0,0
2023-01-20,P004,S03,9,76500.0,0,0
2023-01-20,P004,S04,7,59500.0,0,0
2023-01-20,P004,S05,8,68000.0,0,0
2023-01-20,P004,S06,5,42500.0,0,0
2023-01-20,P005,S01,35,77000.0,0,0
2023-01-20,P005,S02,36,79200.0,0,0
2023-01-20,P005,S03,26,57200.0,0,0
2023-01-20,P005,S04,23,50600.0,0,0
2023-01-20,P005,S05,25,55000.0,0,0
2023-01-20,P005,S06,18,39600.0,0,0
2023-01-21,P001,S01,21,94500.0,0,0
2023-01-21,P001,S02,20,90000.0,0,0
2023-01-21,P001,S03,28,97632.37,1,0
2023-01-21,P001,S04,32,104545.22,1,0
2023-01-21,P001,S05,17,76500.0,0,0
2023-01-21,P001,S06,15,67500.0,0,0
2023-01-21,P002,S01,65,78000.0,0,0
2023-01-21,P002,S02,44,52800.0,0,0
2023-01-21,P002,S03,50,60000.0,0,0
2023-01-21,P002,S04,68,61691.01,1,0
2023-01-21,P002,S05,44,52800.0,0,0
2023-01-21,P002,S06,74,79168.29,1,0
2023-01-21,P003,S01,228,79800.0,0,0
2023-01-21,P003,S02,327,97526.96,1,0
2023-01-21,P003,S03,362,118254.12,1,0
2023-01-21,P003,S04,153,53550.0,0,0
2023-01-21,P003,S05,284,73066.08,1,0
2023-01-21,P003,S06,163,57050.0,0,0
2023-01-21,P004,S01,9,76500.0,0,0
2023-01-21,P004,S02,14,89858.47,1,0
2023-01-21,P004,S03,13,92658.35,1,0
2023-01-21,P004,S04,9,76500.0,0,0
2023-01-21,P004,S05,10,85000.0,0,0
2023-01-21,P004,S06,6,51000.0,0,0
2023-01-21,P005,S01,34,74800.0,0,0
2023-01-21,P005,S02,30,66000.0,0,0
2023-01-21,P005,S03,31,68200.0,0,0
2023-01-21,P005,S04,54,100613.18,1,0
2023-01-21,P005,S05,29,63800.0,0,0
2023-01-21,P005,S06,24,52800.0,0,0
2023-01-22,P001,S01,20,90000.0,0,0
2023-01-22,P001,S02,18,81000.0,0,0
2023-01-22,P001,S03,20,90000.0,0,0
2023-01-22,P001,S04,20,90000.0,0,0
2023-01-22,P001,S05,15,67500.0,0,0
2023-01-22,P001,S06,15,67500.0,0,0
2023-01-22,P002,S01,57,68400.0,0,0
2023-01-22,P002,S02,51,61200.0,0,0
2023-01-22,P002,S03,57,68400.0,0,0
2023-01-22,P002,S04,52,62400.0,0,0
2023-01-22,P002,S05,49,58800.0,0,0
2023-01-22,P002,S06,57,62491.29,1,0
2023-01-22,P003,S01,186,65100.0,0,0
2023-01-22,P003,S02,177,61950.0,0,0
2023-01-22,P003,S03,310,101129.37,1,0
2023-01-22,P003,S04,326,89483.73,1,0
2023-01-22,P003,S05,163,57050.0,0,0
2023-01-22,P003,S06,135,47250.0,0,0
2023-01-22,P004,S01,13,110500.0,0,0
2023-01-22,P004,S02,14,88900.64,1,0
2023-01-22,P004,S03,11,93500.0,0,0
2023-01-22,P004,S04,13,82756.3,1,0
2023-01-22,P004,S05,9,76500.0,0,0
2023-01-22,P004,S06,7,59500.0,0,0
2023-01-22,P005,S01,48,105600.0,0,0
2023-01-22,P005,S02,39,85800.0,0,0
2023-01-22,P005,S03,27,59400.0,0,0
2023-01-22,P005,S04,32,70400.0,0,0
2023-01-22,P005,S05,33,67645.17,1,0
2023-01-22,P005,S06,42,78423.9,1,0
2023-01-23,P001,S01,19,85500.0,0,0
2023-01-23,P001,S02,18,81000.0,0,0
2023-01-23,P001,S03,18,81000.0,0,0
2023-01-23,P001,S04,14,63000.0,0,0
2023-01-23,P001,S05,19,85500.0,0,0
2023-01-23,P001,S06,15,67500.0,0,0
2023-01-23,P002,S01,56,67200.0,0,0
2023-01-23,P002,S02,76,77468.05,1,0
2023-01-23,P002,S03,53,63600.0,0,0
2023-01-23,P002,S04,53,48631.94,1,0
2023-01-23,P002,S05,43,51600.0,0,0
2023-01-23,P002,S06,60,57337.49,1,0
2023-01-23,P003,S01,221,77350.0,0,0
2023-01-23,P003,S02,179,62650.0,0,0
2023-01-23,P003,S03,193,67550.0,0,0
2023-01-23,P003,S04,152,53200.0,0,0
2023-01-23,P003,S05,135,47250.0,0,0
2023-01-23,P003,S06,161,56350.0,0,0
2023-01-23,P004,S01,7,59500.0,0,0
2023-01-23,P004,S02,12,71505.84,1,0
2023-01-23,P004,S03,15,96028.87,1,0
2023-01-23,P004,S04,7,59500.0,0,0
2023-01-23,P004,S05,7,59500.0,0,0
2023-01-23,P004,S06,6,51000.0,0,0
2023-01-23,P005,S01,30,66000.0,0,0
2023-01-23,P005,S02,49,86255.29,1,0
2023-01-23,P005,S03,24,52800.0,0,0
2023-01-23,P005,S04,26,57200.0,0,0
2023-01-23,P005,S05,29,63800.0,0,0
2023-01-23,P005,S06,31,53087.34,1,0
2023-01-24,P001,S01,20,90000.0,0,0
2023-01-24,P001,S02,17,76500.0,0,0
2023-01-24,P001,S03,18,81000.0,0,0
2023-01-24,P001,S04,16,72000.0,0,0
2023-01-24,P001,S05,14,63000.0,0,0
2023-01-24,P001,S06,15,67500.0,0,0
2023-01-24,P002,S01,49,58800.0,0,0
2023-01-24,P002,S02,51,61200.0,0,0
2023-01-24,P002,S03,46,55200.0,0,0
2023-01-24,P002,S04,51,46729.15,1,0
2023-01-24,P002,S05,60,63808.45,1,0
2023-01-24,P002,S06,37,44400.0,0,0
2023-01-24,P003,S01,195,68250.0,0,0
2023-01-24,P003,S02,192,67200.0,0,0
2023-01-24,P003,S03,192,67200.0,0,0
2023-01-24,P003,S04,152,53200.0,0,0
2023-01-24,P003,S05,189,66150.0,0,0
2023-01-24,P003,S06,142,49700.0,0,0
2023-01-24,P004,S01,13,101342.49,1,0
2023-01-24,P004,S02,13,85236.3,1,0
2023-01-24,P004,S03,7,59500.0,0,0
2023-01-24,P004,S04,11,81688.47,1,0
2023-01-24,P004,S05,6,51000.0,0,0
2023-01-24,P004,S06,8,54204.28,1,0
2023-01-24,P005,S01,35,77000.0,0,0
2023-01-24,P005,S02,37,81400.0,0,0
2023-01-24,P005,S03,30,66000.0,0,0
2023-01-24,P005,S04,25,55000.0,0,0
2023-01-24,P005,S05,29,63800.0,0,0
2023-01-24,P005,S06,26,57200.0,0,0
2023-01-25,P001,S01,22,99000.0,0,0
2023-01-25,P001,S02,27,100210.75,1,0
2023-01-25,P001,S03,21,67758.51,1,0
2023-01-25,P001,S04,14,63000.0,0,0
2023-01-25,P001,S05,14,63000.0,0,0
2023-01-25,P001,S06,13,58500.0,0,0
2023-01-25,P002,S01,51,61200.0,0,0
2023-01-25,P002,S02,50,60000.0,0,0
2023-01-25,P002,S03,35,42000.0,0,0
2023-01-25,P002,S04,33,39600.0,0,0
2023-01-25,P002,S05,58,51428.02,1,0
2023-01-25,P002,S06,55,53162.53,1,0
2023-01-25,P003,S01,265,81455.11,1,0
2023-01-25,P003,S02,161,56350.0,0,0
2023-01-25,P003,S03,176,61600.0,0,0
2023-01-25,P003,S04,207,66957.84,1,0
2023-01-25,P003,S05,277,84649.6,1,0
2023-01-25,P003,S06,139,48650.0,0,0
2023-01-25,P004,S01,10,85000.0,0,0
2023-01-25,P004,S02,10,85000.0,0,0
2023-01-25,P004,S03,7,59500.0,0,0
2023-01-25,P004,S04,8,68000.0,0,0
2023-01-25,P004,S05,9,67735.24,1,0
2023-01-25,P004,S06,6,51000.0,0,0
2023-01-25,P005,S01,32,70400.0,0,0
2023-01-25,P005,S02,55,94083.17,1,0
2023-01-25,P005,S03,29,63800.0,0,0
2023-01-25,P005,S04,28,61600.0,0,0
2023-01-25,P005,S05,36,67146.13,1,0
2023-01-25,P005,S06,21,46200.0,0,0
2023-01-26,P001,S01,43,141519.38,1,1
2023-01-26,P001,S02,30,135000.0,0,1
2023-01-26,P001,S03,22,99000.0,0,1
2023-01-26,P001,S04,36,124372.05,1,1
2023-01-26,P001,S05,22,99000.0,0,1
2023-01-26,P001,S06,20,90000.0,0,1
2023-01-26,P002,S01,122,128374.05,1,1
2023-01-26,P002,S02,121,119574.97,1,1
2023-01-26,P002,S03,61,73200.0,0,1
2023-01-26,P002,S04,62,74400.0,0,1
2023-01-26,P002,S05,58,69600.0,0,1
2023-01-26,P002,S06,55,66000.0,0,1
2023-01-26,P003,S01,289,101150.0,0,1
2023-01-26,P003,S02,231,80850.0,0,1
2023-01-26,P003,S03,268,93800.0,0,1
2023-01-26,P003,S04,206,72100.0,0,1
2023-01-26,P003,S05,344,113740.12,1,1
2023-01-26,P003,S06,290,75244.52,1,1
2023-01-26,P004,S01,14,119000.0,0,1
2023-01-26,P004,S02,15,117011.45,1,1
2023-01-26,P004,S03,19,151026.39,1,1
2023-01-26,P004,S04,12,102000.0,0,1
2023-01-26,P004,S05,9,76500.0,0,1
2023-01-26,P004,S06,9,76500.0,0,1
2023-01-26,P005,S01,49,107800.0,0,1
2023-01-26,P005,S02,63,106707.89,1,1
2023-01-26,P005,S03,38,83600.0,0,1
2023-01-26,P005,S04,58,99807.3,1,1
2023-01-26,P005,S05,65,121222.5,1,1
2023-01-26,P005,S06,45,69632.08,1,1
2023-01-27,P001,S01,20,90000.0,0,0
2023-01-27,P001,S02,31,120727.31,1,0
2023-01-27,P001,S03,16,72000.0,0,0
2023-01-27,P001,S04,15,67500.0,0,0
2023-01-27,P001,S05,13,58500.0,0,0
2023-01-27,P001,S06,13,58500.0,0,0
2023-01-27,P002,S01,50,60000.0,0,0
2023-01-27,P002,S02,65,55923.89,1,0
2023-01-27,P002,S03,44,52800.0,0,0
2023-01-27,P002,S04,34,40800.0,0,0
2023-01-27,P002,S05,41,49200.0,0,0
2023-01-27,P002,S06,37,44400.0,0,0
2023-01-27,P003,S01,215,75250.0,0,0
2023-01-27,P003,S02,183,64050.0,0,0
2023-01-27,P003,S03,344,93695.26,1,0
2023-01-27,P003,S04,167,58450.0,0,0
2023-01-27,P003,S05,279,82396.22,1,0
2023-01-27,P003,S06,158,55300.0,0,0
2023-01-27,P004,S01,9,76500.0,0,0
2023-01-27,P004,S02,8,68000.0,0,0
2023-01-27,P004,S03,10,85000.0,0,0
2023-01-27,P004,S04,7,59500.0,0,0
2023-01-27,P004,S05,7,59500.0,0,0
2023-01-27,P004,S06,5,42500.0,0,0
2023-01-27,P005,S01,42,92400.0,0,0
2023-01-27,P005,S02,50,97470.21,1,0
2023-01-27,P005,S03,27,59400.0,0,0
2023-01-27,P005,S04,24,52800.0,0,0
2023-01-27,P005,S05,27,59400.0,0,0
2023-01-27,P005,S06,20,44000.0,0,0
2023-01-28,P001,S01,22,99000.0,0,0
2023-01-28,P001,S02,19,85500.0,0,0
2023-01-28,P001,S03,35,148043.08,1,0
2023-01-28,P001,S04,31,124237.03,1,0
2023-01-28,P001,S05,18,81000.0,0,0
2023-01-28,P001,S06,31,108819.82,1,0
2023-01-28,P002,S01,46,55200.0,0,0
2023-01-28,P002,S02,58,69600.0,0,0
2023-01-28,P002,S03,57,68400.0,0,0
2023-01-28,P002,S04,42,50400.0,0,0
2023-01-28,P002,S05,53,63600.0,0,0
2023-01-28,P002,S06,42,50400.0,0,0
2023-01-28,P003,S01,219,76650.0,0,0
2023-01-28,P003,S02,410,122925.76,1,0
2023-01-28,P003,S03,227,79450.0,0,0
2023-01-28,P003,S04,299,75377.38,1,0
2023-01-28,P003,S05,174,60900.0,0,0
2023-01-28,P003,S06,142,49700.0,0,0
2023-01-28,P004,S01,17,129571.34,1,0
2023-01-28,P004,S02,10,85000.0,0,0
2023-01-28,P004,S03,8,68000.0,0,0
2023-01-28,P004,S04,11,71871.68,1,0
2023-01-28,P004,S05,14,106322.87,1,0
2023-01-28,P004,S06,7,59500.0,0,0
2023-01-28,P005,S01,40,88000.0,0,0
2023-01-28,P005,S02,32,70400.0,0,0
2023-01-28,P005,S03,38,83600.0,0,0
2023-01-28,P005,S04,48,88391.21,1,0
2023-01-28,P005,S05,32,70400.0,0,0
2023-01-28,P005,S06,30,66000.0,0,0
2023-01-29,P001,S01,26,117000.0,0,0
2023-01-29,P001,S02,34,127773.17,1,0
2023-01-29,P001,S03,20,90000.0,0,0
2023-01-29,P001,S04,18,81000.0,0,0
2023-01-29,P001,S05,18,81000.0,0,0
2023-01-29,P001,S06,25,84591.25,1,0
2023-01-29,P002,S01,96,97100.77,1,0
2023-01-29,P002,S02,52,62400.0,0,0
2023-01-29,P002,S03,97,89803.74,1,0
2023-01-29,P002,S04,78,70348.27,1,0
2023-01-29,P002,S05,36,43200.0,0,0
2023-01-29,P002,S06,36,43200.0,0,0
2023-01-29,P003,S01,416,123729.51,1,0
2023-01-29,P003,S02,257,64762.6,1,0
2023-01-29,P003,S03,187,65450.0,0,0
2023-01-29,P003,S04,161,56350.0,0,0
2023-01-29,P003,S05,196,68600.0,0,0
2023-01-29,P003,S06,168,58800.0,0,0
2023-01-29,P004,S01,11,93500.0,0,0
2023-01-29,P004,S02,10,85000.0,0,0
2023-01-29,P004,S03,8,68000.0,0,0
2023-01-29,P004,S04,14,94563.04,1,0
2023-01-29,P004,S05,8,68000.0,0,0
2023-01-29,P004,S06,11,78123.85,1,0
2023-01-29,P005,S01,66,105323.04,1,0
2023-01-29,P005,S02,32,70400.0,0,0
2023-01-29,P005,S03,37,81400.0,0,0
2023-01-29,P005,S04,39,76273.24,1,0
2023-01-29,P005,S05,33,72600.0,0,0
2023-01-29,P005,S06,39,61998.93,1,0
2023-01-30,P001,S01,19,85500.0,0,0
2023-01-30,P001,S02,15,67500.0,0,0
2023-01-30,P001,S03,16,72000.0,0,0
2023-01-30,P001,S04,15,67500.0,0,0
2023-01-30,P001,S05,27,87307.73,1,0
2023-01-30,P001,S06,14,63000.0,0,0
2023-01-30,P002,S01,52,62400.0,0,0
2023-01-30,P002,S02,58,69600.0,0,0
2023-01-30,P002,S03,64,55522.93,1,0
2023-01-30,P002,S04,36,43200.0,0,0
2023-01-30,P002,S05,43,51600.0,0,0
2023-01-30,P002,S06,38,45600.0,0,0
2023-01-30,P003,S01,245,85750.0,0,0
2023-01-30,P003,S02,268,69040.77,1,0
2023-01-30,P003,S03,238,64591.95,1,0
2023-01-30,P003,S04,254,76589.11,1,0
2023-01-30,P003,S05,161,56350.0,0,0
2023-01-30,P003,S06,148,51800.0,0,0
2023-01-30,P004,S01,8,68000.0,0,0
2023-01-30,P004,S02,9,76500.0,0,0
2023-01-30,P004,S03,9,76500.0,0,0
2023-01-30,P004,S04,7,59500.0,0,0
2023-01-30,P004,S05,7,59500.0,0,0
2023-01-30,P004,S06,7,59500.0,0,0
2023-01-30,P005,S01,50,96956.73,1,0
2023-01-30,P005,S02,28,61600.0,0,0
2023-01-30,P005,S03,32,70400.0,0,0
2023-01-30,P005,S04,32,49780.28,1,0
2023-01-30,P005,S05,27,59400.0,0,0
2023-01-30,P005,S06,20,44000.0,0,0
2023-01-31,P001,S01,20,90000.0,0,0
2023-01-31,P001,S02,23,103500.0,0,0
2023-01-31,P001,S03,16,72000.0,0,0
2023-01-31,P001,S04,13,58500.0,0,0
2023-01-31,P001,S05,16,72000.0,0,0
2023-01-31,P001,S06,15,67500.0,0,0
2023-01-31,P002,S01,49,58800.0,0,0
2023-01-31,P002,S02,42,50400.0,0,0
2023-01-31,P002,S03,52,62400.0,0,0
2023-01-31,P002,S04,34,40800.0,0,0
2023-01-31,P002,S05,39,46800.0,0,0
2023-01-31,P002,S06,31,37200.0,0,0
2023-01-31,P003,S01,181,63350.0,0,0
2023-01-31,P003,S02,158,55300.0,0,0
2023-01-31,P003,S03,157,54950.0,0,0
2023-01-31,P003,S04,147,51450.0,0,0
2023-01-31,P003,S05,196,68600.0,0,0
2023-01-31,P003,S06,134,46900.0,0,0
2023-01-31,P004,S01,6,51000.0,0,0
2023-01-31,P004,S02,9,76500.0,0,0
2023-01-31,P004,S03,7,59500.0,0,0
2023-01-31,P004,S04,10,62763.16,1,0
2023-01-31,P004,S05,8,68000.0,0,0
2023-01-31,P004,S06,6,51000.0,0,0
2023-01-31,P005,S01,31,68200.0,0,0
2023-01-31,P005,S02,29,63800.0,0,0
2023-01-31,P005,S03,33,72600.0,0,0
2023-01-31,P005,S04,24,52800.0,0,0
2023-01-31,P005,S05,24,52800.0,0,0
2023-01-31,P005,S06,25,55000.0,0,0
2023-02-01,P001,S01,25,112500.0,0,0
2023-02-01,P001,S02,22,99000.0,0,0
2023-02-01,P001,S03,15,67500.0,0,0
2023-02-01,P001,S04,16,72000.0,0,0
2023-02-01,P001,S05,20,90000.0,0,0
2023-02-01,P001,S06,20,90000.0,0,0
2023-02-01,P002,S01,42,50400.0,0,0
2023-02-01,P002,S02,51,61200.0,0,0
2023-02-01,P002,S03,69,77112.41,1,0
2023-02-01,P002,S04,52,62400.0,0,0
2023-02-01,P002,S05,40,48000.0,0,0
2023-02-01,P002,S06,40,48000.0,0,0
2023-02-01,P003,S01,201,70350.0,0,0
2023-02-01,P003,S02,212,74200.0,0,0
2023-02-01,P003,S03,292,92425.02,1,0
2023-02-01,P003,S04,293,77469.03,1,0
2023-02-01,P003,S05,175,61250.0,0,0
2023-02-01,P003,S06,126,44100.0,0,0
2023-02-01,P004,S01,10,85000.0,0,0
2023-02-01,P004,S02,10,85000.0,0,0
2023-02-01,P004,S03,9,76500.0,0,0
2023-02-01,P004,S04,7,59500.0,0,0
2023-02-01,P004,S05,9,76500.0,0,0
2023-02-01,P004,S06,7,59500.0,0,0
2023-02-01,P005,S01,50,110000.0,0,0
2023-02-01,P005,S02,51,97335.08,1,0
2023-02-01,P005,S03,36,79200.0,0,0
2023-02-01,P005,S04,28,61600.0,0,0
2023-02-01,P005,S05,29,63800.0,0,0
2023-02-01,P005,S06,30,66000.0,0,0
2023-02-02,P001,S01,21,94500.0,0,0
2023-02-02,P001,S02,33,124399.31,1,0
2023-02-02,P001,S03,24,108000.0,0,0
2023-02-02,P001,S04,20,90000.0,0,0
2023-02-02,P001,S05,17,76500.0,0,0
2023-02-02,P001,S06,15,67500.0,0,0
2023-02-02,P002,S01,73,87600.0,0,0
2023-02-02,P002,S02,50,60000.0,0,0
2023-02-02,P002,S03,78,80316.07,1,0
2023-02-02,P002,S04,60,63796.29,1,0
2023-02-02,P002,S05,50,60000.0,0,0
2023-02-02,P002,S06,52,57938.51,1,0
2023-02-02,P003,S01,208,72800.0,0,0
2023-02-02,P003,S02,206,72100.0,0,0
2023-02-02,P003,S03,202,70700.0,0,0
2023-02-02,P003,S04,177,61950.0,0,0
2023-02-02,P003,S05,158,55300.0,0,0
2023-02-02,P003,S06,162,56700.0,0,0
2023-02-02,P004,S01,11,93500.0,0,0
2023-02-02,P004,S02,8,68000.0,0,0
2023-02-02,P004,S03,9,76500.0,0,0
2023-02-02,P004,S04,7,59500.0,0,0
2023-02-02,P004,S05,9,76500.0,0,0
2023-02-02,P004,S06,7,59500.0,0,0
2023-02-02,P005,S01,58,91763.39,1,0
2023-02-02,P005,S02,39,85800.0,0,0
2023-02-02,P005,S03,31,68200.0,0,0
2023-02-02,P005,S04,30,66000.0,0,0
2023-02-02,P005,S05,38,66449.69,1,0
2023-02-02,P005,S06,30,66000.0,0,0
2023-02-03,P001,S01,23,103500.0,0,0
2023-02-03,P001,S02,26,117000.0,0,0
2023-02-03,P001,S03,18,81000.0,0,0
2023-02-03,P001,S04,20,90000.0,0,0
2023-02-03,P001,S05,22,99000.0,0,0
2023-02-03,P001,S06,17,76500.0,0,0
2023-02-03,P002,S01,52,62400.0,0,0
2023-02-03,P002,S02,59,70800.0,0,0
2023-02-03,P002,S03,88,86093.08,1,0
2023-02-03,P002,S04,79,77296.67,1,0
2023-02-03,P002,S05,46,55200.0,0,0
2023-02-03,P002,S06,48,57600.0,0,0
2023-02-03,P003,S01,229,80150.0,0,0
2023-02-03,P003,S02,231,80850.0,0,0
2023-02-03,P003,S03,171,59850.0,0,0
2023-02-03,P003,S04,182,63700.0,0,0
2023-02-03,P003,S05,191,66850.0,0,0
2023-02-03,P003,S06,168,58800.0,0,0
2023-02-03,P004,S01,10,85000.0,0,0
2023-02-03,P004,S02,11,93500.0,0,0
2023-02-03,P004,S03,10,85000.0,0,0
2023-02-03,P004,S04,14,101439.31,1,0
2023-02-03,P004,S05,10,85000.0,0,0
2023-02-03,P004,S06,7,59500.0,0,0
2023-02-03,P005,S01,57,97360.33,1,0
2023-02-03,P005,S02,30,66000.0,0,0
2023-02-03,P005,S03,38,83600.0,0,0
2023-02-03,P005,S04,26,57200.0,0,0
2023-02-03,P005,S05,26,57200.0,0,0
2023-02-03,P005,S06,27,59400.0,0,0
2023-02-04,P001,S01,39,147178.14,1,0
2023-02-04,P001,S02,21,94500.0,0,0
2023-02-04,P001,S03,35,116489.37,1,0
2023-02-04,P001,S04,33,123044.25,1,0
2023-02-04,P001,S05,32,103680.83,1,0
2023-02-04,P001,S06,24,78805.8,1,0
2023-02-04,P002,S01,57,68400.0,0,0
2023-02-04,P002,S02,78,68381.97,1,0
2023-02-04,P002,S03,88,99465.22,1,0
2023-02-04,P002,S04,52,62400.0,0,0
2023-02-04,P002,S05,53,63600.0,0,0
2023-02-04,P002,S06,48,57600.0,0,0
2023-02-04,P003,S01,244,85400.0,0,0
2023-02-04,P003,S02,507,142984.03,1,0
2023-02-04,P003,S03,258,90300.0,0,0
2023-02-04,P003,S04,183,64050.0,0,0
2023-02-04,P003,S05,379,102682.96,1,0
2023-02-04,P003,S06,285,71187.5,1,0
2023-02-04,P004,S01,14,119000.0,0,0
2023-02-04,P004,S02,18,122164.18,1,0
2023-02-04,P004,S03,12,102000.0,0,0
2023-02-04,P004,S04,11,78165.55,1,0
2023-02-04,P004,S05,18,109847.51,1,0
2023-02-04,P004,S06,7,59500.0,0,0
2023-02-04,P005,S01,43,94600.0,0,0
2023-02-04,P005,S02,45,99000.0,0,0
2023-02-04,P005,S03,60,94410.82,1,0
2023-02-04,P005,S04,55,113360.46,1,0
2023-02-04,P005,S05,37,81400.0,0,0
2023-02-04,P005,S06,28,61600.0,0,0
2023-02-05,P001,S01,27,121500.0,0,0
2023-02-05,P001,S02,24,108000.0,0,0
2023-02-05,P001,S03,27,121500.0,0,0
2023-02-05,P001,S04,23,103500.0,0,0
2023-02-05,P001,S05,22,99000.0,0,0
2023-02-05,P001,S06,19,85500.0,0,0
2023-02-05,P002,S01,105,119253.45,1,0
2023-02-05,P002,S02,115,120542.58,1,0
2023-02-05,P002,S03,59,70800.0,0,0
2023-02-05,P002,S04,85,83358.94,1,0
2023-02-05,P002,S05,57,68400.0,0,0
2023-02-05,P002,S06,54,64800.0,0,0
2023-02-05,P003,S01,243,85050.0,0,0
2023-02-05,P003,S02,452,127608.65,1,0
2023-02-05,P003,S03,261,91350.0,0,0
2023-02-05,P003,S04,248,79161.59,1,0
2023-02-05,P003,S05,347,113840.22,1,0
2023-02-05,P003,S06,164,57400.0,0,0
2023-02-05,P004,S01,10,85000.0,0,0
2023-02-05,P004,S02,19,114406.32,1,0
2023-02-05,P004,S03,16,95469.07,1,0
2023-02-05,P004,S04,9,76500.0,0,0
2023-02-05,P004,S05,16,108462.6,1,0
2023-02-05,P004,S06,7,59500.0,0,0
2023-02-05,P005,S01,44,96800.0,0,0
2023-02-05,P005,S02,40,88000.0,0,0
2023-02-05,P005,S03,40,88000.0,0,0
2023-02-05,P005,S04,41,90200.0,0,0
2023-02-05,P005,S05,66,126885.94,1,0
2023-02-05,P005,S06,55,91886.7,1,0
2023-02-06,P001,S01,23,103500.0,0,0
2023-02-06,P001,S02,16,72000.0,0,0
2023-02-06,P001,S03,22,99000.0,0,0
2023-02-06,P001,S04,17,76500.0,0,0
2023-02-06,P001,S05,24,108000.0,0,0
2023-02-06,P001,S06,16,72000.0,0,0
2023-02-06,P002,S01,50,60000.0,0,0
2023-02-06,P002,S02,86,77381.71,1,0
2023-02-06,P002,S03,60,72000.0,0,0
2023-02-06,P002,S04,42,50400.0,0,0
2023-02-06,P002,S05,41,49200.0,0,0
2023-02-06,P002,S06,37,44400.0,0,0
2023-02-06,P003,S01,255,89250.0,0,0
2023-02-06,P003,S02,153,53550.0,0,0
2023-02-06,P003,S03,194,67900.0,0,0
2023-02-06,P003,S04,157,54950.0,0,0
2023-02-06,P003,S05,187,65450.0,0,0
2023-02-06,P003,S06,130,45500.0,0,0
2023-02-06,P004,S01,10,85000.0,0,0
2023-02-06,P004,S02,10,85000.0,0,0
2023-02-06,P004,S03,8,68000.0,0,0
2023-02-06,P004,S04,13,99297.62,1,0
2023-02-06,P004,S05,9,76500.0,0,0
2023-02-06,P004,S06,8,68000.0,0,0
2023-02-06,P005,S01,33,72600.0,0,0
2023-02-06,P005,S02,37,81400.0,0,0
2023-02-06,P005,S03,39,85800.0,0,0
2023-02-06,P005,S04,32,70400.0,0,0
2023-02-06,P005,S05,31,68200.0,0,0
2023-02-06,P005,S06,26,57200.0,0,0
2023-02-07,P001,S01,27,121500.0,0,0
2023-02-07,P001,S02,26,117000.0,0,0
2023-02-07,P001,S03,22,99000.0,0,0
2023-02-07,P001,S04,27,90283.05,1,0
2023-02-07,P001,S05,15,67500.0,0,0
2023-02-07,P001,S06,26,101796.03,1,0
2023-02-07,P002,S01,93,99993.47,1,0
2023-02-07,P002,S02,40,48000.0,0,0
2023-02-07,P002,S03,51,61200.0,0,0
2023-02-07,P002,S04,37,44400.0,0,0
2023-02-07,P002,S05,50,60000.0,0,0
2023-02-07,P002,S06,41,49200.0,0,0
2023-02-07,P003,S01,221,77350.0,0,0
2023-02-07,P003,S02,180,63000.0,0,0
2023-02-07,P003,S03,364,102816.38,1,0
2023-02-07,P003,S04,152,53200.0,0,0
2023-02-07,P003,S05,331,83043.08,1,0
2023-02-07,P003,S06,274,87213.38,1,0
2023-02-07,P004,S01,9,76500.0,0,0
2023-02-07,P004,S02,14,110809.51,1,0
2023-02-07,P004,S03,8,68000.0,0,0
2023-02-07,P004,S04,11,67766.66,1,0
2023-02-07,P004,S05,9,76500.0,0,0
2023-02-07,P004,S06,9,76500.0,0,0
2023-02-07,P005,S01,45,99000.0,0,0
2023-02-07,P005,S02,47,77359.58,1,0
2023-02-07,P005,S03,32,70400.0,0,0
2023-02-07,P005,S04,33,72600.0,0,0
2023-02-07,P005,S05,29,63800.0,0,0
2023-02-07,P005,S06,24,52800.0,0,0
2023-02-08,P001,S01,22,99000.0,0,0
2023-02-08,P001,S02,20,90000.0,0,0
2023-02-08,P001,S03,22,99000.0,0,0
2023-02-08,P001,S04,20,90000.0,0,0
2023-02-08,P001,S05,21,94500.0,0,0
2023-02-08,P001,S06,14,63000.0,0,0
2023-02-08,P002,S01,102,114886.95,1,0
2023-02-08,P002,S02,49,58800.0,0,0
2023-02-08,P002,S03,52,62400.0,0,0
2023-02-08,P002,S04,41,49200.0,0,0
2023-02-08,P002,S05,33,39600.0,0,0
2023-02-08,P002,S06,46,55200.0,0,0
2023-02-08,P003,S01,235,82250.0,0,0
2023-02-08,P003,S02,230,80500.0,0,0
2023-02-08,P003,S03,302,82195.28,1,0
2023-02-08,P003,S04,310,100560.64,1,0
2023-02-08,P003,S05,260,66974.27,1,0
2023-02-08,P003,S06,190,66500.0,0,0
2023-02-08,P004,S01,16,114041.8,1,0
2023-02-08,P004,S02,9,76500.0,0,0
2023-02-08,P004,S03,9,76500.0,0,0
2023-02-08,P004,S04,13,91707.79,1,0
2023-02-08,P004,S05,8,68000.0,0,0
2023-02-08,P004,S06,7,59500.0,0,0
2023-02-08,P005,S01,44,96800.0,0,0
2023-02-08,P005,S02,29,63800.0,0,0
2023-02-08,P005,S03,33,72600.0,0,0
2023-02-08,P005,S04,27,59400.0,0,0
2023-02-08,P005,S05,57,89072.43,1,0
2023-02-08,P005,S06,24,52800.0,0,0
2023-02-09,P001,S01,27,121500.0,0,0
2023-02-09,P001,S02,37,151341.72,1,0
2023-02-09,P001,S03,25,112500.0,0,0
2023-02-09,P001,S04,17,76500.0,0,0
2023-02-09,P001,S05,20,90000.0,0,0
2023-02-09,P001,S06,19,85500.0,0,0
2023-02-09,P002,S01,60,72000.0,0,0
2023-02-09,P002,S02,60,72000.0,0,0
2023-02-09,P002,S03,91,87980.86,1,0
2023-02-09,P002,S04,49,58800.0,0,0
2023-02-09,P002,S05,42,50400.0,0,0
2023-02-09,P002,S06,69,62635.47,1,0
2023-02-09,P003,S01,215,75250.0,0,0
2023-02-09,P003,S02,218,76300.0,0,0
2023-02-09,P003,S03,221,77350.0,0,0
2023-02-09,P003,S04,208,72800.0,0,0
2023-02-09,P003,S05,223,78050.0,0,0
2023-02-09,P003,S06,145,50750.0,0,0
2023-02-09,P004,S01,11,93500.0,0,0
2023-02-09,P004,S02,8,68000.0,0,0
2023-02-09,P004,S03,10,85000.0,0,0
2023-02-09,P004,S04,8,68000.0,0,0
2023-02-09,P004,S05,9,76500.0,0,0
2023-02-09,P004,S06,7,59500.0,0,0
2023-02-09,P005,S01,45,99000.0,0,0
2023-02-09,P005,S02,33,72600.0,0,0
2023-02-09,P005,S03,37,81400.0,0,0
2023-02-09,P005,S04,35,77000.0,0,0
2023-02-09,P005,S05,33,72600.0,0,0
2023-02-09,P005,S06,52,100169.24,1,0
2023-02-10,P001,S01,23,103500.0,0,0
2023-02-10,P001,S02,26,117000.0,0,0
2023-02-10,P001,S03,17,76500.0,0,0
2023-02-10,P001,S04,17,76500.0,0,0
2023-02-10,P001,S05,20,76208.78,1,0
2023-02-10,P001,S06,16,72000.0,0,0
2023-02-10,P002,S01,74,78191.84,1,0
2023-02-10,P002,S02,62,74400.0,0,0
2023-02-10,P002,S03,57,68400.0,0,0
2023-02-10,P002,S04,47,56400.0,0,0
2023-02-10,P002,S05,54,64800.0,0,0
2023-02-10,P002,S06,40,48000.0,0,0
2023-02-10,P003,S01,192,67200.0,0,0
2023-02-10,P003,S02,243,85050.0,0,0
2023-02-10,P003,S03,326,101968.46,1,0
2023-02-10,P003,S04,183,64050.0,0,0
2023-02-10,P003,S05,201,70350.0,0,0
2023-02-10,P003,S06,131,45850.0,0,0
2023-02-10,P004,S01,11,93500.0,0,0
2023-02-10,P004,S02,13,110500.0,0,0
2023-02-10,P004,S03,9,76500.0,0,0
2023-02-10,P004,S04,8,68000.0,0,0
2023-02-10,P004,S05,8,68000.0,0,0
2023-02-10,P004,S06,6,51000.0,0,0
2023-02-10,P005,S01,71,116597.85,1,0
2023-02-10,P005,S02,40,88000.0,0,0
2023-02-10,P005,S03,38,83600.0,0,0
2023-02-10,P005,S04,45,69416.32,1,0
2023-02-10,P005,S05,26,57200.0,0,0
2023-02-10,P005,S06,26,57200.0,0,0
2023-02-11,P001,S01,30,135000.0,0,0
2023-02-11,P001,S02,27,121500.0,0,0
2023-02-11,P001,S03,22,99000.0,0,0
2023-02-11,P001,S04,22,99000.0,0,0
2023-02-11,P001,S05,21,94500.0,0,0
2023-02-11,P001,S06,18,81000.0,0,0
2023-02-11,P002,S01,72,86400.0,0,0
2023-02-11,P002,S02,102,100134.24,1,0
2023-02-11,P002,S03,61,73200.0,0,0
2023-02-11,P002,S04,51,61200.0,0,0
2023-02-11,P002,S05,97,102464.25,1,0
2023-02-11,P002,S06,51,61200.0,0,0
2023-02-11,P003,S01,253,88550.0,0,0
2023-02-11,P003,S02,399,128111.85,1,0
2023-02-11,P003,S03,292,102200.0,0,0
2023-02-11,P003,S04,185,64750.0,0,0
2023-02-11,P003,S05,192,67200.0,0,0
2023-02-11,P003,S06,169,59150.0,0,0
2023-02-11,P004,S01,11,93500.0,0,0
2023-02-11,P004,S02,12,102000.0,0,0
2023-02-11,P004,S03,11,93500.0,0,0
2023-02-11,P004,S04,13,78264.79,1,0
2023-02-11,P004,S05,10,85000.0,0,0
2023-02-11,P004,S06,12,92197.85,1,0
2023-02-11,P005,S01,48,105600.0,0,0
2023-02-11,P005,S02,44,96800.0,0,0
2023-02-11,P005,S03,45,99000.0,0,0
2023-02-11,P005,S04,39,85800.0,0,0
2023-02-11,P005,S05,41,90200.0,0,0
2023-02-11,P005,S06,47,81624.53,1,0
2023-02-12,P001,S01,43,163292.17,1,0
2023-02-12,P001,S02,46,176567.73,1,0
2023-02-12,P001,S03,37,117582.58,1,0
2023-02-12,P001,S04,42,137499.3,1,0
2023-02-12,P001,S05,22,99000.0,0,0
2023-02-12,P001,S06,22,99000.0,0,0
2023-02-12,P002,S01,65,78000.0,0,0
2023-02-12,P002,S02,102,100710.03,1,0
2023-02-12,P002,S03,70,84000.0,0,0
2023-02-12,P002,S04,73,63752.71,1,0
2023-02-12,P002,S05,91,91802.5,1,0
2023-02-12,P002,S06,57,59860.85,1,0
2023-02-12,P003,S01,277,96950.0,0,0
2023-02-12,P003,S02,243,85050.0,0,0
2023-02-12,P003,S03,202,70700.0,0,0
2023-02-12,P003,S04,246,86100.0,0,0
2023-02-12,P003,S05,228,79800.0,0,0
2023-02-12,P003,S06,166,58100.0,0,0
2023-02-12,P004,S01,12,102000.0,0,0
2023-02-12,P004,S02,8,68000.0,0,0
2023-02-12,P004,S03,9,76500.0,0,0
2023-02-12,P004,S04,11,93500.0,0,0
2023-02-12,P004,S05,7,59500.0,0,0
2023-02-12,P004,S06,14,96648.32,1,0
2023-02-12,P005,S01,44,96800.0,0,0
2023-02-12,P005,S02,44,96800.0,0,0
2023-02-12,P005,S03,38,83600.0,0,0
2023-02-12,P005,S04,25,55000.0,0,0
2023-02-12,P005,S05,61,114515.12,1,0
2023-02-12,P005,S06,29,63800.0,0,0
2023-02-13,P001,S01,27,121500.0,0,0
2023-02-13,P001,S02,26,117000.0,0,0
2023-02-13,P001,S03,21,94500.0,0,0
2023-02-13,P001,S04,23,103500.0,0,0
2023-02-13,P001,S05,15,67500.0,0,0
2023-02-13,P001,S06,17,76500.0,0,0
2023-02-13,P002,S01,61,73200.0,0,0
2023-02-13,P002,S02,52,62400.0,0,0
2023-02-13,P002,S03,53,63600.0,0,0
2023-02-13,P002,S04,48,57600.0,0,0
2023-02-13,P002,S05,43,51600.0,0,0
2023-02-13,P002,S06,48,57600.0,0,0
2023-02-13,P003,S01,225,78750.0,0,0
2023-02-13,P003,S02,455,148817.99,1,0
2023-02-13,P003,S03,232,81200.0,0,0
2023-02-13,P003,S04,184,64400.0,0,0
2023-02-13,P003,S05,168,58800.0,0,0
2023-02-13,P003,S06,159,55650.0,0,0
2023-02-13,P004,S01,10,85000.0,0,0
2023-02-13,P004,S02,8,68000.0,0,0
2023-02-13,P004,S03,8,68000.0,0,0
2023-02-13,P004,S04,9,76500.0,0,0
2023-02-13,P004,S05,15,89635.81,1,0
2023-02-13,P004,S06,7,59500.0,0,0
2023-02-13,P005,S01,60,110682.97,1,0
2023-02-13,P005,S02,38,83600.0,0,0
2023-02-13,P005,S03,36,79200.0,0,0
2023-02-13,P005,S04,35,77000.0,0,0
2023-02-13,P005,S05,49,102316.84,1,0
2023-02-13,P005,S06,28,61600.0,0,0
2023-02-14,P001,S01,23,103500.0,0,0
2023-02-14,P001,S02,20,90000.0,0,0
2023-02-14,P001,S03,26,117000.0,0,0
2023-02-14,P001,S04,20,90000.0,0,0
2023-02-14,P001,S05,18,81000.0,0,0
2023-02-14,P001,S06,19,85500.0,0,0
2023-02-14,P002,S01,58,69600.0,0,0
2023-02-14,P002,S02,47,56400.0,0,0
2023-02-14,P002,S03,55,66000.0,0,0
2023-02-14,P002,S04,41,49200.0,0,0
2023-02-14,P002,S05,36,43200.0,0,0
2023-02-14,P002,S06,47,56400.0,0,0
2023-02-14,P003,S01,417,114398.98,1,0
2023-02-14,P003,S02,376,119762.06,1,0
2023-02-14,P003,S03,180,63000.0,0,0
2023-02-14,P003,S04,182,63700.0,0,0
2023-02-14,P003,S05,171,59850.0,0,0
2023-02-14,P003,S06,177,61950.0,0,0
2023-02-14,P004,S01,12,102000.0,0,0
2023-02-14,P004,S02,17,123433.1,1,0
2023-02-14,P004,S03,10,85000.0,0,0
2023-02-14,P004,S04,9,76500.0,0,0
2023-02-14,P004,S05,8,68000.0,0,0
2023-02-14,P004,S06,8,68000.0,0,0
2023-02-14,P005,S01,64,101734.91,1,0
2023-02-14,P005,S02,36,79200.0,0,0
2023-02-14,P005,S03,33,72600.0,0,0
2023-02-14,P005,S04,41,70803.76,1,0
2023-02-14,P005,S05,55,114256.72,1,0
2023-02-14,P005,S06,34,53700.56,1,0
2023-02-15,P001,S01,31,139500.0,0,0
2023-02-15,P001,S02,22,99000.0,0,0
2023-02-15,P001,S03,21,94500.0,0,0
2023-02-15,P001,S04,21,94500.0,0,0
2023-02-15,P001,S05,20,90000.0,0,0
2023-02-15,P001,S06,17,76500.0,0,0
2023-02-15,P002,S01,61,73200.0,0,0
2023-02-15,P002,S02,50,60000.0,0,0
2023-02-15,P002,S03,54,64800.0,0,0
2023-02-15,P002,S04,42,50400.0,0,0
2023-02-15,P002,S05,45,54000.0,0,0
2023-02-15,P002,S06,40,48000.0,0,0
2023-02-15,P003,S01,215,75250.0,0,0
2023-02-15,P003,S02,235,82250.0,0,0
2023-02-15,P003,S03,238,83300.0,0,0
2023-02-15,P003,S04,170,59500.0,0,0
2023-02-15,P003,S05,281,85550.06,1,0
2023-02-15,P003,S06,157,54950.0,0,0
2023-02-15,P004,S01,8,68000.0,0,0
2023-02-15,P004,S02,12,102000.0,0,0
2023-02-15,P004,S03,11,93500.0,0,0
2023-02-15,P004,S04,8,68000.0,0,0
2023-02-15,P004,S05,9,76500.0,0,0
2023-02-15,P004,S06,8,68000.0,0,0
2023-02-15,P005,S01,44,96800.0,0,0
2023-02-15,P005,S02,36,79200.0,0,0
2023-02-15,P005,S03,33,72600.0,0,0
2023-02-15,P005,S04,26,57200.0,0,0
2023-02-15,P005,S05,24,52800.0,0,0
2023-02-15,P005,S06,26,57200.0,0,0
2023-02-16,P001,S01,40,169988.59,1,0
2023-02-16,P001,S02,25,112500.0,0,0
2023-02-16,P001,S03,15,67500.0,0,0
2023-02-16,P001,S04,18,81000.0,0,0
2023-02-16,P001,S05,17,76500.0,0,0
2023-02-16,P001,S06,23,93983.1,1,0
2023-02-16,P002,S01,56,67200.0,0,0
2023-02-16,P002,S02,58,69600.0,0,0
2023-02-16,P002,S03,88,88726.55,1,0
2023-02-16,P002,S04,70,72679.68,1,0
2023-02-16,P002,S05,65,68559.87,1,0
2023-02-16,P002,S06,43,51600.0,0,0
2023-02-16,P003,S01,457,119804.5,1,0
2023-02-16,P003,S02,302,79058.24,1,0
2023-02-16,P003,S03,203,71050.0,0,0
2023-02-16,P003,S04,169,59150.0,0,0
2023-02-16,P003,S05,205,71750.0,0,0
2023-02-16,P003,S06,148,51800.0,0,0
2023-02-16,P004,S01,12,102000.0,0,0
2023-02-16,P004,S02,8,68000.0,0,0
2023-02-16,P004,S03,9,76500.0,0,0
2023-02-16,P004,S04,11,72042.84,1,0
2023-02-16,P004,S05,8,68000.0,0,0
2023-02-16,P004,S06,12,80085.95,1,0
2023-02-16,P005,S01,42,92400.0,0,0
2023-02-16,P005,S02,36,79200.0,0,0
2023-02-16,P005,S03,34,74800.0,0,0
2023-02-16,P005,S04,33,72600.0,0,0
2023-02-16,P005,S05,37,81400.0,0,0
2023-02-16,P005,S06,31,68200.0,0,0
2023-02-17,P001,S01,22,99000.0,0,0
2023-02-17,P001,S02,20,90000.0,0,0
2023-02-17,P001,S03,22,99000.0,0,0
2023-02-17,P001,S04,28,102023.3,1,0
2023-02-17,P001,S05,15,67500.0,0,0
2023-02-17,P001,S06,15,67500.0,0,0
2023-02-17,P002,S01,64,76800.0,0,0
2023-02-17,P002,S02,80,81243.99,1,0
2023-02-17,P002,S03,40,48000.0,0,0
2023-02-17,P002,S04,54,64800.0,0,0
2023-02-17,P002,S05,88,84549.42,1,0
2023-02-17,P002,S06,35,42000.0,0,0
2023-02-17,P003,S01,218,76300.0,0,0
2023-02-17,P003,S02,184,64400.0,0,0
2023-02-17,P003,S03,275,96250.0,0,0
2023-02-17,P003,S04,162,56700.0,0,0
2023-02-17,P003,S05,196,68600.0,0,0
2023-02-17,P003,S06,180,63000.0,0,0
2023-02-17,P004,S01,11,93500.0,0,0
2023-02-17,P004,S02,10,85000.0,0,0
2023-02-17,P004,S03,9,76500.0,0,0
2023-02-17,P004,S04,9,76500.0,0,0
2023-02-17,P004,S05,8,68000.0,0,0
2023-02-17,P004,S06,7,59500.0,0,0
2023-02-17,P005,S01,45,99000.0,0,0
2023-02-17,P005,S02,32,70400.0,0,0
2023-02-17,P005,S03,30,66000.0,0,0
2023-02-17,P005,S04,30,66000.0,0,0
2023-02-17,P005,S05,38,83600.0,0,0
2023-02-17,P005,S06,28,61600.0,0,0
2023-02-18,P001,S01,25,112500.0,0,0
2023-02-18,P001,S02,37,118075.96,1,0
2023-02-18,P001,S03,36,145794.54,1,0
2023-02-18,P001,S04,21,94500.0,0,0
2023-02-18,P001,S05,35,140428.64,1,0
2023-02-18,P001,S06,18,81000.0,0,0
2023-02-18,P002,S01,121,123766.6,1,0
2023-02-18,P002,S02,61,73200.0,0,0
2023-02-18,P002,S03,102,96549.44,1,0
2023-02-18,P002,S04,46,55200.0,0,0
2023-02-18,P002,S05,45,54000.0,0,0
2023-02-18,P002,S06,52,62400.0,0,0
2023-02-18,P003,S01,284,99400.0,0,0
2023-02-18,P003,S02,297,103950.0,0,0
2023-02-18,P003,S03,375,110728.25,1,0
2023-02-18,P003,S04,286,95038.66,1,0
2023-02-18,P003,S05,230,80500.0,0,0
2023-02-18,P003,S06,300,92908.77,1,0
2023-02-18,P004,S01,10,85000.0,0,0
2023-02-18,P004,S02,9,76500.0,0,0
2023-02-18,P004,S03,19,150104.97,1,0
2023-02-18,P004,S04,9,76500.0,0,0
2023-02-18,P004,S05,9,76500.0,0,0
2023-02-18,P004,S06,9,76500.0,0,0
2023-02-18,P005,S01,37,81400.0,0,0
2023-02-18,P005,S02,48,105600.0,0,0
2023-02-18,P005,S03,66,108474.68,1,0
2023-02-18,P005,S04,36,79200.0,0,0
2023-02-18,P005,S05,39,85800.0,0,0
2023-02-18,P005,S06,46,91111.18,1,0
2023-02-19,P001,S01,22,99000.0,0,0
2023-02-19,P001,S02,37,124660.68,1,0
2023-02-19,P001,S03,26,117000.0,0,0
2023-02-19,P001,S04,34,130265.91,1,0
2023-02-19,P001,S05,36,122212.91,1,0
2023-02-19,P001,S06,17,76500.0,0,0
2023-02-19,P002,S01,61,73200.0,0,0
2023-02-19,P002,S02,105,119269.03,1,0
2023-02-19,P002,S03,51,61200.0,0,0
2023-02-19,P002,S04,96,108602.36,1,0
2023-02-19,P002,S05,62,74400.0,0,0
2023-02-19,P002,S06,37,44400.0,0,0
2023-02-19,P003,S01,263,92050.0,0,0
2023-02-19,P003,S02,355,111598.6,1,0
2023-02-19,P003,S03,297,103950.0,0,0
2023-02-19,P003,S04,217,75950.0,0,0
2023-02-19,P003,S05,447,144975.33,1,0
2023-02-19,P003,S06,174,60900.0,0,0
2023-02-19,P004,S01,11,93500.0,0,0
2023-02-19,P004,S02,9,76500.0,0,0
2023-02-19,P004,S03,16,114051.28,1,0
2023-02-19,P004,S04,10,85000.0,0,0
2023-02-19,P004,S05,10,85000.0,0,0
2023-02-19,P004,S06,12,94766.02,1,0
2023-02-19,P005,S01,40,88000.0,0,0
2023-02-19,P005,S02,39,85800.0,0,0
2023-02-19,P005,S03,31,68200.0,0,0
2023-02-19,P005,S04,59,108999.2,1,0
2023-02-19,P005,S05,69,108637.17,1,0
2023-02-19,P005,S06,32,70400.0,0,0
2023-02-20,P001,S01,23,103500.0,0,0
2023-02-20,P001,S02,34,119968.62,1,0
2023-02-20,P001,S03,20,90000.0,0,0
2023-02-20,P001,S04,17,76500.0,0,0
2023-02-20,P001,S05,17,76500.0,0,0
2023-02-20,P001,S06,24,94360.09,1,0
2023-02-20,P002,S01,63,75600.0,0,0
2023-02-20,P002,S02,56,67200.0,0,0
2023-02-20,P002,S03,89,90436.83,1,0
2023-02-20,P002,S04,40,48000.0,0,0
2023-02-20,P002,S05,42,50400.0,0,0
2023-02-20,P002,S06,43,51600.0,0,0
2023-02-20,P003,S01,199,69650.0,0,0
2023-02-20,P003,S02,192,67200.0,0,0
2023-02-20,P003,S03,248,86800.0,0,0
2023-02-20,P003,S04,218,76300.0,0,0
2023-02-20,P003,S05,214,74900.0,0,0
2023-02-20,P003,S06,152,53200.0,0,0
2023-02-20,P004,S01,19,139371.38,1,0
2023-02-20,P004,S02,16,103644.88,1,0
2023-02-20,P004,S03,17,114466.69,1,0
2023-02-20,P004,S04,8,68000.0,0,0
2023-02-20,P004,S05,17,121365.55,1,0
2023-02-20,P004,S06,9,76500.0,0,0
2023-02-20,P005,S01,39,85800.0,0,0
2023-02-20,P005,S02,33,72600.0,0,0
2023-02-20,P005,S03,37,81400.0,0,0
2023-02-20,P005,S04,34,74800.0,0,0
2023-02-20,P005,S05,34,74800.0,0,0
2023-02-20,P005,S06,26,57200.0,0,0
2023-02-21,P001,S01,41,143919.87,1,0
2023-02-21,P001,S02,22,99000.0,0,0
2023-02-21,P001,S03,12,54000.0,0,0
2023-02-21,P001,S04,21,71412.68,1,0
2023-02-21,P001,S05,18,81000.0,0,0
2023-02-21,P001,S06,25,95896.23,1,0
2023-02-21,P002,S01,61,73200.0,0,0
2023-02-21,P002,S02,76,85497.5,1,0
2023-02-21,P002,S03,81,89602.4,1,0
2023-02-21,P002,S04,43,51600.0,0,0
2023-02-21,P002,S05,89,80996.77,1,0
2023-02-21,P002,S06,46,55200.0,0,0
2023-02-21,P003,S01,410,107363.38,1,0
2023-02-21,P003,S02,182,63700.0,0,0
2023-02-21,P003,S03,203,71050.0,0,0
2023-02-21,P003,S04,184,64400.0,0,0
2023-02-21,P003,S05,196,68600.0,0,0
2023-02-21,P003,S06,153,53550.0,0,0
2023-02-21,P004,S01,12,102000.0,0,0
2023-02-21,P004,S02,9,76500.0,0,0
2023-02-21,P004,S03,9,76500.0,0,0
2023-02-21,P004,S04,6,51000.0,0,0
2023-02-21,P004,S05,15,103680.5,1,0
2023-02-21,P004,S06,7,59500.0,0,0
2023-02-21,P005,S01,70,110667.6,1,0
2023-02-21,P005,S02,45,99000.0,0,0
2023-02-21,P005,S03,54,91017.92,1,0
2023-02-21,P005,S04,37,81400.0,0,0
2023-02-21,P005,S05,28,61600.0,0,0
2023-02-21,P005,S06,22,48400.0,0,0
2023-02-22,P001,S01,31,102016.11,1,0
2023-02-22,P001,S02,24,108000.0,0,0
2023-02-22,P001,S03,19,85500.0,0,0
2023-02-22,P001,S04,19,85500.0,0,0
2023-02-22,P001,S05,21,94500.0,0,0
2023-02-22,P001,S06,18,81000.0,0,0
2023-02-22,P002,S01,55,66000.0,0,0
2023-02-22,P002,S02,66,79200.0,0,0
2023-02-22,P002,S03,55,66000.0,0,0
2023-02-22,P002,S04,38,45600.0,0,0
2023-02-22,P002,S05,46,55200.0,0,0
2023-02-22,P002,S06,42,50400.0,0,0
2023-02-22,P003,S01,379,109096.38,1,0
2023-02-22,P003,S02,198,69300.0,0,0
2023-02-22,P003,S03,234,81900.0,0,0
2023-02-22,P003,S04,162,56700.0,0,0
2023-02-22,P003,S05,236,67384.82,1,0
2023-02-22,P003,S06,152,53200.0,0,0
2023-02-22,P004,S01,10,85000.0,0,0
2023-02-22,P004,S02,11,93500.0,0,0
2023-02-22,P004,S03,9,76500.0,0,0
2023-02-22,P004,S04,8,68000.0,0,0
2023-02-22,P004,S05,7,59500.0,0,0
2023-02-22,P004,S06,7,59500.0,0,0
2023-02-22,P005,S01,42,92400.0,0,0
2023-02-22,P005,S02,62,98317.53,1,0
2023-02-22,P005,S03,28,61600.0,0,0
2023-02-22,P005,S04,51,85379.19,1,0
2023-02-22,P005,S05,32,70400.0,0,0
2023-02-22,P005,S06,40,62529.73,1,0
2023-02-23,P001,S01,16,72000.0,0,0
2023-02-23,P001,S02,25,112500.0,0,0
2023-02-23,P001,S03,19,85500.0,0,0
2023-02-23,P001,S04,19,85500.0,0,0
2023-02-23,P001,S05,17,76500.0,0,0
2023-02-23,P001,S06,24,76303.05,1,0
2023-02-23,P002,S01,102,105073.15,1,0
2023-02-23,P002,S02,59,70800.0,0,0
2023-02-23,P002,S03,39,46800.0,0,0
2023-02-23,P002,S04,59,64682.4,1,0
2023-02-23,P002,S05,41,49200.0,0,0
2023-02-23,P002,S06,37,44400.0,0,0
2023-02-23,P003,S01,286,93968.81,1,0
2023-02-23,P003,S02,217,75950.0,0,0
2023-02-23,P003,S03,247,86450.0,0,0
2023-02-23,P003,S04,280,69474.83,1,0
2023-02-23,P003,S05,220,77000.0,0,0
2023-02-23,P003,S06,284,91029.87,1,0
2023-02-23,P004,S01,10,85000.0,0,0
2023-02-23,P004,S02,11,93500.0,0,0
2023-02-23,P004,S03,14,110801.56,1,0
2023-02-23,P004,S04,7,59500.0,0,0
2023-02-23,P004,S05,7,59500.0,0,0
2023-02-23,P004,S06,6,51000.0,0,0
2023-02-23,P005,S01,48,105600.0,0,0
2023-02-23,P005,S02,39,85800.0,0,0
2023-02-23,P005,S03,38,83600.0,0,0
2023-02-23,P005,S04,33,72600.0,0,0
2023-02-23,P005,S05,24,52800.0,0,0
2023-02-23,P005,S06,43,85320.36,1,0
2023-02-24,P001,S01,23,103500.0,0,0
2023-02-24,P001,S02,35,113807.8,1,0
2023-02-24,P001,S03,38,162090.46,1,0
2023-02-24,P001,S04,16,72000.0,0,0
2023-02-24,P001,S05,17,76500.0,0,0
2023-02-24,P001,S06,20,90000.0,0,0
2023-02-24,P002,S01,49,58800.0,0,0
2023-02-24,P002,S02,78,85706.3,1,0
2023-02-24,P002,S03,48,57600.0,0,0
2023-02-24,P002,S04,46,55200.0,0,0
2023-02-24,P002,S05,49,58800.0,0,0
2023-02-24,P002,S06,51,61200.0,0,0
2023-02-24,P003,S01,217,75950.0,0,0
2023-02-24,P003,S02,230,80500.0,0,0
2023-02-24,P003,S03,186,65100.0,0,0
2023-02-24,P003,S04,169,59150.0,0,0
2023-02-24,P003,S05,206,72100.0,0,0
2023-02-24,P003,S06,144,50400.0,0,0
2023-02-24,P004,S01,9,76500.0,0,0
2023-02-24,P004,S02,10,85000.0,0,0
2023-02-24,P004,S03,8,68000.0,0,0
2023-02-24,P004,S04,8,68000.0,0,0
2023-02-24,P004,S05,8,68000.0,0,0
2023-02-24,P004,S06,9,76500.0,0,0
2023-02-24,P005,S01,46,101200.0,0,0
2023-02-24,P005,S02,36,79200.0,0,0
2023-02-24,P005,S03,60,92689.22,1,0
2023-02-24,P005,S04,29,63800.0,0,0
2023-02-24,P005,S05,43,86609.9,1,0
2023-02-24,P005,S06,23,50600.0,0,0
2023-02-25,P001,S01,32,144000.0,0,0
2023-02-25,P001,S02,44,153663.26,1,0
2023-02-25,P001,S03,25,112500.0,0,0
2023-02-25,P001,S04,17,76500.0,0,0
2023-02-25,P001,S05,24,108000.0,0,0
2023-02-25,P001,S06,18,81000.0,0,0
2023-02-25,P002,S01,63,75600.0,0,0
2023-02-25,P002,S02,106,103344.1,1,0
2023-02-25,P002,S03,50,60000.0,0,0
2023-02-25,P002,S04,97,85766.81,1,0
2023-02-25,P002,S05,51,61200.0,0,0
2023-02-25,P002,S06,93,79680.84,1,0
2023-02-25,P003,S01,418,122243.4,1,0
2023-02-25,P003,S02,420,103085.89,1,0
2023-02-25,P003,S03,386,99679.53,1,0
2023-02-25,P003,S04,249,87150.0,0,0
2023-02-25,P003,S05,236,82600.0,0,0
2023-02-25,P003,S06,206,72100.0,0,0
2023-02-25,P004,S01,12,102000.0,0,0
2023-02-25,P004,S02,11,93500.0,0,0
2023-02-25,P004,S03,17,135790.85,1,0
2023-02-25,P004,S04,9,76500.0,0,0
2023-02-25,P004,S05,9,76500.0,0,0
2023-02-25,P004,S06,10,85000.0,0,0
2023-02-25,P005,S01,53,116600.0,0,0
2023-02-25,P005,S02,42,92400.0,0,0
2023-02-25,P005,S03,39,85800.0,0,0
2023-02-25,P005,S04,49,79118.16,1,0
2023-02-25,P005,S05,33,72600.0,0,0
2023-02-25,P005,S06,37,81400.0,0,0
2023-02-26,P001,S01,34,114119.78,1,0
2023-02-26,P001,S02,25,112500.0,0,0
2023-02-26,P001,S03,26,117000.0,0,0
2023-02-26,P001,S04,22,99000.0,0,0
2023-02-26,P001,S05,22,99000.0,0,0
2023-02-26,P001,S06,17,76500.0,0,0
2023-02-26,P002,S01,83,72986.52,1,0
2023-02-26,P002,S02,74,88800.0,0,0
2023-02-26,P002,S03,87,97003.62,1,0
2023-02-26,P002,S04,82,81293.46,1,0
2023-02-26,P002,S05,47,56400.0,0,0
2023-02-26,P002,S06,83,75200.25,1,0
2023-02-26,P003,S01,427,107073.81,1,0
2023-02-26,P003,S02,375,117635.84,1,0
2023-02-26,P003,S03,231,80850.0,0,0
2023-02-26,P003,S04,234,81900.0,0,0
2023-02-26,P003,S05,342,86795.15,1,0
2023-02-26,P003,S06,185,64750.0,0,0
2023-02-26,P004,S01,12,102000.0,0,0
2023-02-26,P004,S02,10,85000.0,0,0
2023-02-26,P004,S03,11,93500.0,0,0
2023-02-26,P004,S04,17,126985.87,1,0
2023-02-26,P004,S05,14,95127.77,1,0
2023-02-26,P004,S06,8,68000.0,0,0
2023-02-26,P005,S01,45,99000.0,0,0
2023-02-26,P005,S02,48,105600.0,0,0
2023-02-26,P005,S03,46,101200.0,0,0
2023-02-26,P005,S04,45,99000.0,0,0
2023-02-26,P005,S05,42,92400.0,0,0
2023-02-26,P005,S06,29,63800.0,0,0
2023-02-27,P001,S01,21,94500.0,0,0
2023-02-27,P001,S02,24,108000.0,0,0
2023-02-27,P001,S03,22,99000.0,0,0
2023-02-27,P001,S04,29,120578.66,1,0
2023-02-27,P001,S05,34,144072.81,1,0
2023-02-27,P001,S06,18,81000.0,0,0
2023-02-27,P002,S01,65,78000.0,0,0
2023-02-27,P002,S02,46,55200.0,0,0
2023-02-27,P002,S03,68,81600.0,0,0
2023-02-27,P002,S04,69,63044.62,1,0
2023-02-27,P002,S05,44,52800.0,0,0
2023-02-27,P002,S06,37,44400.0,0,0
2023-02-27,P003,S01,220,77000.0,0,0
2023-02-27,P003,S02,216,75600.0,0,0
2023-02-27,P003,S03,205,71750.0,0,0
2023-02-27,P003,S04,255,67446.6,1,0
2023-02-27,P003,S05,185,64750.0,0,0
2023-02-27,P003,S06,166,58100.0,0,0
2023-02-27,P004,S01,10,85000.0,0,0
2023-02-27,P004,S02,9,76500.0,0,0
2023-02-27,P004,S03,10,85000.0,0,0
2023-02-27,P004,S04,8,68000.0,0,0
2023-02-27,P004,S05,7,59500.0,0,0
2023-02-27,P004,S06,5,42500.0,0,0
2023-02-27,P005,S01,60,111008.6,1,0
2023-02-27,P005,S02,39,85800.0,0,0
2023-02-27,P005,S03,36,79200.0,0,0
2023-02-27,P005,S04,42,84374.2,1,0
2023-02-27,P005,S05,31,68200.0,0,0
2023-02-27,P005,S06,29,63800.0,0,0
2023-02-28,P001,S01,24,108000.0,0,0
2023-02-28,P001,S02,24,108000.0,0,0
2023-02-28,P001,S03,25,112500.0,0,0
2023-02-28,P001,S04,18,81000.0,0,0
2023-02-28,P001,S05,21,94500.0,0,0
2023-02-28,P001,S06,18,81000.0,0,0
2023-02-28,P002,S01,62,74400.0,0,0
2023-02-28,P002,S02,56,67200.0,0,0
2023-02-28,P002,S03,46,55200.0,0,0
2023-02-28,P002,S04,42,50400.0,0,0
2023-02-28,P002,S05,76,83231.76,1,0
2023-02-28,P002,S06,40,48000.0,0,0
2023-02-28,P003,S01,296,81771.09,1,0
2023-02-28,P003,S02,258,90300.0,0,0
2023-02-28,P003,S03,335,89359.67,1,0
2023-02-28,P003,S04,192,67200.0,0,0
2023-02-28,P003,S05,236,82600.0,0,0
2023-02-28,P003,S06,185,64750.0,0,0
2023-02-28,P004,S01,9,76500.0,0,0
2023-02-28,P004,S02,14,102851.55,1,0
2023-02-28,P004,S03,9,76500.0,0,0
2023-02-28,P004,S04,7,59500.0,0,0
2023-02-28,P004,S05,8,68000.0,0,0
2023-02-28,P004,S06,7,59500.0,0,0
2023-02-28,P005,S01,42,92400.0,0,0
2023-02-28,P005,S02,33,72600.0,0,0
2023-02-28,P005,S03,36,79200.0,0,0
2023-02-28,P005,S04,32,70400.0,0,0
2023-02-28,P005,S05,35,77000.0,0,0
2023-02-28,P005,S06,31,68200.0,0,0
2023-03-01,P001,S01,32,144000.0,0,0
2023-03-01,P001,S02,41,138461.61,1,0
2023-03-01,P001,S03,26,117000.0,0,0
2023-03-01,P001,S04,24,108000.0,0,0
2023-03-01,P001,S05,30,95348.1,1,0
2023-03-01,P001,S06,21,94500.0,0,0
2023-03-01,P002,S01,125,106560.09,1,0
2023-03-01,P002,S02,99,112385.7,1,0
2023-03-01,P002,S03,66,79200.0,0,0
2023-03-01,P002,S04,71,85200.0,0,0
2023-03-01,P002,S05,55,66000.0,0,0
2023-03-01,P002,S06,89,97394.5,1,0
2023-03-01,P003,S01,335,104963.35,1,0
2023-03-01,P003,S02,268,93800.0,0,0
2023-03-01,P003,S03,259,90650.0,0,0
2023-03-01,P003,S04,148,51800.0,0,0
2023-03-01,P003,S05,293,75192.44,1,0
2023-03-01,P003,S06,222,77700.0,0,0
2023-03-01,P004,S01,10,85000.0,0,0
2023-03-01,P004,S02,14,119000.0,0,0
2023-03-01,P004,S03,11,93500.0,0,0
2023-03-01,P004,S04,9,76500.0,0,0
2023-03-01,P004,S05,15,97303.49,1,0
2023-03-01,P004,S06,9,76500.0,0,0
2023-03-01,P005,S01,45,99000.0,0,0
2023-03-01,P005,S02,76,142087.47,1,0
2023-03-01,P005,S03,37,81400.0,0,0
2023-03-01,P005,S04,30,66000.0,0,0
2023-03-01,P005,S05,39,85800.0,0,0
2023-03-01,P005,S06,28,61600.0,0,0
2023-03-02,P001,S01,28,126000.0,0,0
2023-03-02,P001,S02,25,112500.0,0,0
2023-03-02,P001,S03,26,117000.0,0,0
2023-03-02,P001,S04,20,90000.0,0,0
2023-03-02,P001,S05,20,90000.0,0,0
2023-03-02,P001,S06,19,85500.0,0,0
2023-03-02,P002,S01,87,104400.0,0,0
2023-03-02,P002,S02,77,92400.0,0,0
2023-03-02,P002,S03,86,75139.21,1,0
2023-03-02,P002,S04,53,63600.0,0,0
2023-03-02,P002,S05,62,74400.0,0,0
2023-03-02,P002,S06,50,60000.0,0,0
2023-03-02,P003,S01,334,116900.0,0,0
2023-03-02,P003,S02,225,78750.0,0,0
2023-03-02,P003,S03,233,81550.0,0,0
2023-03-02,P003,S04,290,101500.0,0,0
2023-03-02,P003,S05,246,86100.0,0,0
2023-03-02,P003,S06,193,67550.0,0,0
2023-03-02,P004,S01,13,110500.0,0,0
2023-03-02,P004,S02,19,139216.52,1,0
2023-03-02,P004,S03,10,85000.0,0,0
2023-03-02,P004,S04,10,85000.0,0,0
2023-03-02,P004,S05,12,102000.0,0,0
2023-03-02,P004,S06,9,76500.0,0,0
2023-03-02,P005,S01,87,170491.44,1,0
2023-03-02,P005,S02,40,88000.0,0,0
2023-03-02,P005,S03,39,85800.0,0,0
2023-03-02,P005,S04,38,83600.0,0,0
2023-03-02,P005,S05,38,83600.0,0,0
2023-03-02,P005,S06,39,85800.0,0,0
2023-03-03,P001,S01,35,157500.0,0,0
2023-03-03,P001,S02,30,135000.0,0,0
2023-03-03,P001,S03,21,94500.0,0,0
2023-03-03,P001,S04,24,108000.0,0,0
2023-03-03,P001,S05,17,76500.0,0,0
2023-03-03,P001,S06,22,99000.0,0,0
2023-03-03,P002,S01,59,70800.0,0,0
2023-03-03,P002,S02,74,88800.0,0,0
2023-03-03,P002,S03,64,76800.0,0,0
2023-03-03,P002,S04,98,84897.13,1,0
2023-03-03,P002,S05,55,66000.0,0,0
2023-03-03,P002,S06,46,55200.0,0,0
2023-03-03,P003,S01,405,108915.77,1,0
2023-03-03,P003,S02,205,71750.0,0,0
2023-03-03,P003,S03,380,112748.84,1,0
2023-03-03,P003,S04,303,94075.58,1,0
2023-03-03,P003,S05,269,94150.0,0,0
2023-03-03,P003,S06,294,77468.06,1,0
2023-03-03,P004,S01,12,102000.0,0,0
2023-03-03,P004,S02,11,93500.0,0,0
2023-03-03,P004,S03,12,102000.0,0,0
2023-03-03,P004,S04,14,95999.45,1,0
2023-03-03,P004,S05,11,93500.0,0,0
2023-03-03,P004,S06,9,76500.0,0,0
2023-03-03,P005,S01,40,88000.0,0,0
2023-03-03,P005,S02,39,85800.0,0,0
2023-03-03,P005,S03,44,96800.0,0,0
2023-03-03,P005,S04,37,81400.0,0,0
2023-03-03,P005,S05,34,74800.0,0,0
2023-03-03,P005,S06,35,77000.0,0,0
2023-03-04,P001,S01,54,215064.2,1,0
2023-03-04,P001,S02,54,202489.87,1,0
2023-03-04,P001,S03,50,195334.37,1,0
2023-03-04,P001,S04,41,158849.2,1,0
2023-03-04,P001,S05,29,130500.0,0,0
2023-03-04,P001,S06,42,156076.61,1,0
2023-03-04,P002,S01,95,114000.0,0,0
2023-03-04,P002,S02,62,74400.0,0,0
2023-03-04,P002,S03,58,69600.0,0,0
2023-03-04,P002,S04,59,70800.0,0,0
2023-03-04,P002,S05,90,102058.01,1,0
2023-03-04,P002,S06,54,64800.0,0,0
2023-03-04,P003,S01,575,177871.77,1,0
2023-03-04,P003,S02,266,93100.0,0,0
2023-03-04,P003,S03,288,100800.0,0,0
2023-03-04,P003,S04,302,83080.71,1,0
2023-03-04,P003,S05,278,97300.0,0,0
2023-03-04,P003,S06,228,79800.0,0,0
2023-03-04,P004,S01,12,102000.0,0,0
2023-03-04,P004,S02,14,119000.0,0,0
2023-03-04,P004,S03,14,119000.0,0,0
2023-03-04,P004,S04,11,93500.0,0,0
2023-03-04,P004,S05,16,107999.94,1,0
2023-03-04,P004,S06,18,138107.52,1,0
2023-03-04,P005,S01,56,123200.0,0,0
2023-03-04,P005,S02,44,96800.0,0,0
2023-03-04,P005,S03,50,110000.0,0,0
2023-03-04,P005,S04,66,103903.03,1,0
2023-03-04,P005,S05,42,92400.0,0,0
2023-03-04,P005,S06,35,77000.0,0,0
2023-03-05,P001,S01,44,148009.83,1,0
2023-03-05,P001,S02,39,175500.0,0,0
2023-03-05,P001,S03,47,171593.46,1,0
2023-03-05,P001,S04,28,126000.0,0,0
2023-03-05,P001,S05,26,117000.0,0,0
2023-03-05,P001,S06,32,112185.13,1,0
2023-03-05,P002,S01,80,96000.0,0,0
2023-03-05,P002,S02,63,75600.0,0,0
2023-03-05,P002,S03,85,102000.0,0,0
2023-03-05,P002,S04,50,60000.0,0,0
2023-03-05,P002,S05,44,52800.0,0,0
2023-03-05,P002,S06,95,90265.97,1,0
2023-03-05,P003,S01,318,111300.0,0,0
2023-03-05,P003,S02,496,139950.45,1,0
2023-03-05,P003,S03,226,79100.0,0,0
2023-03-05,P003,S04,245,85750.0,0,0
2023-03-05,P003,S05,299,104650.0,0,0
2023-03-05,P003,S06,232,81200.0,0,0
2023-03-05,P004,S01,25,167274.27,1,0
2023-03-05,P004,S02,23,139115.02,1,0
2023-03-05,P004,S03,13,110500.0,0,0
2023-03-05,P004,S04,12,102000.0,0,0
2023-03-05,P004,S05,19,145541.26,1,0
2023-03-05,P004,S06,12,77070.76,1,0
2023-03-05,P005,S01,47,103400.0,0,0
2023-03-05,P005,S02,95,182128.74,1,0
2023-03-05,P005,S03,52,114400.0,0,0
2023-03-05,P005,S04,70,110738.32,1,0
2023-03-05,P005,S05,46,101200.0,0,0
2023-03-05,P005,S06,59,100498.36,1,0
2023-03-06,P001,S01,35,157500.0,0,0
2023-03-06,P001,S02,27,121500.0,0,0
2023-03-06,P001,S03,19,85500.0,0,0
2023-03-06,P001,S04,37,133875.55,1,0
2023-03-06,P001,S05,22,99000.0,0,0
2023-03-06,P001,S06,21,94500.0,0,0
2023-03-06,P002,S01,60,72000.0,0,0
2023-03-06,P002,S02,65,78000.0,0,0
2023-03-06,P002,S03,60,72000.0,0,0
2023-03-06,P002,S04,48,57600.0,0,0
2023-03-06,P002,S05,57,68400.0,0,0
2023-03-06,P002,S06,90,79915.27,1,0
2023-03-06,P003,S01,282,98700.0,0,0
2023-03-06,P003,S02,319,111650.0,0,0
2023-03-06,P003,S03,231,80850.0,0,0
2023-03-06,P003,S04,216,75600.0,0,0
2023-03-06,P003,S05,266,93100.0,0,0
2023-03-06,P003,S06,180,63000.0,0,0
2023-03-06,P004,S01,15,127500.0,0,0
2023-03-06,P004,S02,11,93500.0,0,0
2023-03-06,P004,S03,17,104158.4,1,0
2023-03-06,P004,S04,10,85000.0,0,0
2023-03-06,P004,S05,14,97075.52,1,0
2023-03-06,P004,S06,10,85000.0,0,0
2023-03-06,P005,S01,43,94600.0,0,0
2023-03-06,P005,S02,45,99000.0,0,0
2023-03-06,P005,S03,45,99000.0,0,0
2023-03-06,P005,S04,53,107331.64,1,0
2023-03-06,P005,S05,39,85800.0,0,0
2023-03-06,P005,S06,29,63800.0,0,0
2023-03-07,P001,S01,29,130500.0,0,0
2023-03-07,P001,S02,31,139500.0,0,0
2023-03-07,P001,S03,24,108000.0,0,0
2023-03-07,P001,S04,24,108000.0,0,0
2023-03-07,P001,S05,26,117000.0,0,0
2023-03-07,P001,S06,21,94500.0,0,0
2023-03-07,P002,S01,62,74400.0,0,0
2023-03-07,P002,S02,115,116584.92,1,0
2023-03-07,P002,S03,65,78000.0,0,0
2023-03-07,P002,S04,62,74400.0,0,0
2023-03-07,P002,S05,50,60000.0,0,0
2023-03-07,P002,S06,53,63600.0,0,0
2023-03-07,P003,S01,271,94850.0,0,0
2023-03-07,P003,S02,308,107800.0,0,0
2023-03-07,P003,S03,268,93800.0,0,0
2023-03-07,P003,S04,409,133222.81,1,0
2023-03-07,P003,S05,251,87850.0,0,0
2023-03-07,P003,S06,174,60900.0,0,0
2023-03-07,P004,S01,13,110500.0,0,0
2023-03-07,P004,S02,13,110500.0,0,0
2023-03-07,P004,S03,10,85000.0,0,0
2023-03-07,P004,S04,17,134909.37,1,0
2023-03-07,P004,S05,12,102000.0,0,0
2023-03-07,P004,S06,7,59500.0,0,0
2023-03-07,P005,S01,47,103400.0,0,0
2023-03-07,P005,S02,74,126781.74,1,0
2023-03-07,P005,S03,48,105600.0,0,0
2023-03-07,P005,S04,43,94600.0,0,0
2023-03-07,P005,S05,30,66000.0,0,0
2023-03-07,P005,S06,34,74800.0,0,0
2023-03-08,P001,S01,69,292523.33,1,1
2023-03-08,P001,S02,33,148500.0,0,1
2023-03-08,P001,S03,41,184500.0,0,1
2023-03-08,P001,S04,36,162000.0,0,1
2023-03-08,P001,S05,61,232879.14,1,1
2023-03-08,P001,S06,39,141050.5,1,1
2023-03-08,P002,S01,81,97200.0,0,1
2023-03-08,P002,S02,185,206175.81,1,1
2023-03-08,P002,S03,150,156404.04,1,1
2023-03-08,P002,S04,75,90000.0,0,1
2023-03-08,P002,S05,67,80400.0,0,1
2023-03-08,P002,S06,86,103200.0,0,1
2023-03-08,P003,S01,723,215673.61,1,1
2023-03-08,P003,S02,374,130900.0,0,1
2023-03-08,P003,S03,375,131250.0,0,1
2023-03-08,P003,S04,312,109200.0,0,1
2023-03-08,P003,S05,325,113750.0,0,1
2023-03-08,P003,S06,487,126018.42,1,1
2023-03-08,P004,S01,16,136000.0,0,1
2023-03-08,P004,S02,31,224832.56,1,1
2023-03-08,P004,S03,14,119000.0,0,1
2023-03-08,P004,S04,19,143478.91,1,1
2023-03-08,P004,S05,15,127500.0,0,1
2023-03-08,P004,S06,22,174474.92,1,1
2023-03-08,P005,S01,111,228224.5,1,1
2023-03-08,P005,S02,59,129800.0,0,1
2023-03-08,P005,S03,107,167052.91,1,1
2023-03-08,P005,S04,53,116600.0,0,1
2023-03-08,P005,S05,66,145200.0,0,1
2023-03-08,P005,S06,88,148248.11,1,1
2023-03-09,P001,S01,32,144000.0,0,0
2023-03-09,P001,S02,26,117000.0,0,0
2023-03-09,P001,S03,30,135000.0,0,0
2023-03-09,P001,S04,25,112500.0,0,0
2023-03-09,P001,S05,24,108000.0,0,0
2023-03-09,P001,S06,22,99000.0,0,0
2023-03-09,P002,S01,57,68400.0,0,0
2023-03-09,P002,S02,71,85200.0,0,0
2023-03-09,P002,S03,60,72000.0,0,0
2023-03-09,P002,S04,99,94919.33,1,0
2023-03-09,P002,S05,55,66000.0,0,0
2023-03-09,P002,S06,52,62400.0,0,0
2023-03-09,P003,S01,324,113400.0,0,0
2023-03-09,P003,S02,232,81200.0,0,0
2023-03-09,P003,S03,237,82950.0,0,0
2023-03-09,P003,S04,230,80500.0,0,0
2023-03-09,P003,S05,258,90300.0,0,0
2023-03-09,P003,S06,245,68634.44,1,0
2023-03-09,P004,S01,26,189452.88,1,0
2023-03-09,P004,S02,20,140945.29,1,0
2023-03-09,P004,S03,12,102000.0,0,0
2023-03-09,P004,S04,12,102000.0,0,0
2023-03-09,P004,S05,9,76500.0,0,0
2023-03-09,P004,S06,15,118442.99,1,0
2023-03-09,P005,S01,45,99000.0,0,0
2023-03-09,P005,S02,53,116600.0,0,0
2023-03-09,P005,S03,45,99000.0,0,0
2023-03-09,P005,S04,41,90200.0,0,0
2023-03-09,P005,S05,38,83600.0,0,0
2023-03-09,P005,S06,33,72600.0,0,0
2023-03-10,P001,S01,53,184519.62,1,0
2023-03-10,P001,S02,28,126000.0,0,0
2023-03-10,P001,S03,18,81000.0,0,0
2023-03-10,P001,S04,26,117000.0,0,0
2023-03-10,P001,S05,23,103500.0,0,0
2023-03-10,P001,S06,23,103500.0,0,0
2023-03-10,P002,S01,82,98400.0,0,0
2023-03-10,P002,S02,64,76800.0,0,0
2023-03-10,P002,S03,69,82800.0,0,0
2023-03-10,P002,S04,57,68400.0,0,0
2023-03-10,P002,S05,73,81117.09,1,0
2023-03-10,P002,S06,50,60000.0,0,0
2023-03-10,P003,S01,304,106400.0,0,0
2023-03-10,P003,S02,284,99400.0,0,0
2023-03-10,P003,S03,260,91000.0,0,0
2023-03-10,P003,S04,419,111941.3,1,0
2023-03-10,P003,S05,215,75250.0,0,0
2023-03-10,P003,S06,222,77700.0,0,0
2023-03-10,P004,S01,15,127500.0,0,0
2023-03-10,P004,S02,10,85000.0,0,0
2023-03-10,P004,S03,11,93500.0,0,0
2023-03-10,P004,S04,17,121538.68,1,0
2023-03-10,P004,S05,10,85000.0,0,0
2023-03-10,P004,S06,11,93500.0,0,0
2023-03-10,P005,S01,76,142278.41,1,0
2023-03-10,P005,S02,52,114400.0,0,0
2023-03-10,P005,S03,44,96800.0,0,0
2023-03-10,P005,S04,63,98192.62,1,0
2023-03-10,P005,S05,66,109042.73,1,0
2023-03-10,P005,S06,33,72600.0,0,0
2023-03-11,P001,S01,59,199705.42,1,0
2023-03-11,P001,S02,57,243244.02,1,0
2023-03-11,P001,S03,27,121500.0,0,0
2023-03-11,P001,S04,41,138321.65,1,0
2023-03-11,P001,S05,44,163283.48,1,0
2023-03-11,P001,S06,25,112500.0,0,0
2023-03-11,P002,S01,80,96000.0,0,0
2023-03-11,P002,S02,129,126594.2,1,0
2023-03-11,P002,S03,85,102000.0,0,0
2023-03-11,P002,S04,82,68938.33,1,0
2023-03-11,P002,S05,86,75895.03,1,0
2023-03-11,P002,S06,56,67200.0,0,0
2023-03-11,P003,S01,484,142009.44,1,0
2023-03-11,P003,S02,248,86800.0,0,0
2023-03-11,P003,S03,266,93100.0,0,0
2023-03-11,P003,S04,456,116781.92,1,0
2023-03-11,P003,S05,344,91246.14,1,0
2023-03-11,P003,S06,220,77000.0,0,0
2023-03-11,P004,S01,12,102000.0,0,0
2023-03-11,P004,S02,21,149725.6,1,0
2023-03-11,P004,S03,26,205612.3,1,0
2023-03-11,P004,S04,10,85000.0,0,0
2023-03-11,P004,S05,12,102000.0,0,0
2023-03-11,P004,S06,9,76500.0,0,0
2023-03-11,P005,S01,49,107800.0,0,0
2023-03-11,P005,S02,98,200478.67,1,0
2023-03-11,P005,S03,38,83600.0,0,0
2023-03-11,P005,S04,66,102883.54,1,0
2023-03-11,P005,S05,59,96896.09,1,0
2023-03-11,P005,S06,44,96800.0,0,0
2023-03-12,P001,S01,44,145012.82,1,0
2023-03-12,P001,S02,58,210058.07,1,0
2023-03-12,P001,S03,28,126000.0,0,0
2023-03-12,P001,S04,26,117000.0,0,0
2023-03-12,P001,S05,24,108000.0,0,0
2023-03-12,P001,S06,38,140834.72,1,0
2023-03-12,P002,S01,132,119591.56,1,0
2023-03-12,P002,S02,85,102000.0,0,0
2023-03-12,P002,S03,111,114654.33,1,0
2023-03-12,P002,S04,67,80400.0,0,0
2023-03-12,P002,S05,114,98686.56,1,0
2023-03-12,P002,S06,64,76800.0,0,0
2023-03-12,P003,S01,416,136331.09,1,0
2023-03-12,P003,S02,480,155962.32,1,0
2023-03-12,P003,S03,319,111650.0,0,0
2023-03-12,P003,S04,250,87500.0,0,0
2023-03-12,P003,S05,461,138608.61,1,0
2023-03-12,P003,S06,224,78400.0,0,0
2023-03-12,P004,S01,12,102000.0,0,0
2023-03-12,P004,S02,11,93500.0,0,0
2023-03-12,P004,S03,13,110500.0,0,0
2023-03-12,P004,S04,12,102000.0,0,0
2023-03-12,P004,S05,14,119000.0,0,0
2023-03-12,P004,S06,13,110500.0,0,0
2023-03-12,P005,S01,57,125400.0,0,0
2023-03-12,P005,S02,84,174393.1,1,0
2023-03-12,P005,S03,48,105600.0,0,0
2023-03-12,P005,S04,47,103400.0,0,0
2023-03-12,P005,S05,44,96800.0,0,0
2023-03-12,P005,S06,35,77000.0,0,0
2023-03-13,P001,S01,28,126000.0,0,0
2023-03-13,P001,S02,39,136555.04,1,0
2023-03-13,P001,S03,25,112500.0,0,0
2023-03-13,P001,S04,26,117000.0,0,0
2023-03-13,P001,S05,24,108000.0,0,0
2023-03-13,P001,S06,22,99000.0,0,0
2023-03-13,P002,S01,109,100220.27,1,0
2023-03-13,P002,S02,60,72000.0,0,0
2023-03-13,P002,S03,56,67200.0,0,0
2023-03-13,P002,S04,96,86962.47,1,0
2023-03-13,P002,S05,94,82806.56,1,0
2023-03-13,P002,S06,50,60000.0,0,0
2023-03-13,P003,S01,440,137360.13,1,0
2023-03-13,P003,S02,241,84350.0,0,0
2023-03-13,P003,S03,258,90300.0,0,0
2023-03-13,P003,S04,291,85555.99,1,0
2023-03-13,P003,S05,281,83461.8,1,0
2023-03-13,P003,S06,281,79999.83,1,0
2023-03-13,P004,S01,23,147270.39,1,0
2023-03-13,P004,S02,12,102000.0,0,0
2023-03-13,P004,S03,11,93500.0,0,0
2023-03-13,P004,S04,10,85000.0,0,0
2023-03-13,P004,S05,15,105199.7,1,0
2023-03-13,P004,S06,9,76500.0,0,0
2023-03-13,P005,S01,48,105600.0,0,0
2023-03-13,P005,S02,46,101200.0,0,0
2023-03-13,P005,S03,42,92400.0,0,0
2023-03-13,P005,S04,34,74800.0,0,0
2023-03-13,P005,S05,47,73371.38,1,0
2023-03-13,P005,S06,30,66000.0,0,0
2023-03-14,P001,S01,29,130500.0,0,0
2023-03-14,P001,S02,27,121500.0,0,0
2023-03-14,P001,S03,25,112500.0,0,0
2023-03-14,P001,S04,24,108000.0,0,0
2023-03-14,P001,S05,50,171660.77,1,0
2023-03-14,P001,S06,22,99000.0,0,0
2023-03-14,P002,S01,88,105600.0,0,0
2023-03-14,P002,S02,70,84000.0,0,0
2023-03-14,P002,S03,67,80400.0,0,0
2023-03-14,P002,S04,51,61200.0,0,0
2023-03-14,P002,S05,61,73200.0,0,0
2023-03-14,P002,S06,54,64800.0,0,0
2023-03-14,P003,S01,463,137497.17,1,0
2023-03-14,P003,S02,238,83300.0,0,0
2023-03-14,P003,S03,287,100450.0,0,0
2023-03-14,P003,S04,187,65450.0,0,0
2023-03-14,P003,S05,235,82250.0,0,0
2023-03-14,P003,S06,227,79450.0,0,0
2023-03-14,P004,S01,13,110500.0,0,0
2023-03-14,P004,S02,12,102000.0,0,0
2023-03-14,P004,S03,14,102654.59,1,0
2023-03-14,P004,S04,9,76500.0,0,0
2023-03-14,P004,S05,10,85000.0,0,0
2023-03-14,P004,S06,8,68000.0,0,0
2023-03-14,P005,S01,57,125400.0,0,0
2023-03-14,P005,S02,51,112200.0,0,0
2023-03-14,P005,S03,44,96800.0,0,0
2023-03-14,P005,S04,40,88000.0,0,0
2023-03-14,P005,S05,41,90200.0,0,0
2023-03-14,P005,S06,31,68200.0,0,0
2023-03-15,P001,S01,29,130500.0,0,0
2023-03-15,P001,S02,32,144000.0,0,0
2023-03-15,P001,S03,31,139500.0,0,0
2023-03-15,P001,S04,22,99000.0,0,0
2023-03-15,P001,S05,23,103500.0,0,0
2023-03-15,P001,S06,21,94500.0,0,0
2023-03-15,P002,S01,87,104400.0,0,0
2023-03-15,P002,S02,64,76800.0,0,0
2023-03-15,P002,S03,62,74400.0,0,0
2023-03-15,P002,S04,48,57600.0,0,0
2023-03-15,P002,S05,56,67200.0,0,0
2023-03-15,P002,S06,57,68400.0,0,0
2023-03-15,P003,S01,215,75250.0,0,0
2023-03-15,P003,S02,281,98350.0,0,0
2023-03-15,P003,S03,258,90300.0,0,0
2023-03-15,P003,S04,252,88200.0,0,0
2023-03-15,P003,S05,388,115731.82,1,0
2023-03-15,P003,S06,405,131432.31,1,0
2023-03-15,P004,S01,12,102000.0,0,0
2023-03-15,P004,S02,12,102000.0,0,0
2023-03-15,P004,S03,20,132689.68,1,0
2023-03-15,P004,S04,14,97391.69,1,0
2023-03-15,P004,S05,17,107165.95,1,0
2023-03-15,P004,S06,8,68000.0,0,0
2023-03-15,P005,S01,35,77000.0,0,0
2023-03-15,P005,S02,49,107800.0,0,0
2023-03-15,P005,S03,65,105457.7,1,0
2023-03-15,P005,S04,37,81400.0,0,0
2023-03-15,P005,S05,39,85800.0,0,0
2023-03-15,P005,S06,34,74800.0,0,0
2023-03-16,P001,S01,47,150759.48,1,0
2023-03-16,P001,S02,29,130500.0,0,0
2023-03-16,P001,S03,29,130500.0,0,0
2023-03-16,P001,S04,21,94500.0,0,0
2023-03-16,P001,S05,22,99000.0,0,0
2023-03-16,P001,S06,24,108000.0,0,0
2023-03-16,P002,S01,70,84000.0,0,0
2023-03-16,P002,S02,66,79200.0,0,0
2023-03-16,P002,S03,73,87600.0,0,0
2023-03-16,P002,S04,112,104958.14,1,0
2023-03-16,P002,S05,58,69600.0,0,0
2023-03-16,P002,S06,73,80470.14,1,0
2023-03-16,P003,S01,266,93100.0,0,0
2023-03-16,P003,S02,397,124978.58,1,0
2023-03-16,P003,S03,220,77000.0,0,0
2023-03-16,P003,S04,371,94524.58,1,0
2023-03-16,P003,S05,258,90300.0,0,0
2023-03-16,P003,S06,209,73150.0,0,0
2023-03-16,P004,S01,13,110500.0,0,0
2023-03-16,P004,S02,12,102000.0,0,0
2023-03-16,P004,S03,13,110500.0,0,0
2023-03-16,P004,S04,10,85000.0,0,0
2023-03-16,P004,S05,10,85000.0,0,0
2023-03-16,P004,S06,10,85000.0,0,0
2023-03-16,P005,S01,49,107800.0,0,0
2023-03-16,P005,S02,46,101200.0,0,0
2023-03-16,P005,S03,67,118751.36,1,0
2023-03-16,P005,S04,36,79200.0,0,0
2023-03-16,P005,S05,44,96800.0,0,0
2023-03-16,P005,S06,61,118996.61,1,0
2023-03-17,P001,S01,30,135000.0,0,0
2023-03-17,P001,S02,26,117000.0,0,0
2023-03-17,P001,S03,21,94500.0,0,0
2023-03-17,P001,S04,21,94500.0,0,0
2023-03-17,P001,S05,24,108000.0,0,0
2023-03-17,P001,S06,20,90000.0,0,0
2023-03-17,P002,S01,60,72000.0,0,0
2023-03-17,P002,S02,63,75600.0,0,0
2023-03-17,P002,S03,63,75600.0,0,0
2023-03-17,P002,S04,53,63600.0,0,0
2023-03-17,P002,S05,60,72000.0,0,0
2023-03-17,P002,S06,42,50400.0,0,0
2023-03-17,P003,S01,271,94850.0,0,0
2023-03-17,P003,S02,368,110403.55,1,0
2023-03-17,P003,S03,262,91700.0,0,0
2023-03-17,P003,S04,210,73500.0,0,0
2023-03-17,P003,S05,245,85750.0,0,0
2023-03-17,P003,S06,217,75950.0,0,0
2023-03-17,P004,S01,14,119000.0,0,0
2023-03-17,P004,S02,19,143722.33,1,0
2023-03-17,P004,S03,12,102000.0,0,0
2023-03-17,P004,S04,15,116960.42,1,0
2023-03-17,P004,S05,17,131752.71,1,0
2023-03-17,P004,S06,8,68000.0,0,0
2023-03-17,P005,S01,41,90200.0,0,0
2023-03-17,P005,S02,37,81400.0,0,0
2023-03-17,P005,S03,32,70400.0,0,0
2023-03-17,P005,S04,50,92438.63,1,0
2023-03-17,P005,S05,38,83600.0,0,0
2023-03-17,P005,S06,34,74800.0,0,0
2023-03-18,P001,S01,49,155471.42,1,0
2023-03-18,P001,S02,29,130500.0,0,0
2023-03-18,P001,S03,28,126000.0,0,0
2023-03-18,P001,S04,26,117000.0,0,0
2023-03-18,P001,S05,26,117000.0,0,0
2023-03-18,P001,S06,23,103500.0,0,0
2023-03-18,P002,S01,86,103200.0,0,0
2023-03-18,P002,S02,127,118214.68,1,0
2023-03-18,P002,S03,99,100365.98,1,0
2023-03-18,P002,S04,121,106012.16,1,0
2023-03-18,P002,S05,64,76800.0,0,0
2023-03-18,P002,S06,102,112582.4,1,0
2023-03-18,P003,S01,503,124187.59,1,0
2023-03-18,P003,S02,383,107941.13,1,0
2023-03-18,P003,S03,446,137021.92,1,0
2023-03-18,P003,S04,208,72800.0,0,0
2023-03-18,P003,S05,284,99400.0,0,0
2023-03-18,P003,S06,206,72100.0,0,0
2023-03-18,P004,S01,13,110500.0,0,0
2023-03-18,P004,S02,21,161475.34,1,0
2023-03-18,P004,S03,24,167973.77,1,0
2023-03-18,P004,S04,18,128616.1,1,0
2023-03-18,P004,S05,13,110500.0,0,0
2023-03-18,P004,S06,17,124597.57,1,0
2023-03-18,P005,S01,58,127600.0,0,0
2023-03-18,P005,S02,64,140800.0,0,0
2023-03-18,P005,S03,82,133596.02,1,0
2023-03-18,P005,S04,39,85800.0,0,0
2023-03-18,P005,S05,41,90200.0,0,0
2023-03-18,P005,S06,44,96800.0,0,0
2023-03-19,P001,S01,33,148500.0,0,0
2023-03-19,P001,S02,29,130500.0,0,0
2023-03-19,P001,S03,29,130500.0,0,0
2023-03-19,P001,S04,21,94500.0,0,0
2023-03-19,P001,S05,48,165698.52,1,0
2023-03-19,P001,S06,25,112500.0,0,0
2023-03-19,P002,S01,82,98400.0,0,0
2023-03-19,P002,S02,120,130989.69,1,0
2023-03-19,P002,S03,75,90000.0,0,0
2023-03-19,P002,S04,89,97673.68,1,0
2023-03-19,P002,S05,63,75600.0,0,0
2023-03-19,P002,S06,97,103759.36,1,0
2023-03-19,P003,S01,598,152798.85,1,0
2023-03-19,P003,S02,319,111650.0,0,0
2023-03-19,P003,S03,306,107100.0,0,0
2023-03-19,P003,S04,373,117724.73,1,0
2023-03-19,P003,S05,370,106564.86,1,0
2023-03-19,P003,S06,168,58800.0,0,0
2023-03-19,P004,S01,17,144500.0,0,0
2023-03-19,P004,S02,25,152568.9,1,0
2023-03-19,P004,S03,12,102000.0,0,0
2023-03-19,P004,S04,11,93500.0,0,0
2023-03-19,P004,S05,15,127500.0,0,0
2023-03-19,P004,S06,10,85000.0,0,0
2023-03-19,P005,S01,89,174852.71,1,0
2023-03-19,P005,S02,49,107800.0,0,0
2023-03-19,P005,S03,71,133668.21,1,0
2023-03-19,P005,S04,57,99077.21,1,0
2023-03-19,P005,S05,66,113263.64,1,0
2023-03-19,P005,S06,63,121829.67,1,0
2023-03-20,P001,S01,33,148500.0,0,0
2023-03-20,P001,S02,52,180490.51,1,0
2023-03-20,P001,S03,25,112500.0,0,0
2023-03-20,P001,S04,22,99000.0,0,0
2023-03-20,P001,S05,26,117000.0,0,0
2023-03-20,P001,S06,18,81000.0,0,0
2023-03-20,P002,S01,75,90000.0,0,0
2023-03-20,P002,S02,63,75600.0,0,0
2023-03-20,P002,S03,121,123318.98,1,0
2023-03-20,P002,S04,48,57600.0,0,0
2023-03-20,P002,S05,62,74400.0,0,0
2023-03-20,P002,S06,49,58800.0,0,0
2023-03-20,P003,S01,285,99750.0,0,0
2023-03-20,P003,S02,224,78400.0,0,0
2023-03-20,P003,S03,250,87500.0,0,0
2023-03-20,P003,S04,218,76300.0,0,0
2023-03-20,P003,S05,210,73500.0,0,0
2023-03-20,P003,S06,271,77127.96,1,0
2023-03-20,P004,S01,12,102000.0,0,0
2023-03-20,P004,S02,11,93500.0,0,0
2023-03-20,P004,S03,10,85000.0,0,0
2023-03-20,P004,S04,9,76500.0,0,0
2023-03-20,P004,S05,11,93500.0,0,0
2023-03-20,P004,S06,9,76500.0,0,0
2023-03-20,P005,S01,52,114400.0,0,0
2023-03-20,P005,S02,51,112200.0,0,0
2023-03-20,P005,S03,52,114400.0,0,0
2023-03-20,P005,S04,42,92400.0,0,0
2023-03-20,P005,S05,39,85800.0,0,0
2023-03-20,P005,S06,34,74800.0,0,0
2023-03-21,P001,S01,25,112500.0,0,0
2023-03-21,P001,S02,26,117000.0,0,0
2023-03-21,P001,S03,49,195072.33,1,0
2023-03-21,P001,S04,20,90000.0,0,0
2023-03-21,P001,S05,36,141772.55,1,0
2023-03-21,P001,S06,23,103500.0,0,0
2023-03-21,P002,S01,63,75600.0,0,0
2023-03-21,P002,S02,72,86400.0,0,0
2023-03-21,P002,S03,61,73200.0,0,0
2023-03-21,P002,S04,42,50400.0,0,0
2023-03-21,P002,S05,82,74491.27,1,0
2023-03-21,P002,S06,74,70462.52,1,0
2023-03-21,P003,S01,297,103950.0,0,0
2023-03-21,P003,S02,258,90300.0,0,0
2023-03-21,P003,S03,253,88550.0,0,0
2023-03-21,P003,S04,369,112276.84,1,0
2023-03-21,P003,S05,194,67900.0,0,0
2023-03-21,P003,S06,339,101730.32,1,0
2023-03-21,P004,S01,12,102000.0,0,0
2023-03-21,P004,S02,11,93500.0,0,0
2023-03-21,P004,S03,18,141394.87,1,0
2023-03-21,P004,S04,8,68000.0,0,0
2023-03-21,P004,S05,19,119048.35,1,0
2023-03-21,P004,S06,9,76500.0,0,0
2023-03-21,P005,S01,56,123200.0,0,0
2023-03-21,P005,S02,44,96800.0,0,0
2023-03-21,P005,S03,44,96800.0,0,0
2023-03-21,P005,S04,37,81400.0,0,0
2023-03-21,P005,S05,47,103400.0,0,0
2023-03-21,P005,S06,30,66000.0,0,0
2023-03-22,P001,S01,33,148500.0,0,0
2023-03-22,P001,S02,28,126000.0,0,0
2023-03-22,P001,S03,27,121500.0,0,0
2023-03-22,P001,S04,19,85500.0,0,0
2023-03-22,P001,S05,23,103500.0,0,0
2023-03-22,P001,S06,38,136391.25,1,0
2023-03-22,P002,S01,54,64800.0,0,0
2023-03-22,P002,S02,71,85200.0,0,0
2023-03-22,P002,S03,60,72000.0,0,0
2023-03-22,P002,S04,97,81871.35,1,0
2023-03-22,P002,S05,61,73200.0,0,0
2023-03-22,P002,S06,49,58800.0,0,0
2023-03-22,P003,S01,335,94112.14,1,0
2023-03-22,P003,S02,311,108850.0,0,0
2023-03-22,P003,S03,253,88550.0,0,0
2023-03-22,P003,S04,247,86450.0,0,0
2023-03-22,P003,S05,203,71050.0,0,0
2023-03-22,P003,S06,218,76300.0,0,0
2023-03-22,P004,S01,18,134368.57,1,0
2023-03-22,P004,S02,13,110500.0,0,0
2023-03-22,P004,S03,13,110500.0,0,0
2023-03-22,P004,S04,10,85000.0,0,0
2023-03-22,P004,S05,12,102000.0,0,0
2023-03-22,P004,S06,11,93500.0,0,0
2023-03-22,P005,S01,64,115765.3,1,0
2023-03-22,P005,S02,37,81400.0,0,0
2023-03-22,P005,S03,34,74800.0,0,0
2023-03-22,P005,S04,59,97526.97,1,0
2023-03-22,P005,S05,40,88000.0,0,0
2023-03-22,P005,S06,33,72600.0,0,0
2023-03-23,P001,S01,30,135000.0,0,0
2023-03-23,P001,S02,39,150297.97,1,0
2023-03-23,P001,S03,24,108000.0,0,0
2023-03-23,P001,S04,24,108000.0,0,0
2023-03-23,P001,S05,33,130228.21,1,0
2023-03-23,P001,S06,22,99000.0,0,0
2023-03-23,P002,S01,58,69600.0,0,0
2023-03-23,P002,S02,79,94800.0,0,0
2023-03-23,P002,S03,67,80400.0,0,0
2023-03-23,P002,S04,96,104155.83,1,0
2023-03-23,P002,S05,51,61200.0,0,0
2023-03-23,P002,S06,48,57600.0,0,0
2023-03-23,P003,S01,257,89950.0,0,0
2023-03-23,P003,S02,241,84350.0,0,0
2023-03-23,P003,S03,277,96950.0,0,0
2023-03-23,P003,S04,195,68250.0,0,0
2023-03-23,P003,S05,361,90306.46,1,0
2023-03-23,P003,S06,193,67550.0,0,0
2023-03-23,P004,S01,19,142743.54,1,0
2023-03-23,P004,S02,14,119000.0,0,0
2023-03-23,P004,S03,13,110500.0,0,0
2023-03-23,P004,S04,9,76500.0,0,0
2023-03-23,P004,S05,11,93500.0,0,0
2023-03-23,P004,S06,15,118412.79,1,0
2023-03-23,P005,S01,51,112200.0,0,0
2023-03-23,P005,S02,67,116347.51,1,0
2023-03-23,P005,S03,55,121000.0,0,0
2023-03-23,P005,S04,33,72600.0,0,0
2023-03-23,P005,S05,45,99000.0,0,0
2023-03-23,P005,S06,36,79200.0,0,0
2023-03-24,P001,S01,29,130500.0,0,0
2023-03-24,P001,S02,45,157756.38,1,0
2023-03-24,P001,S03,28,126000.0,0,0
2023-03-24,P001,S04,20,90000.0,0,0
2023-03-24,P001,S05,25,112500.0,0,0
2023-03-24,P001,S06,25,112500.0,0,0
2023-03-24,P002,S01,58,69600.0,0,0
2023-03-24,P002,S02,65,78000.0,0,0
2023-03-24,P002,S03,61,73200.0,0,0
2023-03-24,P002,S04,53,63600.0,0,0
2023-03-24,P002,S05,63,75600.0,0,0
2023-03-24,P002,S06,94,86853.48,1,0
2023-03-24,P003,S01,255,89250.0,0,0
2023-03-24,P003,S02,332,116200.0,0,0
2023-03-24,P003,S03,300,105000.0,0,0
2023-03-24,P003,S04,366,108450.2,1,0
2023-03-24,P003,S05,230,80500.0,0,0
2023-03-24,P003,S06,188,65800.0,0,0
2023-03-24,P004,S01,12,102000.0,0,0
2023-03-24,P004,S02,11,93500.0,0,0
2023-03-24,P004,S03,13,110500.0,0,0
2023-03-24,P004,S04,9,76500.0,0,0
2023-03-24,P004,S05,12,102000.0,0,0
2023-03-24,P004,S06,11,93500.0,0,0
2023-03-24,P005,S01,49,107800.0,0,0
2023-03-24,P005,S02,49,107800.0,0,0
2023-03-24,P005,S03,40,88000.0,0,0
2023-03-24,P005,S04,41,90200.0,0,0
2023-03-24,P005,S05,44,96800.0,0,0
2023-03-24,P005,S06,27,59400.0,0,0
2023-03-25,P001,S01,32,144000.0,0,0
2023-03-25,P001,S02,54,194193.77,1,0
2023-03-25,P001,S03,27,121500.0,0,0
2023-03-25,P001,S04,18,81000.0,0,0
2023-03-25,P001,S05,22,99000.0,0,0
2023-03-25,P001,S06,23,103500.0,0,0
2023-03-25,P002,S01,84,100800.0,0,0
2023-03-25,P002,S02,98,117600.0,0,0
2023-03-25,P002,S03,94,112800.0,0,0
2023-03-25,P002,S04,82,83435.39,1,0
2023-03-25,P002,S05,72,86400.0,0,0
2023-03-25,P002,S06,64,76800.0,0,0
2023-03-25,P003,S01,378,132300.0,0,0
2023-03-25,P003,S02,331,115850.0,0,0
2023-03-25,P003,S03,384,97963.29,1,0
2023-03-25,P003,S04,300,105000.0,0,0
2023-03-25,P003,S05,268,93800.0,0,0
2023-03-25,P003,S06,400,114247.25,1,0
2023-03-25,P004,S01,14,119000.0,0,0
2023-03-25,P004,S02,15,127500.0,0,0
2023-03-25,P004,S03,11,93500.0,0,0
2023-03-25,P004,S04,20,121798.16,1,0
2023-03-25,P004,S05,11,93500.0,0,0
2023-03-25,P004,S06,10,85000.0,0,0
2023-03-25,P005,S01,51,112200.0,0,0
2023-03-25,P005,S02,47,103400.0,0,0
2023-03-25,P005,S03,82,152668.2,1,0
2023-03-25,P005,S04,40,88000.0,0,0
2023-03-25,P005,S05,45,99000.0,0,0
2023-03-25,P005,S06,52,92881.24,1,0
2023-03-26,P001,S01,62,196184.82,1,0
2023-03-26,P001,S02,27,121500.0,0,0
2023-03-26,P001,S03,57,209246.98,1,0
2023-03-26,P001,S04,29,130500.0,0,0
2023-03-26,P001,S05,29,130500.0,0,0
2023-03-26,P001,S06,22,99000.0,0,0
2023-03-26,P002,S01,74,88800.0,0,0
2023-03-26,P002,S02,119,128739.5,1,0
2023-03-26,P002,S03,60,72000.0,0,0
2023-03-26,P002,S04,83,99600.0,0,0
2023-03-26,P002,S05,71,85200.0,0,0
2023-03-26,P002,S06,57,68400.0,0,0
2023-03-26,P003,S01,390,136500.0,0,0
2023-03-26,P003,S02,283,99050.0,0,0
2023-03-26,P003,S03,331,86009.14,1,0
2023-03-26,P003,S04,194,67900.0,0,0
2023-03-26,P003,S05,249,87150.0,0,0
2023-03-26,P003,S06,195,68250.0,0,0
2023-03-26,P004,S01,25,183430.81,1,0
2023-03-26,P004,S02,13,110500.0,0,0
2023-03-26,P004,S03,14,119000.0,0,0
2023-03-26,P004,S04,12,102000.0,0,0
2023-03-26,P004,S05,21,140547.68,1,0
2023-03-26,P004,S06,11,93500.0,0,0
2023-03-26,P005,S01,95,171659.69,1,0
2023-03-26,P005,S02,55,121000.0,0,0
2023-03-26,P005,S03,51,112200.0,0,0
2023-03-26,P005,S04,62,118965.91,1,0
2023-03-26,P005,S05,73,152063.62,1,0
2023-03-26,P005,S06,33,72600.0,0,0
2023-03-27,P001,S01,29,130500.0,0,0
2023-03-27,P001,S02,26,117000.0,0,0
2023-03-27,P001,S03,27,121500.0,0,0
2023-03-27,P001,S04,24,108000.0,0,0
2023-03-27,P001,S05,24,108000.0,0,0
2023-03-27,P001,S06,20,90000.0,0,0
2023-03-27,P002,S01,69,82800.0,0,0
2023-03-27,P002,S02,72,86400.0,0,0
2023-03-27,P002,S03,58,69600.0,0,0
2023-03-27,P002,S04,46,55200.0,0,0
2023-03-27,P002,S05,89,89424.14,1,0
2023-03-27,P002,S06,53,63600.0,0,0
2023-03-27,P003,S01,270,94500.0,0,0
2023-03-27,P003,S02,431,120767.97,1,0
2023-03-27,P003,S03,421,139910.33,1,0
2023-03-27,P003,S04,228,79800.0,0,0
2023-03-27,P003,S05,209,73150.0,0,0
2023-03-27,P003,S06,170,59500.0,0,0
2023-03-27,P004,S01,20,127776.18,1,0
2023-03-27,P004,S02,12,102000.0,0,0
2023-03-27,P004,S03,11,93500.0,0,0
2023-03-27,P004,S04,10,85000.0,0,0
2023-03-27,P004,S05,11,93500.0,0,0
2023-03-27,P004,S06,9,76500.0,0,0
2023-03-27,P005,S01,49,107800.0,0,0
2023-03-27,P005,S02,51,112200.0,0,0
2023-03-27,P005,S03,41,90200.0,0,0
2023-03-27,P005,S04,37,81400.0,0,0
2023-03-27,P005,S05,34,74800.0,0,0
2023-03-27,P005,S06,37,81400.0,0,0
2023-03-28,P001,S01,29,130500.0,0,0
2023-03-28,P001,S02,27,121500.0,0,0
2023-03-28,P001,S03,28,126000.0,0,0
2023-03-28,P001,S04,23,78438.07,1,0
2023-03-28,P001,S05,45,159788.96,1,0
2023-03-28,P001,S06,18,81000.0,0,0
2023-03-28,P002,S01,85,102000.0,0,0
2023-03-28,P002,S02,61,73200.0,0,0
2023-03-28,P002,S03,65,78000.0,0,0
2023-03-28,P002,S04,92,102425.92,1,0
2023-03-28,P002,S05,63,75600.0,0,0
2023-03-28,P002,S06,54,64800.0,0,0
2023-03-28,P003,S01,247,86450.0,0,0
2023-03-28,P003,S02,205,71750.0,0,0
2023-03-28,P003,S03,251,87850.0,0,0
2023-03-28,P003,S04,266,86490.21,1,0
2023-03-28,P003,S05,380,111986.84,1,0
2023-03-28,P003,S06,219,76650.0,0,0
2023-03-28,P004,S01,13,110500.0,0,0
2023-03-28,P004,S02,13,110500.0,0,0
2023-03-28,P004,S03,15,94335.87,1,0
2023-03-28,P004,S04,8,68000.0,0,0
2023-03-28,P004,S05,15,108891.22,1,0
2023-03-28,P004,S06,7,59500.0,0,0
2023-03-28,P005,S01,65,143000.0,0,0
2023-03-28,P005,S02,55,121000.0,0,0
2023-03-28,P005,S03,44,96800.0,0,0
2023-03-28,P005,S04,46,101200.0,0,0
2023-03-28,P005,S05,41,90200.0,0,0
2023-03-28,P005,S06,43,94600.0,0,0
2023-03-29,P001,S01,49,163785.6,1,0
2023-03-29,P001,S02,27,121500.0,0,0
2023-03-29,P001,S03,51,163876.6,1,0
2023-03-29,P001,S04,20,90000.0,0,0
2023-03-29,P001,S05,22,99000.0,0,0
2023-03-29,P001,S06,38,125083.99,1,0
2023-03-29,P002,S01,63,75600.0,0,0
2023-03-29,P002,S02,63,75600.0,0,0
2023-03-29,P002,S03,61,73200.0,0,0
2023-03-29,P002,S04,60,72000.0,0,0
2023-03-29,P002,S05,62,74400.0,0,0
2023-03-29,P002,S06,69,60880.78,1,0
2023-03-29,P003,S01,512,132935.16,1,0
2023-03-29,P003,S02,319,111650.0,0,0
2023-03-29,P003,S03,403,133916.91,1,0
2023-03-29,P003,S04,220,77000.0,0,0
2023-03-29,P003,S05,257,89950.0,0,0
2023-03-29,P003,S06,174,60900.0,0,0
2023-03-29,P004,S01,10,85000.0,0,0
2023-03-29,P004,S02,14,119000.0,0,0
2023-03-29,P004,S03,9,76500.0,0,0
2023-03-29,P004,S04,10,85000.0,0,0
2023-03-29,P004,S05,18,112444.56,1,0
2023-03-29,P004,S06,8,68000.0,0,0
2023-03-29,P005,S01,49,107800.0,0,0
2023-03-29,P005,S02,78,157841.86,1,0
2023-03-29,P005,S03,47,103400.0,0,0
2023-03-29,P005,S04,44,84979.93,1,0
2023-03-29,P005,S05,39,85800.0,0,0
2023-03-29,P005,S06,31,68200.0,0,0
2023-03-30,P001,S01,31,139500.0,0,0
2023-03-30,P001,S02,43,166955.28,1,0
2023-03-30,P001,S03,30,135000.0,0,0
2023-03-30,P001,S04,37,128232.21,1,0
2023-03-30,P001,S05,41,173623.37,1,0
2023-03-30,P001,S06,18,81000.0,0,0
2023-03-30,P002,S01,70,84000.0,0,0
2023-03-30,P002,S02,74,88800.0,0,0
2023-03-30,P002,S03,70,84000.0,0,0
2023-03-30,P002,S04,58,69600.0,0,0
2023-03-30,P002,S05,63,75600.0,0,0
2023-03-30,P002,S06,57,68400.0,0,0
2023-03-30,P003,S01,226,79100.0,0,0
2023-03-30,P003,S02,292,102200.0,0,0
2023-03-30,P003,S03,248,86800.0,0,0
2023-03-30,P003,S04,184,64400.0,0,0
2023-03-30,P003,S05,253,88550.0,0,0
2023-03-30,P003,S06,373,102645.07,1,0
2023-03-30,P004,S01,10,85000.0,0,0
2023-03-30,P004,S02,22,173232.96,1,0
2023-03-30,P004,S03,9,76500.0,0,0
2023-03-30,P004,S04,11,93500.0,0,0
2023-03-30,P004,S05,10,85000.0,0,0
2023-03-30,P004,S06,9,76500.0,0,0
2023-03-30,P005,S01,49,107800.0,0,0
2023-03-30,P005,S02,49,107800.0,0,0
2023-03-30,P005,S03,51,112200.0,0,0
2023-03-30,P005,S04,42,92400.0,0,0
2023-03-30,P005,S05,43,94600.0,0,0
2023-03-30,P005,S06,30,66000.0,0,0
2023-03-31,P001,S01,51,180306.94,1,0
2023-03-31,P001,S02,29,130500.0,0,0
2023-03-31,P001,S03,26,117000.0,0,0
2023-03-31,P001,S04,22,99000.0,0,0
2023-03-31,P001,S05,22,99000.0,0,0
2023-03-31,P001,S06,36,150682.11,1,0
2023-03-31,P002,S01,84,100800.0,0,0
2023-03-31,P002,S02,74,88800.0,0,0
2023-03-31,P002,S03,62,74400.0,0,0
2023-03-31,P002,S04,47,56400.0,0,0
2023-03-31,P002,S05,92,93963.65,1,0
2023-03-31,P002,S06,73,81441.62,1,0
2023-03-31,P003,S01,500,164799.85,1,0
2023-03-31,P003,S02,302,105700.0,0,0
2023-03-31,P003,S03,226,79100.0,0,0
2023-03-31,P003,S04,244,85400.0,0,0
2023-03-31,P003,S05,204,71400.0,0,0
2023-03-31,P003,S06,291,94673.62,1,0
2023-03-31,P004,S01,13,110500.0,0,0
2023-03-31,P004,S02,10,85000.0,0,0
2023-03-31,P004,S03,11,93500.0,0,0
2023-03-31,P004,S04,10,85000.0,0,0
2023-03-31,P004,S05,11,93500.0,0,0
2023-03-31,P004,S06,14,94780.13,1,0
2023-03-31,P005,S01,44,96800.0,0,0
2023-03-31,P005,S02,77,134225.02,1,0
2023-03-31,P005,S03,39,85800.0,0,0
2023-03-31,P005,S04,36,79200.0,0,0
2023-03-31,P005,S05,31,68200.0,0,0
2023-03-31,P005,S06,43,67729.56,1,0
2023-04-01,P001,S01,62,217592.07,1,0
2023-04-01,P001,S02,53,212612.66,1,0
2023-04-01,P001,S03,64,203904.74,1,0
2023-04-01,P001,S04,35,157500.0,0,0
2023-04-01,P001,S05,29,130500.0,0,0
2023-04-01,P001,S06,29,130500.0,0,0
2023-04-01,P002,S01,180,202194.03,1,0
2023-04-01,P002,S02,90,108000.0,0,0
2023-04-01,P002,S03,76,91200.0,0,0
2023-04-01,P002,S04,78,93600.0,0,0
2023-04-01,P002,S05,83,99600.0,0,0
2023-04-01,P002,S06,79,94800.0,0,0
2023-04-01,P003,S01,389,136150.0,0,0
2023-04-01,P003,S02,375,131250.0,0,0
2023-04-01,P003,S03,339,118650.0,0,0
2023-04-01,P003,S04,426,105396.7,1,0
2023-04-01,P003,S05,468,121660.65,1,0
2023-04-01,P003,S06,499,132963.24,1,0
2023-04-01,P004,S01,20,170000.0,0,0
2023-04-01,P004,S02,17,144500.0,0,0
2023-04-01,P004,S03,22,173952.74,1,0
2023-04-01,P004,S04,14,119000.0,0,0
2023-04-01,P004,S05,18,125778.3,1,0
2023-04-01,P004,S06,10,85000.0,0,0
2023-04-01,P005,S01,62,136400.0,0,0
2023-04-01,P005,S02,87,156872.76,1,0
2023-04-01,P005,S03,53,116600.0,0,0
2023-04-01,P005,S04,53,116600.0,0,0
2023-04-01,P005,S05,54,118800.0,0,0
2023-04-01,P005,S06,47,103400.0,0,0
2023-04-02,P001,S01,44,198000.0,0,0
2023-04-02,P001,S02,71,247539.08,1,0
2023-04-02,P001,S03,34,153000.0,0,0
2023-04-02,P001,S04,30,135000.0,0,0
2023-04-02,P001,S05,29,130500.0,0,0
2023-04-02,P001,S06,23,103500.0,0,0
2023-04-02,P002,S01,136,119868.14,1,0
2023-04-02,P002,S02,139,141575.83,1,0
2023-04-02,P002,S03,112,100422.54,1,0
2023-04-02,P002,S04,73,87600.0,0,0
2023-04-02,P002,S05,85,102000.0,0,0
2023-04-02,P002,S06,101,90381.62,1,0
2023-04-02,P003,S01,391,136850.0,0,0
2023-04-02,P003,S02,655,193463.41,1,0
2023-04-02,P003,S03,367,128450.0,0,0
2023-04-02,P003,S04,323,113050.0,0,0
2023-04-02,P003,S05,351,122850.0,0,0
2023-04-02,P003,S06,514,168674.9,1,0
2023-04-02,P004,S01,32,233933.26,1,0
2023-04-02,P004,S02,24,147237.42,1,0
2023-04-02,P004,S03,19,161500.0,0,0
2023-04-02,P004,S04,18,127029.09,1,0
2023-04-02,P004,S05,17,121133.48,1,0
2023-04-02,P004,S06,13,110500.0,0,0
2023-04-02,P005,S01,115,198285.82,1,0
2023-04-02,P005,S02,57,125400.0,0,0
2023-04-02,P005,S03,49,107800.0,0,0
2023-04-02,P005,S04,85,167426.2,1,0
2023-04-02,P005,S05,53,116600.0,0,0
2023-04-02,P005,S06,59,109238.44,1,0
2023-04-03,P001,S01,27,121500.0,0,0
2023-04-03,P001,S02,36,162000.0,0,0
2023-04-03,P001,S03,32,144000.0,0,0
2023-04-03,P001,S04,30,135000.0,0,0
2023-04-03,P001,S05,24,108000.0,0,0
2023-04-03,P001,S06,18,81000.0,0,0
2023-04-03,P002,S01,79,94800.0,0,0
2023-04-03,P002,S02,74,88800.0,0,0
2023-04-03,P002,S03,117,102803.47,1,0
2023-04-03,P002,S04,82,98400.0,0,0
2023-04-03,P002,S05,54,64800.0,0,0
2023-04-03,P002,S06,66,79200.0,0,0
2023-04-03,P003,S01,324,113400.0,0,0
2023-04-03,P003,S02,398,139300.0,0,0
2023-04-03,P003,S03,265,92750.0,0,0
2023-04-03,P003,S04,320,112000.0,0,0
2023-04-03,P003,S05,290,101500.0,0,0
2023-04-03,P003,S06,240,84000.0,0,0
2023-04-03,P004,S01,21,133621.35,1,0
2023-04-03,P004,S02,11,93500.0,0,0
2023-04-03,P004,S03,13,110500.0,0,0
2023-04-03,P004,S04,17,106803.13,1,0
2023-04-03,P004,S05,12,102000.0,0,0
2023-04-03,P004,S06,12,102000.0,0,0
2023-04-03,P005,S01,87,172236.57,1,0
2023-04-03,P005,S02,59,129800.0,0,0
2023-04-03,P005,S03,40,88000.0,0,0
2023-04-03,P005,S04,54,118800.0,0,0
2023-04-03,P005,S05,48,105600.0,0,0
2023-04-03,P005,S06,36,79200.0,0,0
2023-04-04,P001,S01,45,202500.0,0,1
2023-04-04,P001,S02,84,308924.44,1,1
2023-04-04,P001,S03,37,166500.0,0,1
2023-04-04,P001,S04,42,189000.0,0,1
2023-04-04,P001,S05,70,268707.77,1,1
2023-04-04,P001,S06,60,201234.7,1,1
2023-04-04,P002,S01,87,104400.0,0,1
2023-04-04,P002,S02,211,184913.23,1,1
2023-04-04,P002,S03,121,145200.0,0,1
2023-04-04,P002,S04,103,123600.0,0,1
2023-04-04,P002,S05,93,111600.0,0,1
2023-04-04,P002,S06,68,81600.0,0,1
2023-04-04,P003,S01,747,198644.45,1,1
2023-04-04,P003,S02,374,130900.0,0,1
2023-04-04,P003,S03,365,127750.0,0,1
2023-04-04,P003,S04,516,155919.59,1,1
2023-04-04,P003,S05,440,154000.0,0,1
2023-04-04,P003,S06,352,123200.0,0,1
2023-04-04,P004,S01,38,242259.45,1,1
2023-04-04,P004,S02,38,243746.31,1,1
2023-04-04,P004,S03,17,144500.0,0,1
2023-04-04,P004,S04,30,200166.15,1,1
2023-04-04,P004,S05,28,198229.55,1,1
2023-04-04,P004,S06,15,127500.0,0,1
2023-04-04,P005,S01,128,244642.46,1,1
2023-04-04,P005,S02,142,232940.16,1,1
2023-04-04,P005,S03,119,193051.53,1,1
2023-04-04,P005,S04,55,121000.0,0,1
2023-04-04,P005,S05,64,140800.0,0,1
2023-04-04,P005,S06,88,153653.84,1,1
2023-04-05,P001,S01,34,153000.0,0,0
2023-04-05,P001,S02,32,144000.0,0,0
2023-04-05,P001,S03,32,144000.0,0,0
2023-04-05,P001,S04,25,112500.0,0,0
2023-04-05,P001,S05,40,134573.16,1,0
2023-04-05,P001,S06,26,117000.0,0,0
2023-04-05,P002,S01,67,80400.0,0,0
2023-04-05,P002,S02,92,110400.0,0,0
2023-04-05,P002,S03,72,86400.0,0,0
2023-04-05,P002,S04,71,85200.0,0,0
2023-04-05,P002,S05,74,88800.0,0,0
2023-04-05,P002,S06,35,42000.0,0,0
2023-04-05,P003,S01,244,85400.0,0,0
2023-04-05,P003,S02,535,149126.05,1,0
2023-04-05,P003,S03,512,130626.9,1,0
2023-04-05,P003,S04,291,101850.0,0,0
2023-04-05,P003,S05,254,88900.0,0,0
2023-04-05,P003,S06,189,66150.0,0,0
2023-04-05,P004,S01,17,144500.0,0,0
2023-04-05,P004,S02,14,119000.0,0,0
2023-04-05,P004,S03,12,102000.0,0,0
2023-04-05,P004,S04,21,165461.53,1,0
2023-04-05,P004,S05,13,110500.0,0,0
2023-04-05,P004,S06,9,76500.0,0,0
2023-04-05,P005,S01,43,94600.0,0,0
2023-04-05,P005,S02,49,107800.0,0,0
2023-04-05,P005,S03,59,129800.0,0,0
2023-04-05,P005,S04,47,103400.0,0,0
2023-04-05,P005,S05,84,151639.31,1,0
2023-04-05,P005,S06,38,83600.0,0,0
2023-04-06,P001,S01,45,173710.53,1,0
2023-04-06,P001,S02,39,175500.0,0,0
2023-04-06,P001,S03,34,153000.0,0,0
2023-04-06,P001,S04,24,108000.0,0,0
2023-04-06,P001,S05,28,126000.0,0,0
2023-04-06,P001,S06,39,129084.89,1,0
2023-04-06,P002,S01,83,99600.0,0,0
2023-04-06,P002,S02,85,102000.0,0,0
2023-04-06,P002,S03,125,140867.85,1,0
2023-04-06,P002,S04,71,85200.0,0,0
2023-04-06,P002,S05,71,85200.0,0,0
2023-04-06,P002,S06,93,93793.9,1,0
2023-04-06,P003,S01,418,146300.0,0,0
2023-04-06,P003,S02,306,107100.0,0,0
2023-04-06,P003,S03,295,103250.0,0,0
2023-04-06,P003,S04,355,87821.0,1,0
2023-04-06,P003,S05,257,89950.0,0,0
2023-04-06,P003,S06,202,70700.0,0,0
2023-04-06,P004,S01,14,119000.0,0,0
2023-04-06,P004,S02,27,172510.86,1,0
2023-04-06,P004,S03,13,110500.0,0,0
2023-04-06,P004,S04,13,110500.0,0,0
2023-04-06,P004,S05,21,129380.06,1,0
2023-04-06,P004,S06,11,93500.0,0,0
2023-04-06,P005,S01,45,99000.0,0,0
2023-04-06,P005,S02,42,92400.0,0,0
2023-04-06,P005,S03,53,116600.0,0,0
2023-04-06,P005,S04,50,110000.0,0,0
2023-04-06,P005,S05,48,105600.0,0,0
2023-04-06,P005,S06,42,92400.0,0,0
2023-04-07,P001,S01,36,162000.0,0,0
2023-04-07,P001,S02,31,139500.0,0,0
2023-04-07,P001,S03,47,171416.12,1,0
2023-04-07,P001,S04,32,144000.0,0,0
2023-04-07,P001,S05,26,117000.0,0,0
2023-04-07,P001,S06,26,117000.0,0,0
2023-04-07,P002,S01,95,114000.0,0,0
2023-04-07,P002,S02,81,97200.0,0,0
2023-04-07,P002,S03,67,80400.0,0,0
2023-04-07,P002,S04,89,91517.82,1,0
2023-04-07,P002,S05,79,94800.0,0,0
2023-04-07,P002,S06,69,82800.0,0,0
2023-04-07,P003,S01,336,117600.0,0,0
2023-04-07,P003,S02,422,121618.46,1,0
2023-04-07,P003,S03,488,130112.44,1,0
2023-04-07,P003,S04,212,74200.0,0,0
2023-04-07,P003,S05,255,89250.0,0,0
2023-04-07,P003,S06,231,80850.0,0,0
2023-04-07,P004,S01,16,136000.0,0,0
2023-04-07,P004,S02,14,119000.0,0,0
2023-04-07,P004,S03,13,110500.0,0,0
2023-04-07,P004,S04,21,167934.78,1,0
2023-04-07,P004,S05,14,119000.0,0,0
2023-04-07,P004,S06,18,108691.27,1,0
2023-04-07,P005,S01,55,121000.0,0,0
2023-04-07,P005,S02,65,143000.0,0,0
2023-04-07,P005,S03,43,94600.0,0,0
2023-04-07,P005,S04,55,121000.0,0,0
2023-04-07,P005,S05,53,116600.0,0,0
2023-04-07,P005,S06,43,94600.0,0,0
2023-04-08,P001,S01,71,239389.55,1,0
2023-04-08,P001,S02,55,202144.07,1,0
2023-04-08,P001,S03,30,135000.0,0,0
2023-04-08,P001,S04,54,229560.96,1,0
2023-04-08,P001,S05,29,130500.0,0,0
2023-04-08,P001,S06,26,117000.0,0,0
2023-04-08,P002,S01,83,99600.0,0,0
2023-04-08,P002,S02,95,114000.0,0,0
2023-04-08,P002,S03,68,81600.0,0,0
2023-04-08,P002,S04,81,97200.0,0,0
2023-04-08,P002,S05,90,108000.0,0,0
2023-04-08,P002,S06,60,72000.0,0,0
2023-04-08,P003,S01,412,144200.0,0,0
2023-04-08,P003,S02,371,129850.0,0,0
2023-04-08,P003,S03,510,153552.27,1,0
2023-04-08,P003,S04,583,144953.94,1,0
2023-04-08,P003,S05,346,121100.0,0,0
2023-04-08,P003,S06,211,73850.0,0,0
2023-04-08,P004,S01,18,153000.0,0,0
2023-04-08,P004,S02,16,136000.0,0,0
2023-04-08,P004,S03,20,149359.09,1,0
2023-04-08,P004,S04,14,119000.0,0,0
2023-04-08,P004,S05,30,201279.27,1,0
2023-04-08,P004,S06,12,102000.0,0,0
2023-04-08,P005,S01,74,162800.0,0,0
2023-04-08,P005,S02,62,136400.0,0,0
2023-04-08,P005,S03,87,149604.03,1,0
2023-04-08,P005,S04,78,124121.26,1,0
2023-04-08,P005,S05,48,105600.0,0,0
2023-04-08,P005,S06,58,127600.0,0,0
2023-04-09,P001,S01,33,148500.0,0,0
2023-04-09,P001,S02,44,198000.0,0,0
2023-04-09,P001,S03,38,171000.0,0,0
2023-04-09,P001,S04,33,148500.0,0,0
2023-04-09,P001,S05,44,141125.57,1,0
2023-04-09,P001,S06,37,152291.18,1,0
2023-04-09,P002,S01,91,109200.0,0,0
2023-04-09,P002,S02,173,180757.56,1,0
2023-04-09,P002,S03,99,118800.0,0,0
2023-04-09,P002,S04,126,116719.55,1,0
2023-04-09,P002,S05,75,90000.0,0,0
2023-04-09,P002,S06,73,87600.0,0,0
2023-04-09,P003,S01,296,103600.0,0,0
2023-04-09,P003,S02,404,141400.0,0,0
2023-04-09,P003,S03,482,140330.93,1,0
2023-04-09,P003,S04,300,105000.0,0,0
2023-04-09,P003,S05,323,113050.0,0,0
2023-04-09,P003,S06,238,83300.0,0,0
2023-04-09,P004,S01,16,136000.0,0,0
2023-04-09,P004,S02,12,102000.0,0,0
2023-04-09,P004,S03,24,171298.97,1,0
2023-04-09,P004,S04,24,171289.43,1,0
2023-04-09,P004,S05,25,169164.59,1,0
2023-04-09,P004,S06,18,133151.99,1,0
2023-04-09,P005,S01,116,219165.81,1,0
2023-04-09,P005,S02,61,134200.0,0,0
2023-04-09,P005,S03,66,145200.0,0,0
2023-04-09,P005,S04,41,90200.0,0,0
2023-04-09,P005,S05,55,121000.0,0,0
2023-04-09,P005,S06,36,79200.0,0,0
2023-04-10,P001,S01,39,175500.0,0,0
2023-04-10,P001,S02,26,117000.0,0,0
2023-04-10,P001,S03,35,157500.0,0,0
2023-04-10,P001,S04,24,108000.0,0,0
2023-04-10,P001,S05,28,126000.0,0,0
2023-04-10,P001,S06,19,85500.0,0,0
2023-04-10,P002,S01,68,81600.0,0,0
2023-04-10,P002,S02,73,87600.0,0,0
2023-04-10,P002,S03,72,86400.0,0,0
2023-04-10,P002,S04,84,100800.0,0,0
2023-04-10,P002,S05,66,79200.0,0,0
2023-04-10,P002,S06,58,69600.0,0,0
2023-04-10,P003,S01,244,85400.0,0,0
2023-04-10,P003,S02,375,131250.0,0,0
2023-04-10,P003,S03,436,143343.86,1,0
2023-04-10,P003,S04,265,92750.0,0,0
2023-04-10,P003,S05,266,93100.0,0,0
2023-04-10,P003,S06,390,103902.36,1,0
2023-04-10,P004,S01,16,136000.0,0,0
2023-04-10,P004,S02,14,119000.0,0,0
2023-04-10,P004,S03,14,119000.0,0,0
2023-04-10,P004,S04,12,102000.0,0,0
2023-04-10,P004,S05,11,93500.0,0,0
2023-04-10,P004,S06,10,85000.0,0,0
2023-04-10,P005,S01,65,143000.0,0,0
2023-04-10,P005,S02,60,132000.0,0,0
2023-04-10,P005,S03,56,123200.0,0,0
2023-04-10,P005,S04,48,105600.0,0,0
2023-04-10,P005,S05,54,118800.0,0,0
2023-04-10,P005,S06,43,94600.0,0,0
2023-04-11,P001,S01,35,157500.0,0,0
2023-04-11,P001,S02,30,135000.0,0,0
2023-04-11,P001,S03,37,166500.0,0,0
2023-04-11,P001,S04,22,99000.0,0,0
2023-04-11,P001,S05,24,108000.0,0,0
2023-04-11,P001,S06,25,112500.0,0,0
2023-04-11,P002,S01,151,144916.45,1,0
2023-04-11,P002,S02,72,86400.0,0,0
2023-04-11,P002,S03,105,108081.33,1,0
2023-04-11,P002,S04,67,80400.0,0,0
2023-04-11,P002,S05,68,81600.0,0,0
2023-04-11,P002,S06,63,75600.0,0,0
2023-04-11,P003,S01,284,99400.0,0,0
2023-04-11,P003,S02,289,101150.0,0,0
2023-04-11,P003,S03,503,146101.85,1,0
2023-04-11,P003,S04,323,113050.0,0,0
2023-04-11,P003,S05,221,77350.0,0,0
2023-04-11,P003,S06,198,69300.0,0,0
2023-04-11,P004,S01,17,144500.0,0,0
2023-04-11,P004,S02,23,184814.12,1,0
2023-04-11,P004,S03,14,119000.0,0,0
2023-04-11,P004,S04,12,102000.0,0,0
2023-04-11,P004,S05,12,102000.0,0,0
2023-04-11,P004,S06,14,119000.0,0,0
2023-04-11,P005,S01,53,116600.0,0,0
2023-04-11,P005,S02,54,118800.0,0,0
2023-04-11,P005,S03,57,125400.0,0,0
2023-04-11,P005,S04,50,110000.0,0,0
2023-04-11,P005,S05,80,147483.59,1,0
2023-04-11,P005,S06,34,74800.0,0,0
2023-04-12,P001,S01,32,144000.0,0,0
2023-04-12,P001,S02,36,162000.0,0,0
2023-04-12,P001,S03,52,179444.62,1,0
2023-04-12,P001,S04,25,112500.0,0,0
2023-04-12,P001,S05,24,108000.0,0,0
2023-04-12,P001,S06,25,112500.0,0,0
2023-04-12,P002,S01,130,120830.17,1,0
2023-04-12,P002,S02,83,99600.0,0,0
2023-04-12,P002,S03,76,91200.0,0,0
2023-04-12,P002,S04,74,88800.0,0,0
2023-04-12,P002,S05,74,88800.0,0,0
2023-04-12,P002,S06,59,70800.0,0,0
2023-04-12,P003,S01,364,127400.0,0,0
2023-04-12,P003,S02,326,114100.0,0,0
2023-04-12,P003,S03,286,100100.0,0,0
2023-04-12,P003,S04,280,98000.0,0,0
2023-04-12,P003,S05,475,129346.0,1,0
2023-04-12,P003,S06,237,82950.0,0,0
2023-04-12,P004,S01,15,127500.0,0,0
2023-04-12,P004,S02,15,127500.0,0,0
2023-04-12,P004,S03,14,119000.0,0,0
2023-04-12,P004,S04,12,102000.0,0,0
2023-04-12,P004,S05,12,102000.0,0,0
2023-04-12,P004,S06,14,119000.0,0,0
2023-04-12,P005,S01,47,103400.0,0,0
2023-04-12,P005,S02,46,101200.0,0,0
2023-04-12,P005,S03,58,127600.0,0,0
2023-04-12,P005,S04,30,66000.0,0,0
2023-04-12,P005,S05,44,96800.0,0,0
2023-04-12,P005,S06,58,109648.75,1,0
2023-04-13,P001,S01,36,162000.0,0,0
2023-04-13,P001,S02,29,130500.0,0,0
2023-04-13,P001,S03,25,112500.0,0,0
2023-04-13,P001,S04,32,144000.0,0,0
2023-04-13,P001,S05,29,130500.0,0,0
2023-04-13,P001,S06,28,116365.4,1,0
2023-04-13,P002,S01,90,108000.0,0,0
2023-04-13,P002,S02,64,76800.0,0,0
2023-04-13,P002,S03,111,123879.15,1,0
2023-04-13,P002,S04,70,84000.0,0,0
2023-04-13,P002,S05,110,111188.95,1,0
2023-04-13,P002,S06,91,88706.92,1,0
2023-04-13,P003,S01,606,176108.11,1,0
2023-04-13,P003,S02,355,124250.0,0,0
2023-04-13,P003,S03,274,95900.0,0,0
2023-04-13,P003,S04,281,98350.0,0,0
2023-04-13,P003,S05,271,94850.0,0,0
2023-04-13,P003,S06,262,91700.0,0,0
2023-04-13,P004,S01,16,136000.0,0,0
2023-04-13,P004,S02,14,119000.0,0,0
2023-04-13,P004,S03,15,127500.0,0,0
2023-04-13,P004,S04,11,93500.0,0,0
2023-04-13,P004,S05,23,162983.76,1,0
2023-04-13,P004,S06,11,93500.0,0,0
2023-04-13,P005,S01,90,187051.49,1,0
2023-04-13,P005,S02,65,143000.0,0,0
2023-04-13,P005,S03,41,90200.0,0,0
2023-04-13,P005,S04,37,81400.0,0,0
2023-04-13,P005,S05,49,107800.0,0,0
2023-04-13,P005,S06,49,107800.0,0,0
2023-04-14,P001,S01,80,261990.08,1,1
2023-04-14,P001,S02,46,207000.0,0,1
2023-04-14,P001,S03,40,180000.0,0,1
2023-04-14,P001,S04,35,157500.0,0,1
2023-04-14,P001,S05,35,157500.0,0,1
2023-04-14,P001,S06,35,157500.0,0,1
2023-04-14,P002,S01,193,201071.76,1,1
2023-04-14,P002,S02,188,182544.16,1,1
2023-04-14,P002,S03,90,108000.0,0,1
2023-04-14,P002,S04,112,134400.0,0,1
2023-04-14,P002,S05,89,106800.0,0,1
2023-04-14,P002,S06,77,92400.0,0,1
2023-04-14,P003,S01,438,153300.0,0,1
2023-04-14,P003,S02,782,258986.03,1,1
2023-04-14,P003,S03,688,205380.74,1,1
2023-04-14,P003,S04,579,181946.45,1,1
2023-04-14,P003,S05,656,185754.62,1,1
2023-04-14,P003,S06,582,150345.93,1,1
2023-04-14,P004,S01,22,187000.0,0,1
2023-04-14,P004,S02,22,187000.0,0,1
2023-04-14,P004,S03,17,144500.0,0,1
2023-04-14,P004,S04,21,178500.0,0,1
2023-04-14,P004,S05,27,208642.55,1,1
2023-04-14,P004,S06,15,127500.0,0,1
2023-04-14,P005,S01,85,187000.0,0,1
2023-04-14,P005,S02,71,156200.0,0,1
2023-04-14,P005,S03,122,215233.71,1,1
2023-04-14,P005,S04,58,127600.0,0,1
2023-04-14,P005,S05,60,132000.0,0,1
2023-04-14,P005,S06,64,132571.07,1,1
2023-04-15,P001,S01,65,261743.38,1,0
2023-04-15,P001,S02,33,148500.0,0,0
2023-04-15,P001,S03,35,157500.0,0,0
2023-04-15,P001,S04,26,117000.0,0,0
2023-04-15,P001,S05,29,130500.0,0,0
2023-04-15,P001,S06,41,162898.61,1,0
2023-04-15,P002,S01,144,163706.36,1,0
2023-04-15,P002,S02,73,87600.0,0,0
2023-04-15,P002,S03,88,105600.0,0,0
2023-04-15,P002,S04,83,99600.0,0,0
2023-04-15,P002,S05,77,92400.0,0,0
2023-04-15,P002,S06,106,118271.67,1,0
2023-04-15,P003,S01,409,143150.0,0,0
2023-04-15,P003,S02,297,103950.0,0,0
2023-04-15,P003,S03,289,101150.0,0,0
2023-04-15,P003,S04,436,124241.04,1,0
2023-04-15,P003,S05,349,122150.0,0,0
2023-04-15,P003,S06,263,92050.0,0,0
2023-04-15,P004,S01,17,144500.0,0,0
2023-04-15,P004,S02,14,119000.0,0,0
2023-04-15,P004,S03,23,155371.45,1,0
2023-04-15,P004,S04,11,93500.0,0,0
2023-04-15,P004,S05,14,119000.0,0,0
2023-04-15,P004,S06,18,119026.04,1,0
2023-04-15,P005,S01,78,171600.0,0,0
2023-04-15,P005,S02,61,134200.0,0,0
2023-04-15,P005,S03,46,101200.0,0,0
2023-04-15,P005,S04,91,179977.41,1,0
2023-04-15,P005,S05,49,107800.0,0,0
2023-04-15,P005,S06,48,105600.0,0,0
2023-04-16,P001,S01,67,255013.64,1,0
2023-04-16,P001,S02,39,175500.0,0,0
2023-04-16,P001,S03,53,174587.24,1,0
2023-04-16,P001,S04,29,130500.0,0,0
2023-04-16,P001,S05,54,195598.53,1,0
2023-04-16,P001,S06,28,126000.0,0,0
2023-04-16,P002,S01,113,135600.0,0,0
2023-04-16,P002,S02,141,152646.91,1,0
2023-04-16,P002,S03,95,114000.0,0,0
2023-04-16,P002,S04,82,98400.0,0,0
2023-04-16,P002,S05,81,97200.0,0,0
2023-04-16,P002,S06,71,85200.0,0,0
2023-04-16,P003,S01,554,151850.77,1,0
2023-04-16,P003,S02,548,171868.55,1,0
2023-04-16,P003,S03,317,110950.0,0,0
2023-04-16,P003,S04,253,88550.0,0,0
2023-04-16,P003,S05,422,135055.16,1,0
2023-04-16,P003,S06,312,109200.0,0,0
2023-04-16,P004,S01,17,144500.0,0,0
2023-04-16,P004,S02,32,195094.93,1,0
2023-04-16,P004,S03,19,161500.0,0,0
2023-04-16,P004,S04,14,119000.0,0,0
2023-04-16,P004,S05,17,144500.0,0,0
2023-04-16,P004,S06,14,119000.0,0,0
2023-04-16,P005,S01,71,156200.0,0,0
2023-04-16,P005,S02,59,129800.0,0,0
2023-04-16,P005,S03,95,192972.28,1,0
2023-04-16,P005,S04,56,123200.0,0,0
2023-04-16,P005,S05,59,129800.0,0,0
2023-04-16,P005,S06,60,101469.38,1,0
2023-04-17,P001,S01,46,145278.76,1,0
2023-04-17,P001,S02,35,157500.0,0,0
2023-04-17,P001,S03,35,157500.0,0,0
2023-04-17,P001,S04,41,155731.41,1,0
2023-04-17,P001,S05,31,139500.0,0,0
2023-04-17,P001,S06,28,126000.0,0,0
2023-04-17,P002,S01,84,100800.0,0,0
2023-04-17,P002,S02,68,81600.0,0,0
2023-04-17,P002,S03,74,88800.0,0,0
2023-04-17,P002,S04,62,74400.0,0,0
2023-04-17,P002,S05,117,108903.05,1,0
2023-04-17,P002,S06,64,76800.0,0,0
2023-04-17,P003,S01,337,117950.0,0,0
2023-04-17,P003,S02,353,123550.0,0,0
2023-04-17,P003,S03,271,94850.0,0,0
2023-04-17,P003,S04,228,79800.0,0,0
2023-04-17,P003,S05,229,80150.0,0,0
2023-04-17,P003,S06,223,78050.0,0,0
2023-04-17,P004,S01,25,175064.83,1,0
2023-04-17,P004,S02,14,119000.0,0,0
2023-04-17,P004,S03,10,85000.0,0,0
2023-04-17,P004,S04,13,110500.0,0,0
2023-04-17,P004,S05,11,93500.0,0,0
2023-04-17,P004,S06,10,85000.0,0,0
2023-04-17,P005,S01,63,138600.0,0,0
2023-04-17,P005,S02,57,125400.0,0,0
2023-04-17,P005,S03,62,136400.0,0,0
2023-04-17,P005,S04,43,94600.0,0,0
2023-04-17,P005,S05,67,130025.53,1,0
2023-04-17,P005,S06,60,112758.27,1,0
2023-04-18,P001,S01,56,202693.16,1,0
2023-04-18,P001,S02,18,81000.0,0,0
2023-04-18,P001,S03,27,121500.0,0,0
2023-04-18,P001,S04,26,117000.0,0,0
2023-04-18,P001,S05,28,126000.0,0,0
2023-04-18,P001,S06,22,99000.0,0,0
2023-04-18,P002,S01,128,118612.02,1,0
2023-04-18,P002,S02,121,120535.26,1,0
2023-04-18,P002,S03,96,86655.74,1,0
2023-04-18,P002,S04,119,104894.23,1,0
2023-04-18,P002,S05,65,78000.0,0,0
2023-04-18,P002,S06,52,62400.0,0,0
2023-04-18,P003,S01,270,94500.0,0,0
2023-04-18,P003,S02,327,114450.0,0,0
2023-04-18,P003,S03,334,116900.0,0,0
2023-04-18,P003,S04,251,87850.0,0,0
2023-04-18,P003,S05,255,89250.0,0,0
2023-04-18,P003,S06,400,115679.0,1,0
2023-04-18,P004,S01,17,144500.0,0,0
2023-04-18,P004,S02,25,179190.07,1,0
2023-04-18,P004,S03,15,127500.0,0,0
2023-04-18,P004,S04,10,85000.0,0,0
2023-04-18,P004,S05,11,93500.0,0,0
2023-04-18,P004,S06,10,85000.0,0,0
2023-04-18,P005,S01,60,132000.0,0,0
2023-04-18,P005,S02,49,107800.0,0,0
2023-04-18,P005,S03,65,123515.1,1,0
2023-04-18,P005,S04,57,117873.74,1,0
2023-04-18,P005,S05,84,166566.41,1,0
2023-04-18,P005,S06,33,72600.0,0,0
2023-04-19,P001,S01,50,181210.74,1,0
2023-04-19,P001,S02,38,171000.0,0,0
2023-04-19,P001,S03,27,121500.0,0,0
2023-04-19,P001,S04,21,94500.0,0,0
2023-04-19,P001,S05,25,112500.0,0,0
2023-04-19,P001,S06,22,99000.0,0,0
2023-04-19,P002,S01,105,126000.0,0,0
2023-04-19,P002,S02,77,92400.0,0,0
2023-04-19,P002,S03,75,90000.0,0,0
2023-04-19,P002,S04,62,74400.0,0,0
2023-04-19,P002,S05,119,110282.07,1,0
2023-04-19,P002,S06,107,118748.04,1,0
2023-04-19,P003,S01,353,98064.91,1,0
2023-04-19,P003,S02,293,102550.0,0,0
2023-04-19,P003,S03,622,162839.18,1,0
2023-04-19,P003,S04,271,94850.0,0,0
2023-04-19,P003,S05,434,128196.18,1,0
2023-04-19,P003,S06,255,89250.0,0,0
2023-04-19,P004,S01,19,113158.93,1,0
2023-04-19,P004,S02,25,169506.69,1,0
2023-04-19,P004,S03,15,127500.0,0,0
2023-04-19,P004,S04,13,110500.0,0,0
2023-04-19,P004,S05,19,149206.94,1,0
2023-04-19,P004,S06,16,128348.01,1,0
2023-04-19,P005,S01,51,112200.0,0,0
2023-04-19,P005,S02,62,136400.0,0,0
2023-04-19,P005,S03,42,92400.0,0,0
2023-04-19,P005,S04,55,121000.0,0,0
2023-04-19,P005,S05,53,116600.0,0,0
2023-04-19,P005,S06,48,105600.0,0,0
2023-04-20,P001,S01,32,144000.0,0,0
2023-04-20,P001,S02,32,144000.0,0,0
2023-04-20,P001,S03,30,135000.0,0,0
2023-04-20,P001,S04,40,145486.85,1,0
2023-04-20,P001,S05,25,112500.0,0,0
2023-04-20,P001,S06,35,136388.54,1,0
2023-04-20,P002,S01,81,97200.0,0,0
2023-04-20,P002,S02,85,102000.0,0,0
2023-04-20,P002,S03,79,94800.0,0,0
2023-04-20,P002,S04,67,80400.0,0,0
2023-04-20,P002,S05,68,81600.0,0,0
2023-04-20,P002,S06,59,70800.0,0,0
2023-04-20,P003,S01,324,113400.0,0,0
2023-04-20,P003,S02,627,154875.92,1,0
2023-04-20,P003,S03,318,111300.0,0,0
2023-04-20,P003,S04,446,116942.08,1,0
2023-04-20,P003,S05,190,66500.0,0,0
2023-04-20,P003,S06,278,97300.0,0,0
2023-04-20,P004,S01,13,110500.0,0,0
2023-04-20,P004,S02,12,102000.0,0,0
2023-04-20,P004,S03,17,144500.0,0,0
2023-04-20,P004,S04,18,107703.25,1,0
2023-04-20,P004,S05,12,102000.0,0,0
2023-04-20,P004,S06,18,130395.05,1,0
2023-04-20,P005,S01,56,123200.0,0,0
2023-04-20,P005,S02,54,118800.0,0,0
2023-04-20,P005,S03,43,94600.0,0,0
2023-04-20,P005,S04,36,79200.0,0,0
2023-04-20,P005,S05,43,94600.0,0,0
2023-04-20,P005,S06,44,96800.0,0,0
2023-04-21,P001,S01,25,112500.0,0,0
2023-04-21,P001,S02,36,162000.0,0,0
2023-04-21,P001,S03,34,153000.0,0,0
2023-04-21,P001,S04,25,112500.0,0,0
2023-04-21,P001,S05,37,144046.8,1,0
2023-04-21,P001,S06,27,121500.0,0,0
2023-04-21,P002,S01,84,100800.0,0,0
2023-04-21,P002,S02,139,146904.76,1,0
2023-04-21,P002,S03,124,124370.19,1,0
2023-04-21,P002,S04,58,69600.0,0,0
2023-04-21,P002,S05,113,97954.17,1,0
2023-04-21,P002,S06,99,90533.8,1,0
2023-04-21,P003,S01,277,96950.0,0,0
2023-04-21,P003,S02,312,109200.0,0,0
2023-04-21,P003,S03,298,104300.0,0,0
2023-04-21,P003,S04,294,102900.0,0,0
2023-04-21,P003,S05,270,94500.0,0,0
2023-04-21,P003,S06,219,76650.0,0,0
2023-04-21,P004,S01,23,183097.83,1,0
2023-04-21,P004,S02,11,93500.0,0,0
2023-04-21,P004,S03,14,119000.0,0,0
2023-04-21,P004,S04,13,110500.0,0,0
2023-04-21,P004,S05,11,93500.0,0,0
2023-04-21,P004,S06,9,76500.0,0,0
2023-04-21,P005,S01,58,127600.0,0,0
2023-04-21,P005,S02,48,105600.0,0,0
2023-04-21,P005,S03,51,112200.0,0,0
2023-04-21,P005,S04,44,96800.0,0,0
2023-04-21,P005,S05,45,99000.0,0,0
2023-04-21,P005,S06,39,85800.0,0,0
2023-04-22,P001,S01,46,207000.0,0,1
2023-04-22,P001,S02,53,238500.0,0,1
2023-04-22,P001,S03,46,207000.0,0,1
2023-04-22,P001,S04,76,266786.05,1,1
2023-04-22,P001,S05,70,261023.69,1,1
2023-04-22,P001,S06,55,212198.31,1,1
2023-04-22,P002,S01,123,147600.0,0,1
2023-04-22,P002,S02,123,147600.0,0,1
2023-04-22,P002,S03,158,169098.41,1,1
2023-04-22,P002,S04,127,152400.0,0,1
2023-04-22,P002,S05,115,138000.0,0,1
2023-04-22,P002,S06,160,174365.4,1,1
2023-04-22,P003,S01,674,235900.0,0,1
2023-04-22,P003,S02,887,268861.4,1,1
2023-04-22,P003,S03,817,226131.17,1,1
2023-04-22,P003,S04,384,134400.0,0,1
2023-04-22,P003,S05,848,258431.18,1,1
2023-04-22,P003,S06,424,148400.0,0,1
2023-04-22,P004,S01,24,204000.0,0,1
2023-04-22,P004,S02,26,221000.0,0,1
2023-04-22,P004,S03,37,242469.84,1,1
2023-04-22,P004,S04,20,170000.0,0,1
2023-04-22,P004,S05,43,298576.33,1,1
2023-04-22,P004,S06,19,161500.0,0,1
2023-04-22,P005,S01,100,220000.0,0,1
2023-04-22,P005,S02,76,167200.0,0,1
2023-04-22,P005,S03,116,184050.83,1,1
2023-04-22,P005,S04,72,158400.0,0,1
2023-04-22,P005,S05,77,169400.0,0,1
2023-04-22,P005,S06,94,180737.81,1,1
2023-04-23,P001,S01,49,220500.0,0,0
2023-04-23,P001,S02,33,148500.0,0,0
2023-04-23,P001,S03,32,144000.0,0,0
2023-04-23,P001,S04,46,177613.32,1,0
2023-04-23,P001,S05,63,259653.57,1,0
2023-04-23,P001,S06,31,117721.41,1,0
2023-04-23,P002,S01,104,124800.0,0,0
2023-04-23,P002,S02,86,103200.0,0,0
2023-04-23,P002,S03,77,92400.0,0,0
2023-04-23,P002,S04,120,103153.76,1,0
2023-04-23,P002,S05,64,76800.0,0,0
2023-04-23,P002,S06,75,90000.0,0,0
2023-04-23,P003,S01,419,146650.0,0,0
2023-04-23,P003,S02,563,159426.11,1,0
2023-04-23,P003,S03,394,137900.0,0,0
2023-04-23,P003,S04,532,152210.53,1,0
2023-04-23,P003,S05,311,108850.0,0,0
2023-04-23,P003,S06,253,88550.0,0,0
2023-04-23,P004,S01,34,250934.82,1,0
2023-04-23,P004,S02,22,154656.72,1,0
2023-04-23,P004,S03,21,155294.31,1,0
2023-04-23,P004,S04,13,110500.0,0,0
2023-04-23,P004,S05,14,119000.0,0,0
2023-04-23,P004,S06,11,93500.0,0,0
2023-04-23,P005,S01,70,154000.0,0,0
2023-04-23,P005,S02,66,145200.0,0,0
2023-04-23,P005,S03,83,153992.91,1,0
2023-04-23,P005,S04,56,123200.0,0,0
2023-04-23,P005,S05,61,134200.0,0,0
2023-04-23,P005,S06,62,127271.16,1,0
2023-04-24,P001,S01,34,153000.0,0,0
2023-04-24,P001,S02,35,157500.0,0,0
2023-04-24,P001,S03,34,153000.0,0,0
2023-04-24,P001,S04,26,117000.0,0,0
2023-04-24,P001,S05,25,112500.0,0,0
2023-04-24,P001,S06,22,99000.0,0,0
2023-04-24,P002,S01,104,87445.08,1,0
2023-04-24,P002,S02,74,88800.0,0,0
2023-04-24,P002,S03,85,102000.0,0,0
2023-04-24,P002,S04,84,71740.5,1,0
2023-04-24,P002,S05,86,103200.0,0,0
2023-04-24,P002,S06,62,74400.0,0,0
2023-04-24,P003,S01,290,101500.0,0,0
2023-04-24,P003,S02,495,146637.77,1,0
2023-04-24,P003,S03,324,113400.0,0,0
2023-04-24,P003,S04,466,122881.15,1,0
2023-04-24,P003,S05,263,92050.0,0,0
2023-04-24,P003,S06,216,75600.0,0,0
2023-04-24,P004,S01,12,102000.0,0,0
2023-04-24,P004,S02,26,190901.73,1,0
2023-04-24,P004,S03,18,140785.45,1,0
2023-04-24,P004,S04,11,93500.0,0,0
2023-04-24,P004,S05,19,136242.41,1,0
2023-04-24,P004,S06,11,93500.0,0,0
2023-04-24,P005,S01,59,129800.0,0,0
2023-04-24,P005,S02,39,85800.0,0,0
2023-04-24,P005,S03,57,125400.0,0,0
2023-04-24,P005,S04,42,92400.0,0,0
2023-04-24,P005,S05,47,103400.0,0,0
2023-04-24,P005,S06,39,85800.0,0,0
2023-04-25,P001,S01,27,121500.0,0,0
2023-04-25,P001,S02,48,201677.97,1,0
2023-04-25,P001,S03,26,117000.0,0,0
2023-04-25,P001,S04,44,174918.1,1,0
2023-04-25,P001,S05,42,156412.12,1,0
2023-04-25,P001,S06,23,103500.0,0,0
2023-04-25,P002,S01,132,144227.23,1,0
2023-04-25,P002,S02,75,90000.0,0,0
2023-04-25,P002,S03,69,82800.0,0,0
2023-04-25,P002,S04,119,119146.27,1,0
2023-04-25,P002,S05,65,78000.0,0,0
2023-04-25,P002,S06,99,94550.09,1,0
2023-04-25,P003,S01,304,106400.0,0,0
2023-04-25,P003,S02,369,129150.0,0,0
2023-04-25,P003,S03,332,116200.0,0,0
2023-04-25,P003,S04,289,88586.23,1,0
2023-04-25,P003,S05,256,89600.0,0,0
2023-04-25,P003,S06,271,94850.0,0,0
2023-04-25,P004,S01,12,102000.0,0,0
2023-04-25,P004,S02,16,136000.0,0,0
2023-04-25,P004,S03,12,102000.0,0,0
2023-04-25,P004,S04,11,80525.79,1,0
2023-04-25,P004,S05,12,102000.0,0,0
2023-04-25,P004,S06,10,85000.0,0,0
2023-04-25,P005,S01,60,132000.0,0,0
2023-04-25,P005,S02,53,116600.0,0,0
2023-04-25,P005,S03,50,110000.0,0,0
2023-04-25,P005,S04,67,119480.72,1,0
2023-04-25,P005,S05,45,99000.0,0,0
2023-04-25,P005,S06,44,96800.0,0,0
2023-04-26,P001,S01,37,166500.0,0,0
2023-04-26,P001,S02,33,148500.0,0,0
2023-04-26,P001,S03,30,135000.0,0,0
2023-04-26,P001,S04,37,147005.12,1,0
2023-04-26,P001,S05,40,168254.32,1,0
2023-04-26,P001,S06,35,149575.07,1,0
2023-04-26,P002,S01,86,103200.0,0,0
2023-04-26,P002,S02,67,80400.0,0,0
2023-04-26,P002,S03,66,79200.0,0,0
2023-04-26,P002,S04,73,87600.0,0,0
2023-04-26,P002,S05,69,82800.0,0,0
2023-04-26,P002,S06,74,88800.0,0,0
2023-04-26,P003,S01,316,110600.0,0,0
2023-04-26,P003,S02,383,134050.0,0,0
2023-04-26,P003,S03,334,116900.0,0,0
2023-04-26,P003,S04,297,103950.0,0,0
2023-04-26,P003,S05,338,118300.0,0,0
2023-04-26,P003,S06,230,80500.0,0,0
2023-04-26,P004,S01,16,136000.0,0,0
2023-04-26,P004,S02,15,127500.0,0,0
2023-04-26,P004,S03,15,127500.0,0,0
2023-04-26,P004,S04,21,167995.25,1,0
2023-04-26,P004,S05,12,102000.0,0,0
2023-04-26,P004,S06,11,93500.0,0,0
2023-04-26,P005,S01,55,121000.0,0,0
2023-04-26,P005,S02,93,172290.95,1,0
2023-04-26,P005,S03,72,136307.43,1,0
2023-04-26,P005,S04,47,103400.0,0,0
2023-04-26,P005,S05,39,85800.0,0,0
2023-04-26,P005,S06,44,96800.0,0,0
2023-04-27,P001,S01,35,157500.0,0,0
2023-04-27,P001,S02,34,153000.0,0,0
2023-04-27,P001,S03,50,175483.86,1,0
2023-04-27,P001,S04,38,124427.3,1,0
2023-04-27,P001,S05,25,112500.0,0,0
2023-04-27,P001,S06,23,103500.0,0,0
2023-04-27,P002,S01,74,88800.0,0,0
2023-04-27,P002,S02,79,94800.0,0,0
2023-04-27,P002,S03,65,78000.0,0,0
2023-04-27,P002,S04,67,80400.0,0,0
2023-04-27,P002,S05,69,82800.0,0,0
2023-04-27,P002,S06,65,78000.0,0,0
2023-04-27,P003,S01,364,127400.0,0,0
2023-04-27,P003,S02,443,119327.15,1,0
2023-04-27,P003,S03,301,105350.0,0,0
2023-04-27,P003,S04,502,156537.5,1,0
2023-04-27,P003,S05,267,93450.0,0,0
2023-04-27,P003,S06,406,104247.86,1,0
2023-04-27,P004,S01,12,102000.0,0,0
2023-04-27,P004,S02,14,119000.0,0,0
2023-04-27,P004,S03,11,93500.0,0,0
2023-04-27,P004,S04,13,110500.0,0,0
2023-04-27,P004,S05,11,93500.0,0,0
2023-04-27,P004,S06,11,93500.0,0,0
2023-04-27,P005,S01,43,94600.0,0,0
2023-04-27,P005,S02,50,110000.0,0,0
2023-04-27,P005,S03,50,110000.0,0,0
2023-04-27,P005,S04,39,85800.0,0,0
2023-04-27,P005,S05,52,114400.0,0,0
2023-04-27,P005,S06,36,79200.0,0,0
2023-04-28,P001,S01,63,243232.94,1,0
2023-04-28,P001,S02,50,209193.69,1,0
2023-04-28,P001,S03,31,139500.0,0,0
2023-04-28,P001,S04,30,135000.0,0,0
2023-04-28,P001,S05,43,171303.2,1,0
2023-04-28,P001,S06,24,108000.0,0,0
2023-04-28,P002,S01,100,99807.28,1,0
2023-04-28,P002,S02,86,103200.0,0,0
2023-04-28,P002,S03,49,58800.0,0,0
2023-04-28,P002,S04,73,87600.0,0,0
2023-04-28,P002,S05,65,78000.0,0,0
2023-04-28,P002,S06,65,78000.0,0,0
2023-04-28,P003,S01,352,123200.0,0,0
2023-04-28,P003,S02,258,90300.0,0,0
2023-04-28,P003,S03,445,110191.09,1,0
2023-04-28,P003,S04,417,108263.21,1,0
2023-04-28,P003,S05,268,93800.0,0,0
2023-04-28,P003,S06,378,93042.54,1,0
2023-04-28,P004,S01,20,159505.12,1,0
2023-04-28,P004,S02,14,119000.0,0,0
2023-04-28,P004,S03,14,119000.0,0,0
2023-04-28,P004,S04,12,102000.0,0,0
2023-04-28,P004,S05,12,102000.0,0,0
2023-04-28,P004,S06,12,102000.0,0,0
2023-04-28,P005,S01,52,114400.0,0,0
2023-04-28,P005,S02,50,110000.0,0,0
2023-04-28,P005,S03,53,116600.0,0,0
2023-04-28,P005,S04,52,114400.0,0,0
2023-04-28,P005,S05,56,123200.0,0,0
2023-04-28,P005,S06,31,68200.0,0,0
2023-04-29,P001,S01,46,207000.0,0,0
2023-04-29,P001,S02,50,225000.0,0,0
2023-04-29,P001,S03,59,244812.78,1,0
2023-04-29,P001,S04,42,172513.65,1,0
2023-04-29,P001,S05,43,183287.47,1,0
2023-04-29,P001,S06,34,153000.0,0,0
2023-04-29,P002,S01,105,126000.0,0,0
2023-04-29,P002,S02,174,181210.79,1,0
2023-04-29,P002,S03,96,115200.0,0,0
2023-04-29,P002,S04,132,127701.79,1,0
2023-04-29,P002,S05,79,94800.0,0,0
2023-04-29,P002,S06,110,120649.94,1,0
2023-04-29,P003,S01,539,159064.74,1,0
2023-04-29,P003,S02,374,130900.0,0,0
2023-04-29,P003,S03,534,151541.29,1,0
2023-04-29,P003,S04,439,142477.12,1,0
2023-04-29,P003,S05,589,182604.64,1,0
2023-04-29,P003,S06,261,91350.0,0,0
2023-04-29,P004,S01,19,161500.0,0,0
2023-04-29,P004,S02,20,170000.0,0,0
2023-04-29,P004,S03,15,127500.0,0,0
2023-04-29,P004,S04,21,137776.79,1,0
2023-04-29,P004,S05,14,119000.0,0,0
2023-04-29,P004,S06,14,119000.0,0,0
2023-04-29,P005,S01,77,169400.0,0,0
2023-04-29,P005,S02,112,204277.38,1,0
2023-04-29,P005,S03,57,125400.0,0,0
2023-04-29,P005,S04,51,112200.0,0,0
2023-04-29,P005,S05,47,103400.0,0,0
2023-04-29,P005,S06,61,108998.12,1,0
2023-04-30,P001,S01,46,207000.0,0,0
2023-04-30,P001,S02,32,144000.0,0,0
2023-04-30,P001,S03,35,157500.0,0,0
2023-04-30,P001,S04,33,148500.0,0,0
2023-04-30,P001,S05,57,233712.02,1,0
2023-04-30,P001,S06,26,117000.0,0,0
2023-04-30,P002,S01,91,109200.0,0,0
2023-04-30,P002,S02,122,146400.0,0,0
2023-04-30,P002,S03,173,189675.19,1,0
2023-04-30,P002,S04,79,94800.0,0,0
2023-04-30,P002,S05,123,137862.34,1,0
2023-04-30,P002,S06,82,98400.0,0,0
2023-04-30,P003,S01,467,163450.0,0,0
2023-04-30,P003,S02,500,134563.07,1,0
2023-04-30,P003,S03,299,104650.0,0,0
2023-04-30,P003,S04,563,159141.2,1,0
2023-04-30,P003,S05,297,103950.0,0,0
2023-04-30,P003,S06,449,144853.21,1,0
2023-04-30,P004,S01,17,144500.0,0,0
2023-04-30,P004,S02,17,144500.0,0,0
2023-04-30,P004,S03,22,159466.73,1,0
2023-04-30,P004,S04,13,110500.0,0,0
2023-04-30,P004,S05,15,127500.0,0,0
2023-04-30,P004,S06,14,119000.0,0,0
2023-04-30,P005,S01,74,162800.0,0,0
2023-04-30,P005,S02,86,141733.15,1,0
2023-04-30,P005,S03,102,206916.39,1,0
2023-04-30,P005,S04,82,164887.47,1,0
2023-04-30,P005,S05,57,125400.0,0,0
2023-04-30,P005,S06,57,125400.0,0,0
2023-05-01,P001,S01,38,171000.0,0,0
2023-05-01,P001,S02,58,240443.35,1,0
2023-05-01,P001,S03,27,121500.0,0,0
2023-05-01,P001,S04,57,209591.71,1,0
2023-05-01,P001,S05,35,157500.0,0,0
2023-05-01,P001,S06,25,112500.0,0,0
2023-05-01,P002,S01,95,114000.0,0,0
2023-05-01,P002,S02,157,138831.45,1,0
2023-05-01,P002,S03,77,92400.0,0,0
2023-05-01,P002,S04,69,82800.0,0,0
2023-05-01,P002,S05,82,98400.0,0,0
2023-05-01,P002,S06,72,86400.0,0,0
2023-05-01,P003,S01,610,155972.23,1,0
2023-05-01,P003,S02,293,102550.0,0,0
2023-05-01,P003,S03,381,111329.82,1,0
2023-05-01,P003,S04,283,99050.0,0,0
2023-05-01,P003,S05,315,110250.0,0,0
2023-05-01,P003,S06,194,67900.0,0,0
2023-05-01,P004,S01,30,190299.46,1,0
2023-05-01,P004,S02,17,144500.0,0,0
2023-05-01,P004,S03,13,110500.0,0,0
2023-05-01,P004,S04,14,119000.0,0,0
2023-05-01,P004,S05,19,118616.13,1,0
2023-05-01,P004,S06,11,93500.0,0,0
2023-05-01,P005,S01,69,151800.0,0,0
2023-05-01,P005,S02,53,116600.0,0,0
2023-05-01,P005,S03,53,116600.0,0,0
2023-05-01,P005,S04,57,125400.0,0,0
2023-05-01,P005,S05,48,105600.0,0,0
2023-05-01,P005,S06,58,106531.98,1,0
2023-05-02,P001,S01,35,157500.0,0,0
2023-05-02,P001,S02,38,171000.0,0,0
2023-05-02,P001,S03,49,167262.35,1,0
2023-05-02,P001,S04,24,108000.0,0,0
2023-05-02,P001,S05,49,198200.6,1,0
2023-05-02,P001,S06,28,126000.0,0,0
2023-05-02,P002,S01,85,102000.0,0,0
2023-05-02,P002,S02,90,108000.0,0,0
2023-05-02,P002,S03,120,134078.96,1,0
2023-05-02,P002,S04,77,92400.0,0,0
2023-05-02,P002,S05,54,64800.0,0,0
2023-05-02,P002,S06,91,88876.19,1,0
2023-05-02,P003,S01,373,130550.0,0,0
2023-05-02,P003,S02,396,138600.0,0,0
2023-05-02,P003,S03,523,137587.78,1,0
2023-05-02,P003,S04,275,96250.0,0,0
2023-05-02,P003,S05,556,148820.95,1,0
2023-05-02,P003,S06,544,174333.11,1,0
2023-05-02,P004,S01,16,136000.0,0,0
2023-05-02,P004,S02,29,188207.41,1,0
2023-05-02,P004,S03,20,154058.28,1,0
2023-05-02,P004,S04,14,119000.0,0,0
2023-05-02,P004,S05,14,119000.0,0,0
2023-05-02,P004,S06,17,104418.59,1,0
2023-05-02,P005,S01,63,138600.0,0,0
2023-05-02,P005,S02,61,134200.0,0,0
2023-05-02,P005,S03,52,114400.0,0,0
2023-05-02,P005,S04,49,107800.0,0,0
2023-05-02,P005,S05,47,103400.0,0,0
2023-05-02,P005,S06,40,88000.0,0,0
2023-05-03,P001,S01,66,279217.82,1,0
2023-05-03,P001,S02,36,162000.0,0,0
2023-05-03,P001,S03,33,148500.0,0,0
2023-05-03,P001,S04,52,166878.55,1,0
2023-05-03,P001,S05,32,144000.0,0,0
2023-05-03,P001,S06,26,117000.0,0,0
2023-05-03,P002,S01,73,87600.0,0,0
2023-05-03,P002,S02,75,90000.0,0,0
2023-05-03,P002,S03,83,99600.0,0,0
2023-05-03,P002,S04,84,100800.0,0,0
2023-05-03,P002,S05,80,96000.0,0,0
2023-05-03,P002,S06,70,84000.0,0,0
2023-05-03,P003,S01,422,147700.0,0,0
2023-05-03,P003,S02,213,74550.0,0,0
2023-05-03,P003,S03,388,135800.0,0,0
2023-05-03,P003,S04,328,114800.0,0,0
2023-05-03,P003,S05,273,95550.0,0,0
2023-05-03,P003,S06,236,82600.0,0,0
2023-05-03,P004,S01,15,127500.0,0,0
2023-05-03,P004,S02,15,127500.0,0,0
2023-05-03,P004,S03,17,144500.0,0,0
2023-05-03,P004,S04,11,93500.0,0,0
2023-05-03,P004,S05,13,110500.0,0,0
2023-05-03,P004,S06,12,102000.0,0,0
2023-05-03,P005,S01,59,129800.0,0,0
2023-05-03,P005,S02,52,114400.0,0,0
2023-05-03,P005,S03,60,132000.0,0,0
2023-05-03,P005,S04,43,94600.0,0,0
2023-05-03,P005,S05,59,129800.0,0,0
2023-05-03,P005,S06,39,85800.0,0,0
2023-05-04,P001,S01,40,180000.0,0,0
2023-05-04,P001,S02,43,193500.0,0,0
2023-05-04,P001,S03,33,148500.0,0,0
2023-05-04,P001,S04,51,179397.91,1,0
2023-05-04,P001,S05,56,217773.21,1,0
2023-05-04,P001,S06,22,99000.0,0,0
2023-05-04,P002,S01,86,103200.0,0,0
2023-05-04,P002,S02,83,99600.0,0,0
2023-05-04,P002,S03,101,121200.0,0,0
2023-05-04,P002,S04,85,102000.0,0,0
2023-05-04,P002,S05,80,96000.0,0,0
2023-05-04,P002,S06,78,93600.0,0,0
2023-05-04,P003,S01,350,122500.0,0,0
2023-05-04,P003,S02,398,139300.0,0,0
2023-05-04,P003,S03,390,136500.0,0,0
2023-05-04,P003,S04,330,115500.0,0,0
2023-05-04,P003,S05,278,97300.0,0,0
2023-05-04,P003,S06,392,114476.89,1,0
2023-05-04,P004,S01,25,165274.66,1,0
2023-05-04,P004,S02,29,197472.03,1,0
2023-05-04,P004,S03,12,102000.0,0,0
2023-05-04,P004,S04,13,110500.0,0,0
2023-05-04,P004,S05,10,85000.0,0,0
2023-05-04,P004,S06,13,110500.0,0,0
2023-05-04,P005,S01,65,143000.0,0,0
2023-05-04,P005,S02,72,158400.0,0,0
2023-05-04,P005,S03,57,125400.0,0,0
2023-05-04,P005,S04,43,94600.0,0,0
2023-05-04,P005,S05,45,99000.0,0,0
2023-05-04,P005,S06,63,98223.02,1,0
2023-05-05,P001,S01,54,243000.0,0,1
2023-05-05,P001,S02,58,261000.0,0,1
2023-05-05,P001,S03,50,225000.0,0,1
2023-05-05,P001,S04,41,184500.0,0,1
2023-05-05,P001,S05,78,311566.78,1,1
2023-05-05,P001,S06,36,162000.0,0,1
2023-05-05,P002,S01,148,177600.0,0,1
2023-05-05,P002,S02,196,193376.4,1,1
2023-05-05,P002,S03,199,213228.73,1,1
2023-05-05,P002,S04,80,96000.0,0,1
2023-05-05,P002,S05,118,141600.0,0,1
2023-05-05,P002,S06,168,159957.05,1,1
2023-05-05,P003,S01,584,204400.0,0,1
2023-05-05,P003,S02,468,163800.0,0,1
2023-05-05,P003,S03,753,238174.2,1,1
2023-05-05,P003,S04,600,186889.53,1,1
2023-05-05,P003,S05,698,173427.52,1,1
2023-05-05,P003,S06,445,155750.0,0,1
2023-05-05,P004,S01,34,243224.36,1,1
2023-05-05,P004,S02,27,229500.0,0,1
2023-05-05,P004,S03,39,301210.75,1,1
2023-05-05,P004,S04,17,144500.0,0,1
2023-05-05,P004,S05,33,198634.31,1,1
2023-05-05,P004,S06,13,110500.0,0,1
2023-05-05,P005,S01,102,224400.0,0,1
2023-05-05,P005,S02,169,344636.08,1,1
2023-05-05,P005,S03,86,189200.0,0,1
2023-05-05,P005,S04,57,125400.0,0,1
2023-05-05,P005,S05,73,160600.0,0,1
2023-05-05,P005,S06,63,138600.0,0,1
2023-05-06,P001,S01,64,241568.53,1,0
2023-05-06,P001,S02,46,207000.0,0,0
2023-05-06,P001,S03,40,180000.0,0,0
2023-05-06,P001,S04,60,249487.09,1,0
2023-05-06,P001,S05,40,180000.0,0,0
2023-05-06,P001,S06,54,171875.44,1,0
2023-05-06,P002,S01,188,166848.94,1,0
2023-05-06,P002,S02,129,121345.48,1,0
2023-05-06,P002,S03,98,117600.0,0,0
2023-05-06,P002,S04,80,96000.0,0,0
2023-05-06,P002,S05,86,103200.0,0,0
2023-05-06,P002,S06,134,122025.4,1,0
2023-05-06,P003,S01,645,170935.54,1,0
2023-05-06,P003,S02,376,131600.0,0,0
2023-05-06,P003,S03,319,111650.0,0,0
2023-05-06,P003,S04,367,128450.0,0,0
2023-05-06,P003,S05,381,133350.0,0,0
2023-05-06,P003,S06,481,134258.19,1,0
2023-05-06,P004,S01,19,161500.0,0,0
2023-05-06,P004,S02,34,220702.21,1,0
2023-05-06,P004,S03,20,170000.0,0,0
2023-05-06,P004,S04,23,160281.23,1,0
2023-05-06,P004,S05,13,110500.0,0,0
2023-05-06,P004,S06,24,163066.83,1,0
2023-05-06,P005,S01,65,143000.0,0,0
2023-05-06,P005,S02,72,158400.0,0,0
2023-05-06,P005,S03,54,118800.0,0,0
2023-05-06,P005,S04,57,125400.0,0,0
2023-05-06,P005,S05,101,161536.3,1,0
2023-05-06,P005,S06,94,183741.04,1,0
2023-05-07,P001,S01,53,238500.0,0,0
2023-05-07,P001,S02,39,175500.0,0,0
2023-05-07,P001,S03,67,274677.44,1,0
2023-05-07,P001,S04,51,173351.57,1,0
2023-05-07,P001,S05,34,153000.0,0,0
2023-05-07,P001,S06,49,205167.06,1,0
2023-05-07,P002,S01,130,156000.0,0,0
2023-05-07,P002,S02,181,164001.61,1,0
2023-05-07,P002,S03,109,130800.0,0,0
2023-05-07,P002,S04,91,109200.0,0,0
2023-05-07,P002,S05,87,104400.0,0,0
2023-05-07,P002,S06,106,116165.43,1,0
2023-05-07,P003,S01,433,151550.0,0,0
2023-05-07,P003,S02,496,173600.0,0,0
2023-05-07,P003,S03,396,138600.0,0,0
2023-05-07,P003,S04,494,135144.7,1,0
2023-05-07,P003,S05,401,140350.0,0,0
2023-05-07,P003,S06,257,89950.0,0,0
2023-05-07,P004,S01,36,236395.04,1,0
2023-05-07,P004,S02,37,226070.9,1,0
2023-05-07,P004,S03,15,127500.0,0,0
2023-05-07,P004,S04,17,144500.0,0,0
2023-05-07,P004,S05,25,192903.17,1,0
2023-05-07,P004,S06,24,171878.19,1,0
2023-05-07,P005,S01,82,180400.0,0,0
2023-05-07,P005,S02,120,236694.89,1,0
2023-05-07,P005,S03,73,160600.0,0,0
2023-05-07,P005,S04,53,88300.17,1,0
2023-05-07,P005,S05,52,114400.0,0,0
2023-05-07,P005,S06,81,167016.09,1,0
2023-05-08,P001,S01,41,184500.0,0,0
2023-05-08,P001,S02,36,162000.0,0,0
2023-05-08,P001,S03,33,148500.0,0,0
2023-05-08,P001,S04,33,148500.0,0,0
2023-05-08,P001,S05,50,212313.01,1,0
2023-05-08,P001,S06,24,108000.0,0,0
2023-05-08,P002,S01,89,106800.0,0,0
2023-05-08,P002,S02,151,137212.57,1,0
2023-05-08,P002,S03,89,106800.0,0,0
2023-05-08,P002,S04,65,78000.0,0,0
2023-05-08,P002,S05,88,105600.0,0,0
2023-05-08,P002,S06,82,98400.0,0,0
2023-05-08,P003,S01,435,152250.0,0,0
2023-05-08,P003,S02,364,127400.0,0,0
2023-05-08,P003,S03,305,106750.0,0,0
2023-05-08,P003,S04,507,152881.63,1,0
2023-05-08,P003,S05,293,102550.0,0,0
2023-05-08,P003,S06,227,79450.0,0,0
2023-05-08,P004,S01,26,183817.04,1,0
2023-05-08,P004,S02,19,161500.0,0,0
2023-05-08,P004,S03,15,127500.0,0,0
2023-05-08,P004,S04,13,110500.0,0,0
2023-05-08,P004,S05,11,93500.0,0,0
2023-05-08,P004,S06,17,109845.42,1,0
2023-05-08,P005,S01,57,125400.0,0,0
2023-05-08,P005,S02,66,145200.0,0,0
2023-05-08,P005,S03,53,116600.0,0,0
2023-05-08,P005,S04,56,123200.0,0,0
2023-05-08,P005,S05,44,96800.0,0,0
2023-05-08,P005,S06,69,140553.84,1,0
2023-05-09,P001,S01,39,175500.0,0,0
2023-05-09,P001,S02,41,184500.0,0,0
2023-05-09,P001,S03,29,130500.0,0,0
2023-05-09,P001,S04,32,144000.0,0,0
2023-05-09,P001,S05,52,173282.03,1,0
2023-05-09,P001,S06,29,130500.0,0,0
2023-05-09,P002,S01,96,115200.0,0,0
2023-05-09,P002,S02,92,110400.0,0,0
2023-05-09,P002,S03,81,97200.0,0,0
2023-05-09,P002,S04,127,106758.01,1,0
2023-05-09,P002,S05,119,122280.08,1,0
2023-05-09,P002,S06,63,75600.0,0,0
2023-05-09,P003,S01,382,133700.0,0,0
2023-05-09,P003,S02,362,126700.0,0,0
2023-05-09,P003,S03,297,103950.0,0,0
2023-05-09,P003,S04,305,106750.0,0,0
2023-05-09,P003,S05,281,98350.0,0,0
2023-05-09,P003,S06,286,100100.0,0,0
2023-05-09,P004,S01,18,153000.0,0,0
2023-05-09,P004,S02,17,144500.0,0,0
2023-05-09,P004,S03,16,136000.0,0,0
2023-05-09,P004,S04,19,152150.45,1,0
2023-05-09,P004,S05,14,119000.0,0,0
2023-05-09,P004,S06,22,143982.62,1,0
2023-05-09,P005,S01,56,123200.0,0,0
2023-05-09,P005,S02,59,129800.0,0,0
2023-05-09,P005,S03,103,174946.78,1,0
2023-05-09,P005,S04,44,96800.0,0,0
2023-05-09,P005,S05,54,118800.0,0,0
2023-05-09,P005,S06,53,116600.0,0,0
2023-05-10,P001,S01,40,180000.0,0,0
2023-05-10,P001,S02,33,148500.0,0,0
2023-05-10,P001,S03,27,121500.0,0,0
2023-05-10,P001,S04,35,157500.0,0,0
2023-05-10,P001,S05,30,135000.0,0,0
2023-05-10,P001,S06,44,159632.36,1,0
2023-05-10,P002,S01,90,108000.0,0,0
2023-05-10,P002,S02,77,92400.0,0,0
2023-05-10,P002,S03,75,90000.0,0,0
2023-05-10,P002,S04,64,76800.0,0,0
2023-05-10,P002,S05,67,80400.0,0,0
2023-05-10,P002,S06,60,72000.0,0,0
2023-05-10,P003,S01,367,128450.0,0,0
2023-05-10,P003,S02,284,99400.0,0,0
2023-05-10,P003,S03,412,144200.0,0,0
2023-05-10,P003,S04,318,111300.0,0,0
2023-05-10,P003,S05,313,109550.0,0,0
2023-05-10,P003,S06,264,92400.0,0,0
2023-05-10,P004,S01,17,144500.0,0,0
2023-05-10,P004,S02,16,136000.0,0,0
2023-05-10,P004,S03,13,110500.0,0,0
2023-05-10,P004,S04,15,127500.0,0,0
2023-05-10,P004,S05,11,93500.0,0,0
2023-05-10,P004,S06,22,133961.74,1,0
2023-05-10,P005,S01,55,121000.0,0,0
2023-05-10,P005,S02,61,134200.0,0,0
2023-05-10,P005,S03,123,232008.27,1,0
2023-05-10,P005,S04,58,127600.0,0,0
2023-05-10,P005,S05,44,96800.0,0,0
2023-05-10,P005,S06,58,118832.36,1,0
2023-05-11,P001,S01,38,171000.0,0,0
2023-05-11,P001,S02,41,184500.0,0,0
2023-05-11,P001,S03,35,157500.0,0,0
2023-05-11,P001,S04,25,112500.0,0,0
2023-05-11,P001,S05,33,148500.0,0,0
2023-05-11,P001,S06,24,108000.0,0,0
2023-05-11,P002,S01,96,115200.0,0,0
2023-05-11,P002,S02,94,112800.0,0,0
2023-05-11,P002,S03,92,110400.0,0,0
2023-05-11,P002,S04,74,88800.0,0,0
2023-05-11,P002,S05,71,85200.0,0,0
2023-05-11,P002,S06,58,69600.0,0,0
2023-05-11,P003,S01,300,105000.0,0,0
2023-05-11,P003,S02,328,114800.0,0,0
2023-05-11,P003,S03,352,123200.0,0,0
2023-05-11,P003,S04,533,138391.75,1,0
2023-05-11,P003,S05,452,114396.1,1,0
2023-05-11,P003,S06,303,106050.0,0,0
2023-05-11,P004,S01,18,153000.0,0,0
2023-05-11,P004,S02,16,136000.0,0,0
2023-05-11,P004,S03,15,127500.0,0,0
2023-05-11,P004,S04,13,110500.0,0,0
2023-05-11,P004,S05,11,93500.0,0,0
2023-05-11,P004,S06,10,85000.0,0,0
2023-05-11,P005,S01,63,138600.0,0,0
2023-05-11,P005,S02,61,134200.0,0,0
2023-05-11,P005,S03,63,138600.0,0,0
2023-05-11,P005,S04,49,107800.0,0,0
2023-05-11,P005,S05,81,151994.2,1,0
2023-05-11,P005,S06,54,118800.0,0,0
2023-05-12,P001,S01,33,148500.0,0,0
2023-05-12,P001,S02,53,166959.28,1,0
2023-05-12,P001,S03,27,121500.0,0,0
2023-05-12,P001,S04,49,201355.83,1,0
2023-05-12,P001,S05,31,139500.0,0,0
2023-05-12,P001,S06,41,144074.82,1,0
2023-05-12,P002,S01,95,114000.0,0,0
2023-05-12,P002,S02,83,99600.0,0,0
2023-05-12,P002,S03,74,88800.0,0,0
2023-05-12,P002,S04,81,97200.0,0,0
2023-05-12,P002,S05,145,147361.37,1,0
2023-05-12,P002,S06,55,66000.0,0,0
2023-05-12,P003,S01,340,119000.0,0,0
2023-05-12,P003,S02,380,133000.0,0,0
2023-05-12,P003,S03,559,175114.78,1,0
2023-05-12,P003,S04,286,100100.0,0,0
2023-05-12,P003,S05,280,98000.0,0,0
2023-05-12,P003,S06,506,127612.46,1,0
2023-05-12,P004,S01,19,161500.0,0,0
2023-05-12,P004,S02,13,110500.0,0,0
2023-05-12,P004,S03,16,136000.0,0,0
2023-05-12,P004,S04,12,102000.0,0,0
2023-05-12,P004,S05,16,136000.0,0,0
2023-05-12,P004,S06,12,102000.0,0,0
2023-05-12,P005,S01,60,132000.0,0,0
2023-05-12,P005,S02,50,110000.0,0,0
2023-05-12,P005,S03,50,110000.0,0,0
2023-05-12,P005,S04,51,112200.0,0,0
2023-05-12,P005,S05,67,147400.0,0,0
2023-05-12,P005,S06,39,85800.0,0,0
2023-05-13,P001,S01,47,211500.0,0,0
2023-05-13,P001,S02,37,166500.0,0,0
2023-05-13,P001,S03,64,230629.52,1,0
2023-05-13,P001,S04,36,162000.0,0,0
2023-05-13,P001,S05,39,175500.0,0,0
2023-05-13,P001,S06,38,123867.75,1,0
2023-05-13,P002,S01,123,147600.0,0,0
2023-05-13,P002,S02,164,177040.17,1,0
2023-05-13,P002,S03,136,131217.76,1,0
2023-05-13,P002,S04,89,106800.0,0,0
2023-05-13,P002,S05,92,110400.0,0,0
2023-05-13,P002,S06,77,92400.0,0,0
2023-05-13,P003,S01,536,187600.0,0,0
2023-05-13,P003,S02,391,136850.0,0,0
2023-05-13,P003,S03,491,135477.14,1,0
2023-05-13,P003,S04,618,174357.43,1,0
2023-05-13,P003,S05,367,128450.0,0,0
2023-05-13,P003,S06,294,102900.0,0,0
2023-05-13,P004,S01,18,153000.0,0,0
2023-05-13,P004,S02,31,198160.94,1,0
2023-05-13,P004,S03,17,144500.0,0,0
2023-05-13,P004,S04,15,127500.0,0,0
2023-05-13,P004,S05,15,127500.0,0,0
2023-05-13,P004,S06,14,119000.0,0,0
2023-05-13,P005,S01,64,140800.0,0,0
2023-05-13,P005,S02,79,173800.0,0,0
2023-05-13,P005,S03,102,178305.64,1,0
2023-05-13,P005,S04,54,118800.0,0,0
2023-05-13,P005,S05,57,125400.0,0,0
2023-05-13,P005,S06,48,105600.0,0,0
2023-05-14,P001,S01,44,198000.0,0,0
2023-05-14,P001,S02,44,198000.0,0,0
2023-05-14,P001,S03,37,166500.0,0,0
2023-05-14,P001,S04,43,193500.0,0,0
2023-05-14,P001,S05,31,139500.0,0,0
2023-05-14,P001,S06,29,130500.0,0,0
2023-05-14,P002,S01,105,126000.0,0,0
2023-05-14,P002,S02,148,166553.27,1,0
2023-05-14,P002,S03,91,109200.0,0,0
2023-05-14,P002,S04,69,82800.0,0,0
2023-05-14,P002,S05,83,99600.0,0,0
2023-05-14,P002,S06,126,127223.93,1,0
2023-05-14,P003,S01,445,155750.0,0,0
2023-05-14,P003,S02,334,116900.0,0,0
2023-05-14,P003,S03,350,122500.0,0,0
2023-05-14,P003,S04,350,122500.0,0,0
2023-05-14,P003,S05,632,208893.1,1,0
2023-05-14,P003,S06,529,148083.39,1,0
2023-05-14,P004,S01,23,195500.0,0,0
2023-05-14,P004,S02,22,187000.0,0,0
2023-05-14,P004,S03,19,161500.0,0,0
2023-05-14,P004,S04,20,170000.0,0,0
2023-05-14,P004,S05,15,127500.0,0,0
2023-05-14,P004,S06,13,110500.0,0,0
2023-05-14,P005,S01,68,149600.0,0,0
2023-05-14,P005,S02,87,167444.93,1,0
2023-05-14,P005,S03,55,121000.0,0,0
2023-05-14,P005,S04,102,165480.85,1,0
2023-05-14,P005,S05,105,191839.92,1,0
2023-05-14,P005,S06,43,94600.0,0,0
2023-05-15,P001,S01,34,153000.0,0,0
2023-05-15,P001,S02,29,130500.0,0,0
2023-05-15,P001,S03,50,180565.56,1,0
2023-05-15,P001,S04,29,130500.0,0,0
2023-05-15,P001,S05,29,130500.0,0,0
2023-05-15,P001,S06,45,185198.49,1,0
2023-05-15,P002,S01,118,141600.0,0,0
2023-05-15,P002,S02,137,125319.39,1,0
2023-05-15,P002,S03,84,100800.0,0,0
2023-05-15,P002,S04,46,55200.0,0,0
2023-05-15,P002,S05,83,99600.0,0,0
2023-05-15,P002,S06,54,64800.0,0,0
2023-05-15,P003,S01,387,135450.0,0,0
2023-05-15,P003,S02,523,157236.45,1,0
2023-05-15,P003,S03,298,104300.0,0,0
2023-05-15,P003,S04,458,141824.53,1,0
2023-05-15,P003,S05,343,120050.0,0,0
2023-05-15,P003,S06,230,80500.0,0,0
2023-05-15,P004,S01,19,161500.0,0,0
2023-05-15,P004,S02,19,161500.0,0,0
2023-05-15,P004,S03,12,102000.0,0,0
2023-05-15,P004,S04,19,124416.36,1,0
2023-05-15,P004,S05,19,142798.25,1,0
2023-05-15,P004,S06,11,93500.0,0,0
2023-05-15,P005,S01,75,165000.0,0,0
2023-05-15,P005,S02,94,154654.32,1,0
2023-05-15,P005,S03,62,136400.0,0,0
2023-05-15,P005,S04,40,88000.0,0,0
2023-05-15,P005,S05,56,123200.0,0,0
2023-05-15,P005,S06,43,94600.0,0,0
2023-05-16,P001,S01,35,157500.0,0,0
2023-05-16,P001,S02,31,139500.0,0,0
2023-05-16,P001,S03,38,171000.0,0,0
2023-05-16,P001,S04,28,126000.0,0,0
2023-05-16,P001,S05,49,187493.31,1,0
2023-05-16,P001,S06,26,117000.0,0,0
2023-05-16,P002,S01,108,129600.0,0,0
2023-05-16,P002,S02,73,87600.0,0,0
2023-05-16,P002,S03,144,131493.75,1,0
2023-05-16,P002,S04,114,115581.96,1,0
2023-05-16,P002,S05,78,93600.0,0,0
2023-05-16,P002,S06,77,92400.0,0,0
2023-05-16,P003,S01,424,148400.0,0,0
2023-05-16,P003,S02,401,140350.0,0,0
2023-05-16,P003,S03,284,99400.0,0,0
2023-05-16,P003,S04,379,108657.69,1,0
2023-05-16,P003,S05,502,143354.21,1,0
2023-05-16,P003,S06,232,81200.0,0,0
2023-05-16,P004,S01,15,127500.0,0,0
2023-05-16,P004,S02,22,161249.07,1,0
2023-05-16,P004,S03,16,136000.0,0,0
2023-05-16,P004,S04,14,119000.0,0,0
2023-05-16,P004,S05,12,102000.0,0,0
2023-05-16,P004,S06,19,131348.16,1,0
2023-05-16,P005,S01,117,210118.79,1,0
2023-05-16,P005,S02,57,125400.0,0,0
2023-05-16,P005,S03,64,140800.0,0,0
2023-05-16,P005,S04,45,99000.0,0,0
2023-05-16,P005,S05,50,110000.0,0,0
2023-05-16,P005,S06,54,118800.0,0,0
2023-05-17,P001,S01,36,162000.0,0,0
2023-05-17,P001,S02,36,162000.0,0,0
2023-05-17,P001,S03,34,153000.0,0,0
2023-05-17,P001,S04,26,117000.0,0,0
2023-05-17,P001,S05,36,132375.37,1,0
2023-05-17,P001,S06,22,99000.0,0,0
2023-05-17,P002,S01,92,110400.0,0,0
2023-05-17,P002,S02,135,136015.16,1,0
2023-05-17,P002,S03,88,105600.0,0,0
2023-05-17,P002,S04,60,72000.0,0,0
2023-05-17,P002,S05,86,103200.0,0,0
2023-05-17,P002,S06,67,80400.0,0,0
2023-05-17,P003,S01,405,141750.0,0,0
2023-05-17,P003,S02,543,158455.89,1,0
2023-05-17,P003,S03,558,166673.18,1,0
2023-05-17,P003,S04,343,120050.0,0,0
2023-05-17,P003,S05,581,149729.1,1,0
2023-05-17,P003,S06,254,88900.0,0,0
2023-05-17,P004,S01,17,144500.0,0,0
2023-05-17,P004,S02,15,127500.0,0,0
2023-05-17,P004,S03,15,127500.0,0,0
2023-05-17,P004,S04,22,148819.04,1,0
2023-05-17,P004,S05,15,127500.0,0,0
2023-05-17,P004,S06,12,102000.0,0,0
2023-05-17,P005,S01,72,158400.0,0,0
2023-05-17,P005,S02,57,125400.0,0,0
2023-05-17,P005,S03,50,110000.0,0,0
2023-05-17,P005,S04,57,125400.0,0,0
2023-05-17,P005,S05,45,99000.0,0,0
2023-05-17,P005,S06,51,112200.0,0,0
2023-05-18,P001,S01,34,153000.0,0,0
2023-05-18,P001,S02,38,171000.0,0,0
2023-05-18,P001,S03,31,139500.0,0,0
2023-05-18,P001,S04,30,135000.0,0,0
2023-05-18,P001,S05,58,231572.03,1,0
2023-05-18,P001,S06,28,126000.0,0,0
2023-05-18,P002,S01,99,118800.0,0,0
2023-05-18,P002,S02,100,120000.0,0,0
2023-05-18,P002,S03,107,128400.0,0,0
2023-05-18,P002,S04,80,96000.0,0,0
2023-05-18,P002,S05,73,87600.0,0,0
2023-05-18,P002,S06,80,96000.0,0,0
2023-05-18,P003,S01,361,126350.0,0,0
2023-05-18,P003,S02,304,106400.0,0,0
2023-05-18,P003,S03,316,110600.0,0,0
2023-05-18,P003,S04,295,103250.0,0,0
2023-05-18,P003,S05,446,129925.76,1,0
2023-05-18,P003,S06,223,78050.0,0,0
2023-05-18,P004,S01,17,144500.0,0,0
2023-05-18,P004,S02,17,144500.0,0,0
2023-05-18,P004,S03,27,177548.43,1,0
2023-05-18,P004,S04,17,117080.56,1,0
2023-05-18,P004,S05,15,127500.0,0,0
2023-05-18,P004,S06,11,93500.0,0,0
2023-05-18,P005,S01,52,114400.0,0,0
2023-05-18,P005,S02,68,149600.0,0,0
2023-05-18,P005,S03,101,192576.69,1,0
2023-05-18,P005,S04,56,123200.0,0,0
2023-05-18,P005,S05,45,99000.0,0,0
2023-05-18,P005,S06,33,72600.0,0,0
2023-05-19,P001,S01,44,198000.0,0,0
2023-05-19,P001,S02,42,189000.0,0,0
2023-05-19,P001,S03,32,144000.0,0,0
2023-05-19,P001,S04,45,159012.33,1,0
2023-05-19,P001,S05,29,130500.0,0,0
2023-05-19,P001,S06,25,112500.0,0,0
2023-05-19,P002,S01,97,116400.0,0,0
2023-05-19,P002,S02,84,100800.0,0,0
2023-05-19,P002,S03,86,103200.0,0,0
2023-05-19,P002,S04,85,102000.0,0,0
2023-05-19,P002,S05,73,87600.0,0,0
2023-05-19,P002,S06,62,74400.0,0,0
2023-05-19,P003,S01,409,143150.0,0,0
2023-05-19,P003,S02,279,97650.0,0,0
2023-05-19,P003,S03,351,122850.0,0,0
2023-05-19,P003,S04,378,113307.5,1,0
2023-05-19,P003,S05,231,80850.0,0,0
2023-05-19,P003,S06,277,96950.0,0,0
2023-05-19,P004,S01,16,136000.0,0,0
2023-05-19,P004,S02,13,110500.0,0,0
2023-05-19,P004,S03,15,127500.0,0,0
2023-05-19,P004,S04,14,119000.0,0,0
2023-05-19,P004,S05,13,110500.0,0,0
2023-05-19,P004,S06,13,110500.0,0,0
2023-05-19,P005,S01,72,158400.0,0,0
2023-05-19,P005,S02,64,140800.0,0,0
2023-05-19,P005,S03,55,121000.0,0,0
2023-05-19,P005,S04,55,121000.0,0,0
2023-05-19,P005,S05,92,170530.64,1,0
2023-05-19,P005,S06,44,96800.0,0,0
2023-05-20,P001,S01,46,207000.0,0,0
2023-05-20,P001,S02,60,199924.72,1,0
2023-05-20,P001,S03,78,262354.0,1,0
2023-05-20,P001,S04,32,144000.0,0,0
2023-05-20,P001,S05,36,162000.0,0,0
2023-05-20,P001,S06,44,149746.46,1,0
2023-05-20,P002,S01,122,146400.0,0,0
2023-05-20,P002,S02,107,128400.0,0,0
2023-05-20,P002,S03,154,140675.57,1,0
2023-05-20,P002,S04,84,100800.0,0,0
2023-05-20,P002,S05,128,135115.86,1,0
2023-05-20,P002,S06,55,66000.0,0,0
2023-05-20,P003,S01,552,144548.24,1,0
2023-05-20,P003,S02,659,187689.41,1,0
2023-05-20,P003,S03,409,143150.0,0,0
2023-05-20,P003,S04,398,139300.0,0,0
2023-05-20,P003,S05,473,147863.51,1,0
2023-05-20,P003,S06,580,146785.58,1,0
2023-05-20,P004,S01,20,170000.0,0,0
2023-05-20,P004,S02,21,178500.0,0,0
2023-05-20,P004,S03,26,187953.24,1,0
2023-05-20,P004,S04,21,163013.98,1,0
2023-05-20,P004,S05,25,157424.0,1,0
2023-05-20,P004,S06,13,110500.0,0,0
2023-05-20,P005,S01,109,204601.32,1,0
2023-05-20,P005,S02,123,219822.58,1,0
2023-05-20,P005,S03,73,160600.0,0,0
2023-05-20,P005,S04,85,175331.07,1,0
2023-05-20,P005,S05,64,140800.0,0,0
2023-05-20,P005,S06,95,154141.24,1,0
2023-05-21,P001,S01,51,229500.0,0,0
2023-05-21,P001,S02,38,171000.0,0,0
2023-05-21,P001,S03,35,157500.0,0,0
2023-05-21,P001,S04,34,153000.0,0,0
2023-05-21,P001,S05,46,151683.58,1,0
2023-05-21,P001,S06,25,112500.0,0,0
2023-05-21,P002,S01,95,114000.0,0,0
2023-05-21,P002,S02,168,146940.1,1,0
2023-05-21,P002,S03,87,104400.0,0,0
2023-05-21,P002,S04,123,130346.12,1,0
2023-05-21,P002,S05,85,102000.0,0,0
2023-05-21,P002,S06,111,100455.11,1,0
2023-05-21,P003,S01,516,180600.0,0,0
2023-05-21,P003,S02,450,157500.0,0,0
2023-05-21,P003,S03,354,123900.0,0,0
2023-05-21,P003,S04,374,130900.0,0,0
2023-05-21,P003,S05,585,153208.98,1,0
2023-05-21,P003,S06,360,126000.0,0,0
2023-05-21,P004,S01,24,204000.0,0,0
2023-05-21,P004,S02,18,153000.0,0,0
2023-05-21,P004,S03,19,161500.0,0,0
2023-05-21,P004,S04,26,171933.2,1,0
2023-05-21,P004,S05,15,127500.0,0,0
2023-05-21,P004,S06,12,102000.0,0,0
2023-05-21,P005,S01,118,224577.63,1,0
2023-05-21,P005,S02,105,186072.53,1,0
2023-05-21,P005,S03,69,151800.0,0,0
2023-05-21,P005,S04,59,129800.0,0,0
2023-05-21,P005,S05,51,112200.0,0,0
2023-05-21,P005,S06,75,144586.05,1,0
2023-05-22,P001,S01,46,207000.0,0,0
2023-05-22,P001,S02,35,157500.0,0,0
2023-05-22,P001,S03,39,175500.0,0,0
2023-05-22,P001,S04,29,130500.0,0,0
2023-05-22,P001,S05,37,166500.0,0,0
2023-05-22,P001,S06,27,121500.0,0,0
2023-05-22,P002,S01,109,130800.0,0,0
2023-05-22,P002,S02,115,138000.0,0,0
2023-05-22,P002,S03,97,116400.0,0,0
2023-05-22,P002,S04,86,103200.0,0,0
2023-05-22,P002,S05,82,98400.0,0,0
2023-05-22,P002,S06,63,75600.0,0,0
2023-05-22,P003,S01,407,142450.0,0,0
2023-05-22,P003,S02,352,123200.0,0,0
2023-05-22,P003,S03,288,100800.0,0,0
2023-05-22,P003,S04,297,103950.0,0,0
2023-05-22,P003,S05,317,110950.0,0,0
2023-05-22,P003,S06,300,105000.0,0,0
2023-05-22,P004,S01,19,161500.0,0,0
2023-05-22,P004,S02,22,173327.22,1,0
2023-05-22,P004,S03,13,110500.0,0,0
2023-05-22,P004,S04,12,102000.0,0,0
2023-05-22,P004,S05,13,110500.0,0,0
2023-05-22,P004,S06,11,93500.0,0,0
2023-05-22,P005,S01,89,138323.22,1,0
2023-05-22,P005,S02,65,143000.0,0,0
2023-05-22,P005,S03,46,101200.0,0,0
2023-05-22,P005,S04,50,110000.0,0,0
2023-05-22,P005,S05,79,134192.56,1,0
2023-05-22,P005,S06,42,92400.0,0,0
2023-05-23,P001,S01,42,189000.0,0,0
2023-05-23,P001,S02,34,153000.0,0,0
2023-05-23,P001,S03,33,148500.0,0,0
2023-05-23,P001,S04,32,144000.0,0,0
2023-05-23,P001,S05,31,139500.0,0,0
2023-05-23,P001,S06,30,135000.0,0,0
2023-05-23,P002,S01,171,150594.38,1,0
2023-05-23,P002,S02,102,122400.0,0,0
2023-05-23,P002,S03,52,62400.0,0,0
2023-05-23,P002,S04,77,92400.0,0,0
2023-05-23,P002,S05,83,99600.0,0,0
2023-05-23,P002,S06,77,92400.0,0,0
2023-05-23,P003,S01,358,125300.0,0,0
2023-05-23,P003,S02,619,203136.44,1,0
2023-05-23,P003,S03,358,125300.0,0,0
2023-05-23,P003,S04,320,112000.0,0,0
2023-05-23,P003,S05,280,98000.0,0,0
2023-05-23,P003,S06,285,99750.0,0,0
2023-05-23,P004,S01,25,189538.23,1,0
2023-05-23,P004,S02,16,136000.0,0,0
2023-05-23,P004,S03,15,127500.0,0,0
2023-05-23,P004,S04,15,127500.0,0,0
2023-05-23,P004,S05,13,110500.0,0,0
2023-05-23,P004,S06,12,102000.0,0,0
2023-05-23,P005,S01,119,195516.72,1,0
2023-05-23,P005,S02,63,138600.0,0,0
2023-05-23,P005,S03,51,112200.0,0,0
2023-05-23,P005,S04,46,101200.0,0,0
2023-05-23,P005,S05,61,134200.0,0,0
2023-05-23,P005,S06,54,118800.0,0,0
2023-05-24,P001,S01,39,175500.0,0,0
2023-05-24,P001,S02,35,157500.0,0,0
2023-05-24,P001,S03,35,157500.0,0,0
2023-05-24,P001,S04,33,148500.0,0,0
2023-05-24,P001,S05,35,157500.0,0,0
2023-05-24,P001,S06,28,126000.0,0,0
2023-05-24,P002,S01,102,122400.0,0,0
2023-05-24,P002,S02,109,130800.0,0,0
2023-05-24,P002,S03,96,115200.0,0,0
2023-05-24,P002,S04,73,87600.0,0,0
2023-05-24,P002,S05,51,61200.0,0,0
2023-05-24,P002,S06,63,75600.0,0,0
2023-05-24,P003,S01,307,107450.0,0,0
2023-05-24,P003,S02,354,123900.0,0,0
2023-05-24,P003,S03,334,116900.0,0,0
2023-05-24,P003,S04,342,119700.0,0,0
2023-05-24,P003,S05,285,99750.0,0,0
2023-05-24,P003,S06,278,97300.0,0,0
2023-05-24,P004,S01,29,177278.19,1,0
2023-05-24,P004,S02,15,127500.0,0,0
2023-05-24,P004,S03,13,110500.0,0,0
2023-05-24,P004,S04,21,134443.05,1,0
2023-05-24,P004,S05,12,102000.0,0,0
2023-05-24,P004,S06,13,110500.0,0,0
2023-05-24,P005,S01,62,136400.0,0,0
2023-05-24,P005,S02,66,145200.0,0,0
2023-05-24,P005,S03,52,114400.0,0,0
2023-05-24,P005,S04,44,96800.0,0,0
2023-05-24,P005,S05,46,101200.0,0,0
2023-05-24,P005,S06,78,158997.78,1,0
2023-05-25,P001,S01,32,144000.0,0,0
2023-05-25,P001,S02,34,153000.0,0,0
2023-05-25,P001,S03,33,148500.0,0,0
2023-05-25,P001,S04,28,126000.0,0,0
2023-05-25,P001,S05,37,166500.0,0,0
2023-05-25,P001,S06,46,170688.82,1,0
2023-05-25,P002,S01,83,99600.0,0,0
2023-05-25,P002,S02,138,142967.46,1,0
2023-05-25,P002,S03,68,81600.0,0,0
2023-05-25,P002,S04,80,96000.0,0,0
2023-05-25,P002,S05,104,111151.72,1,0
2023-05-25,P002,S06,62,74400.0,0,0
2023-05-25,P003,S01,396,138600.0,0,0
2023-05-25,P003,S02,293,102550.0,0,0
2023-05-25,P003,S03,341,119350.0,0,0
2023-05-25,P003,S04,291,101850.0,0,0
2023-05-25,P003,S05,454,121214.27,1,0
2023-05-25,P003,S06,254,88900.0,0,0
2023-05-25,P004,S01,23,156448.13,1,0
2023-05-25,P004,S02,17,144500.0,0,0
2023-05-25,P004,S03,13,110500.0,0,0
2023-05-25,P004,S04,27,209609.85,1,0
2023-05-25,P004,S05,14,119000.0,0,0
2023-05-25,P004,S06,23,163179.14,1,0
2023-05-25,P005,S01,67,147400.0,0,0
2023-05-25,P005,S02,66,145200.0,0,0
2023-05-25,P005,S03,99,189192.88,1,0
2023-05-25,P005,S04,55,121000.0,0,0
2023-05-25,P005,S05,53,116600.0,0,0
2023-05-25,P005,S06,45,99000.0,0,0
2023-05-26,P001,S01,38,171000.0,0,0
2023-05-26,P001,S02,38,171000.0,0,0
2023-05-26,P001,S03,32,144000.0,0,0
2023-05-26,P001,S04,35,157500.0,0,0
2023-05-26,P001,S05,30,135000.0,0,0
2023-05-26,P001,S06,30,135000.0,0,0
2023-05-26,P002,S01,118,141600.0,0,0
2023-05-26,P002,S02,101,121200.0,0,0
2023-05-26,P002,S03,89,106800.0,0,0
2023-05-26,P002,S04,78,93600.0,0,0
2023-05-26,P002,S05,77,92400.0,0,0
2023-05-26,P002,S06,101,112946.48,1,0
2023-05-26,P003,S01,614,154144.31,1,0
2023-05-26,P003,S02,314,109900.0,0,0
2023-05-26,P003,S03,315,110250.0,0,0
2023-05-26,P003,S04,329,115150.0,0,0
2023-05-26,P003,S05,287,100450.0,0,0
2023-05-26,P003,S06,213,74550.0,0,0
2023-05-26,P004,S01,17,144500.0,0,0
2023-05-26,P004,S02,15,127500.0,0,0
2023-05-26,P004,S03,26,172108.29,1,0
2023-05-26,P004,S04,13,110500.0,0,0
2023-05-26,P004,S05,13,110500.0,0,0
2023-05-26,P004,S06,11,93500.0,0,0
2023-05-26,P005,S01,66,145200.0,0,0
2023-05-26,P005,S02,55,121000.0,0,0
2023-05-26,P005,S03,58,127600.0,0,0
2023-05-26,P005,S04,51,112200.0,0,0
2023-05-26,P005,S05,44,96800.0,0,0
2023-05-26,P005,S06,46,101200.0,0,0
2023-05-27,P001,S01,43,193500.0,0,0
2023-05-27,P001,S02,68,258883.8,1,0
2023-05-27,P001,S03,41,184500.0,0,0
2023-05-27,P001,S04,42,189000.0,0,0
2023-05-27,P001,S05,35,157500.0,0,0
2023-05-27,P001,S06,35,157500.0,0,0
2023-05-27,P002,S01,108,129600.0,0,0
2023-05-27,P002,S02,104,124800.0,0,0
2023-05-27,P002,S03,131,157200.0,0,0
2023-05-27,P002,S04,143,120476.46,1,0
2023-05-27,P002,S05,89,106800.0,0,0
2023-05-27,P002,S06,140,149781.45,1,0
2023-05-27,P003,S01,420,147000.0,0,0
2023-05-27,P003,S02,338,118300.0,0,0
2023-05-27,P003,S03,425,148750.0,0,0
2023-05-27,P003,S04,599,184462.07,1,0
2023-05-27,P003,S05,403,141050.0,0,0
2023-05-27,P003,S06,373,96576.99,1,0
2023-05-27,P004,S01,31,238668.42,1,0
2023-05-27,P004,S02,20,170000.0,0,0
2023-05-27,P004,S03,14,119000.0,0,0
2023-05-27,P004,S04,25,150849.05,1,0
2023-05-27,P004,S05,26,186186.86,1,0
2023-05-27,P004,S06,16,136000.0,0,0
2023-05-27,P005,S01,70,154000.0,0,0
2023-05-27,P005,S02,65,143000.0,0,0
2023-05-27,P005,S03,101,166426.53,1,0
2023-05-27,P005,S04,109,217086.75,1,0
2023-05-27,P005,S05,53,116600.0,0,0
2023-05-27,P005,S06,51,112200.0,0,0
2023-05-28,P001,S01,35,157500.0,0,0
2023-05-28,P001,S02,39,175500.0,0,0
2023-05-28,P001,S03,39,175500.0,0,0
2023-05-28,P001,S04,49,196854.11,1,0
2023-05-28,P001,S05,37,166500.0,0,0
2023-05-28,P001,S06,54,217942.59,1,0
2023-05-28,P002,S01,94,112800.0,0,0
2023-05-28,P002,S02,93,111600.0,0,0
2023-05-28,P002,S03,178,179891.41,1,0
2023-05-28,P002,S04,101,121200.0,0,0
2023-05-28,P002,S05,90,108000.0,0,0
2023-05-28,P002,S06,88,105600.0,0,0
2023-05-28,P003,S01,471,134666.3,1,0
2023-05-28,P003,S02,405,141750.0,0,0
2023-05-28,P003,S03,447,156450.0,0,0
2023-05-28,P003,S04,534,172689.21,1,0
2023-05-28,P003,S05,330,115500.0,0,0
2023-05-28,P003,S06,268,93800.0,0,0
2023-05-28,P004,S01,20,170000.0,0,0
2023-05-28,P004,S02,32,235024.86,1,0
2023-05-28,P004,S03,21,178500.0,0,0
2023-05-28,P004,S04,16,136000.0,0,0
2023-05-28,P004,S05,15,127500.0,0,0
2023-05-28,P004,S06,13,110500.0,0,0
2023-05-28,P005,S01,113,220143.02,1,0
2023-05-28,P005,S02,87,158899.92,1,0
2023-05-28,P005,S03,59,129800.0,0,0
2023-05-28,P005,S04,68,149600.0,0,0
2023-05-28,P005,S05,65,143000.0,0,0
2023-05-28,P005,S06,54,118800.0,0,0
2023-05-29,P001,S01,40,180000.0,0,0
2023-05-29,P001,S02,27,121500.0,0,0
2023-05-29,P001,S03,63,252430.53,1,0
2023-05-29,P001,S04,31,139500.0,0,0
2023-05-29,P001,S05,54,170320.73,1,0
2023-05-29,P001,S06,26,117000.0,0,0
2023-05-29,P002,S01,90,108000.0,0,0
2023-05-29,P002,S02,141,149605.47,1,0
2023-05-29,P002,S03,89,106800.0,0,0
2023-05-29,P002,S04,80,96000.0,0,0
2023-05-29,P002,S05,72,86400.0,0,0
2023-05-29,P002,S06,62,74400.0,0,0
2023-05-29,P003,S01,509,143362.84,1,0
2023-05-29,P003,S02,383,134050.0,0,0
2023-05-29,P003,S03,270,94500.0,0,0
2023-05-29,P003,S04,244,85400.0,0,0
2023-05-29,P003,S05,326,114100.0,0,0
2023-05-29,P003,S06,290,101500.0,0,0
2023-05-29,P004,S01,18,153000.0,0,0
2023-05-29,P004,S02,15,127500.0,0,0
2023-05-29,P004,S03,23,165323.41,1,0
2023-05-29,P004,S04,13,110500.0,0,0
2023-05-29,P004,S05,12,102000.0,0,0
2023-05-29,P004,S06,11,93500.0,0,0
2023-05-29,P005,S01,95,185125.67,1,0
2023-05-29,P005,S02,103,208247.62,1,0
2023-05-29,P005,S03,56,123200.0,0,0
2023-05-29,P005,S04,49,107800.0,0,0
2023-05-29,P005,S05,52,114400.0,0,0
2023-05-29,P005,S06,66,114821.37,1,0
2023-05-30,P001,S01,27,121500.0,0,0
2023-05-30,P001,S02,38,171000.0,0,0
2023-05-30,P001,S03,37,166500.0,0,0
2023-05-30,P001,S04,27,121500.0,0,0
2023-05-30,P001,S05,27,121500.0,0,0
2023-05-30,P001,S06,24,108000.0,0,0
2023-05-30,P002,S01,98,117600.0,0,0
2023-05-30,P002,S02,85,102000.0,0,0
2023-05-30,P002,S03,91,109200.0,0,0
2023-05-30,P002,S04,68,81600.0,0,0
2023-05-30,P002,S05,86,103200.0,0,0
2023-05-30,P002,S06,114,110245.54,1,0
2023-05-30,P003,S01,311,108850.0,0,0
2023-05-30,P003,S02,357,124950.0,0,0
2023-05-30,P003,S03,340,119000.0,0,0
2023-05-30,P003,S04,317,110950.0,0,0
2023-05-30,P003,S05,407,122918.13,1,0
2023-05-30,P003,S06,238,83300.0,0,0
2023-05-30,P004,S01,26,205338.12,1,0
2023-05-30,P004,S02,22,170720.87,1,0
2023-05-30,P004,S03,16,136000.0,0,0
2023-05-30,P004,S04,13,110500.0,0,0
2023-05-30,P004,S05,15,127500.0,0,0
2023-05-30,P004,S06,13,110500.0,0,0
2023-05-30,P005,S01,60,132000.0,0,0
2023-05-30,P005,S02,61,134200.0,0,0
2023-05-30,P005,S03,52,114400.0,0,0
2023-05-30,P005,S04,49,107800.0,0,0
2023-05-30,P005,S05,51,112200.0,0,0
2023-05-30,P005,S06,37,81400.0,0,0
2023-05-31,P001,S01,65,272588.47,1,0
2023-05-31,P001,S02,30,135000.0,0,0
2023-05-31,P001,S03,41,184500.0,0,0
2023-05-31,P001,S04,23,103500.0,0,0
2023-05-31,P001,S05,39,175500.0,0,0
2023-05-31,P001,S06,25,112500.0,0,0
2023-05-31,P002,S01,89,106800.0,0,0
2023-05-31,P002,S02,88,105600.0,0,0
2023-05-31,P002,S03,91,109200.0,0,0
2023-05-31,P002,S04,63,75600.0,0,0
2023-05-31,P002,S05,77,92400.0,0,0
2023-05-31,P002,S06,77,92400.0,0,0
2023-05-31,P003,S01,331,115850.0,0,0
2023-05-31,P003,S02,310,108500.0,0,0
2023-05-31,P003,S03,592,187386.76,1,0
2023-05-31,P003,S04,300,105000.0,0,0
2023-05-31,P003,S05,345,120750.0,0,0
2023-05-31,P003,S06,230,80500.0,0,0
2023-05-31,P004,S01,18,153000.0,0,0
2023-05-31,P004,S02,18,153000.0,0,0
2023-05-31,P004,S03,15,127500.0,0,0
2023-05-31,P004,S04,23,151573.64,1,0
2023-05-31,P004,S05,20,153633.24,1,0
2023-05-31,P004,S06,12,102000.0,0,0
2023-05-31,P005,S01,76,135002.06,1,0
2023-05-31,P005,S02,73,121083.84,1,0
2023-05-31,P005,S03,65,143000.0,0,0
2023-05-31,P005,S04,47,103400.0,0,0
2023-05-31,P005,S05,59,129800.0,0,0
2023-05-31,P005,S06,40,88000.0,0,0
2023-06-01,P001,S01,42,189000.0,0,0
2023-06-01,P001,S02,35,157500.0,0,0
2023-06-01,P001,S03,35,157500.0,0,0
2023-06-01,P001,S04,37,166500.0,0,0
2023-06-01,P001,S05,26,117000.0,0,0
2023-06-01,P001,S06,31,139500.0,0,0
2023-06-01,P002,S01,98,117600.0,0,0
2023-06-01,P002,S02,89,106800.0,0,0
2023-06-01,P002,S03,96,115200.0,0,0
2023-06-01,P002,S04,67,80400.0,0,0
2023-06-01,P002,S05,68,81600.0,0,0
2023-06-01,P002,S06,74,88800.0,0,0
2023-06-01,P003,S01,378,132300.0,0,0
2023-06-01,P003,S02,443,155050.0,0,0
2023-06-01,P003,S03,336,117600.0,0,0
2023-06-01,P003,S04,512,170168.65,1,0
2023-06-01,P003,S05,317,110950.0,0,0
2023-06-01,P003,S06,309,108150.0,0,0
2023-06-01,P004,S01,18,153000.0,0,0
2023-06-01,P004,S02,18,153000.0,0,0
2023-06-01,P004,S03,15,127500.0,0,0
2023-06-01,P004,S04,23,153353.61,1,0
2023-06-01,P004,S05,18,153000.0,0,0
2023-06-01,P004,S06,22,155804.16,1,0
2023-06-01,P005,S01,70,154000.0,0,0
2023-06-01,P005,S02,99,204289.85,1,0
2023-06-01,P005,S03,68,149600.0,0,0
2023-06-01,P005,S04,94,182836.48,1,0
2023-06-01,P005,S05,82,166676.22,1,0
2023-06-01,P005,S06,44,96800.0,0,0
2023-06-02,P001,S01,36,162000.0,0,0
2023-06-02,P001,S02,39,175500.0,0,0
2023-06-02,P001,S03,31,139500.0,0,0
2023-06-02,P001,S04,54,203638.61,1,0
2023-06-02,P001,S05,51,182567.61,1,0
2023-06-02,P001,S06,25,112500.0,0,0
2023-06-02,P002,S01,100,120000.0,0,0
2023-06-02,P002,S02,143,148741.02,1,0
2023-06-02,P002,S03,81,97200.0,0,0
2023-06-02,P002,S04,133,117170.23,1,0
2023-06-02,P002,S05,63,75600.0,0,0
2023-06-02,P002,S06,65,78000.0,0,0
2023-06-02,P003,S01,375,131250.0,0,0
2023-06-02,P003,S02,387,135450.0,0,0
2023-06-02,P003,S03,360,126000.0,0,0
2023-06-02,P003,S04,300,105000.0,0,0
2023-06-02,P003,S05,537,168586.3,1,0
2023-06-02,P003,S06,280,98000.0,0,0
2023-06-02,P004,S01,19,161500.0,0,0
2023-06-02,P004,S02,15,127500.0,0,0
2023-06-02,P004,S03,18,153000.0,0,0
2023-06-02,P004,S04,14,119000.0,0,0
2023-06-02,P004,S05,15,127500.0,0,0
2023-06-02,P004,S06,12,102000.0,0,0
2023-06-02,P005,S01,78,171600.0,0,0
2023-06-02,P005,S02,106,169897.26,1,0
2023-06-02,P005,S03,56,123200.0,0,0
2023-06-02,P005,S04,51,112200.0,0,0
2023-06-02,P005,S05,57,125400.0,0,0
2023-06-02,P005,S06,41,90200.0,0,0
2023-06-03,P001,S01,58,261000.0,0,0
2023-06-03,P001,S02,58,245629.02,1,0
2023-06-03,P001,S03,45,202500.0,0,0
2023-06-03,P001,S04,36,162000.0,0,0
2023-06-03,P001,S05,34,153000.0,0,0
2023-06-03,P001,S06,32,144000.0,0,0
2023-06-03,P002,S01,257,262621.46,1,0
2023-06-03,P002,S02,74,88800.0,0,0
2023-06-03,P002,S03,101,121200.0,0,0
2023-06-03,P002,S04,99,118800.0,0,0
2023-06-03,P002,S05,87,104400.0,0,0
2023-06-03,P002,S06,115,104319.41,1,0
2023-06-03,P003,S01,390,136500.0,0,0
2023-06-03,P003,S02,638,182383.11,1,0
2023-06-03,P003,S03,378,132300.0,0,0
2023-06-03,P003,S04,532,145392.3,1,0
2023-06-03,P003,S05,327,114450.0,0,0
2023-06-03,P003,S06,532,143218.48,1,0
2023-06-03,P004,S01,20,170000.0,0,0
2023-06-03,P004,S02,20,170000.0,0,0
2023-06-03,P004,S03,32,235847.88,1,0
2023-06-03,P004,S04,15,127500.0,0,0
2023-06-03,P004,S05,15,127500.0,0,0
2023-06-03,P004,S06,8,68000.0,0,0
2023-06-03,P005,S01,137,270621.76,1,0
2023-06-03,P005,S02,64,140800.0,0,0
2023-06-03,P005,S03,54,118800.0,0,0
2023-06-03,P005,S04,57,125400.0,0,0
2023-06-03,P005,S05,67,147400.0,0,0
2023-06-03,P005,S06,54,118800.0,0,0
2023-06-04,P001,S01,51,229500.0,0,0
2023-06-04,P001,S02,68,290136.72,1,0
2023-06-04,P001,S03,39,175500.0,0,0
2023-06-04,P001,S04,33,148500.0,0,0
2023-06-04,P001,S05,33,148500.0,0,0
2023-06-04,P001,S06,30,135000.0,0,0
2023-06-04,P002,S01,191,215359.95,1,0
2023-06-04,P002,S02,171,165759.94,1,0
2023-06-04,P002,S03,111,133200.0,0,0
2023-06-04,P002,S04,110,132000.0,0,0
2023-06-04,P002,S05,99,118800.0,0,0
2023-06-04,P002,S06,81,97200.0,0,0
2023-06-04,P003,S01,778,204030.58,1,0
2023-06-04,P003,S02,421,147350.0,0,0
2023-06-04,P003,S03,446,156100.0,0,0
2023-06-04,P003,S04,585,157726.2,1,0
2023-06-04,P003,S05,600,170369.92,1,0
2023-06-04,P003,S06,509,145047.08,1,0
2023-06-04,P004,S01,19,161500.0,0,0
2023-06-04,P004,S02,21,178500.0,0,0
2023-06-04,P004,S03,28,211326.71,1,0
2023-06-04,P004,S04,14,119000.0,0,0
2023-06-04,P004,S05,17,144500.0,0,0
2023-06-04,P004,S06,21,156210.53,1,0
2023-06-04,P005,S01,58,127600.0,0,0
2023-06-04,P005,S02,73,160600.0,0,0
2023-06-04,P005,S03,112,188655.92,1,0
2023-06-04,P005,S04,56,123200.0,0,0
2023-06-04,P005,S05,64,140800.0,0,0
2023-06-04,P005,S06,59,129800.0,0,0
2023-06-05,P001,S01,58,186093.97,1,0
2023-06-05,P001,S02,42,189000.0,0,0
2023-06-05,P001,S03,35,157500.0,0,0
2023-06-05,P001,S04,40,144404.7,1,0
2023-06-05,P001,S05,35,157500.0,0,0
2023-06-05,P001,S06,52,201769.26,1,0
2023-06-05,P002,S01,92,110400.0,0,0
2023-06-05,P002,S02,177,171301.01,1,0
2023-06-05,P002,S03,127,116436.12,1,0
2023-06-05,P002,S04,104,124800.0,0,0
2023-06-05,P002,S05,133,126295.44,1,0
2023-06-05,P002,S06,64,76800.0,0,0
2023-06-05,P003,S01,349,122150.0,0,0
2023-06-05,P003,S02,343,120050.0,0,0
2023-06-05,P003,S03,398,139300.0,0,0
2023-06-05,P003,S04,351,122850.0,0,0
2023-06-05,P003,S05,288,100800.0,0,0
2023-06-05,P003,S06,296,103600.0,0,0
2023-06-05,P004,S01,16,136000.0,0,0
2023-06-05,P004,S02,15,127500.0,0,0
2023-06-05,P004,S03,17,144500.0,0,0
2023-06-05,P004,S04,14,119000.0,0,0
2023-06-05,P004,S05,12,102000.0,0,0
2023-06-05,P004,S06,11,93500.0,0,0
2023-06-05,P005,S01,64,140800.0,0,0
2023-06-05,P005,S02,60,132000.0,0,0
2023-06-05,P005,S03,58,127600.0,0,0
2023-06-05,P005,S04,57,125400.0,0,0
2023-06-05,P005,S05,43,94600.0,0,0
2023-06-05,P005,S06,85,150951.7,1,0
2023-06-06,P001,S01,60,210340.48,1,0
2023-06-06,P001,S02,60,241098.34,1,0
2023-06-06,P001,S03,38,171000.0,0,0
2023-06-06,P001,S04,35,157500.0,0,0
2023-06-06,P001,S05,41,184500.0,0,0
2023-06-06,P001,S06,26,117000.0,0,0
2023-06-06,P002,S01,105,126000.0,0,0
2023-06-06,P002,S02,105,126000.0,0,0
2023-06-06,P002,S03,113,97933.94,1,0
2023-06-06,P002,S04,86,103200.0,0,0
2023-06-06,P002,S05,75,90000.0,0,0
2023-06-06,P002,S06,78,93600.0,0,0
2023-06-06,P003,S01,361,126350.0,0,0
2023-06-06,P003,S02,306,107100.0,0,0
2023-06-06,P003,S03,358,125300.0,0,0
2023-06-06,P003,S04,277,96950.0,0,0
2023-06-06,P003,S05,337,117950.0,0,0
2023-06-06,P003,S06,320,112000.0,0,0
2023-06-06,P004,S01,25,178031.87,1,0
2023-06-06,P004,S02,31,185193.81,1,0
2023-06-06,P004,S03,25,183817.57,1,0
2023-06-06,P004,S04,15,127500.0,0,0
2023-06-06,P004,S05,14,119000.0,0,0
2023-06-06,P004,S06,11,93500.0,0,0
2023-06-06,P005,S01,71,156200.0,0,0
2023-06-06,P005,S02,63,138600.0,0,0
2023-06-06,P005,S03,51,112200.0,0,0
2023-06-06,P005,S04,54,118800.0,0,0
2023-06-06,P005,S05,85,168580.2,1,0
2023-06-06,P005,S06,48,105600.0,0,0
2023-06-07,P001,S01,37,166500.0,0,0
2023-06-07,P001,S02,30,135000.0,0,0
2023-06-07,P001,S03,36,162000.0,0,0
2023-06-07,P001,S04,32,144000.0,0,0
2023-06-07,P001,S05,50,165690.28,1,0
2023-06-07,P001,S06,31,139500.0,0,0
2023-06-07,P002,S01,127,117674.98,1,0
2023-06-07,P002,S02,173,158215.02,1,0
2023-06-07,P002,S03,66,79200.0,0,0
2023-06-07,P002,S04,74,88800.0,0,0
2023-06-07,P002,S05,88,105600.0,0,0
2023-06-07,P002,S06,62,74400.0,0,0
2023-06-07,P003,S01,442,154700.0,0,0
2023-06-07,P003,S02,722,216235.76,1,0
2023-06-07,P003,S03,375,131250.0,0,0
2023-06-07,P003,S04,324,113400.0,0,0
2023-06-07,P003,S05,295,103250.0,0,0
2023-06-07,P003,S06,457,149902.5,1,0
2023-06-07,P004,S01,18,153000.0,0,0
2023-06-07,P004,S02,14,119000.0,0,0
2023-06-07,P004,S03,15,127500.0,0,0
2023-06-07,P004,S04,16,136000.0,0,0
2023-06-07,P004,S05,14,119000.0,0,0
2023-06-07,P004,S06,19,116483.35,1,0
2023-06-07,P005,S01,61,134200.0,0,0
2023-06-07,P005,S02,74,162800.0,0,0
2023-06-07,P005,S03,57,125400.0,0,0
2023-06-07,P005,S04,49,107800.0,0,0
2023-06-07,P005,S05,91,171421.4,1,0
2023-06-07,P005,S06,63,105556.03,1,0
2023-06-08,P001,S01,38,171000.0,0,0
2023-06-08,P001,S02,29,130500.0,0,0
2023-06-08,P001,S03,34,153000.0,0,0
2023-06-08,P001,S04,29,130500.0,0,0
2023-06-08,P001,S05,32,144000.0,0,0
2023-06-08,P001,S06,42,156207.56,1,0
2023-06-08,P002,S01,140,147243.43,1,0
2023-06-08,P002,S02,82,98400.0,0,0
2023-06-08,P002,S03,134,141287.12,1,0
2023-06-08,P002,S04,72,86400.0,0,0
2023-06-08,P002,S05,69,82800.0,0,0
2023-06-08,P002,S06,119,108455.45,1,0
2023-06-08,P003,S01,344,120400.0,0,0
2023-06-08,P003,S02,371,129850.0,0,0
2023-06-08,P003,S03,577,188935.98,1,0
2023-06-08,P003,S04,363,127050.0,0,0
2023-06-08,P003,S05,621,205671.83,1,0
2023-06-08,P003,S06,341,119350.0,0,0
2023-06-08,P004,S01,17,144500.0,0,0
2023-06-08,P004,S02,18,153000.0,0,0
2023-06-08,P004,S03,19,161500.0,0,0
2023-06-08,P004,S04,19,151839.4,1,0
2023-06-08,P004,S05,19,121490.67,1,0
2023-06-08,P004,S06,13,110500.0,0,0
2023-06-08,P005,S01,118,223618.87,1,0
2023-06-08,P005,S02,71,156200.0,0,0
2023-06-08,P005,S03,64,140800.0,0,0
2023-06-08,P005,S04,61,134200.0,0,0
2023-06-08,P005,S05,57,125400.0,0,0
2023-06-08,P005,S06,39,85800.0,0,0
2023-06-09,P001,S01,33,148500.0,0,0
2023-06-09,P001,S02,39,175500.0,0,0
2023-06-09,P001,S03,54,222749.34,1,0
2023-06-09,P001,S04,49,187690.03,1,0
2023-06-09,P001,S05,34,153000.0,0,0
2023-06-09,P001,S06,28,126000.0,0,0
2023-06-09,P002,S01,82,98400.0,0,0
2023-06-09,P002,S02,109,130800.0,0,0
2023-06-09,P002,S03,94,112800.0,0,0
2023-06-09,P002,S04,72,86400.0,0,0
2023-06-09,P002,S05,92,110400.0,0,0
2023-06-09,P002,S06,67,80400.0,0,0
2023-06-09,P003,S01,728,240125.84,1,0
2023-06-09,P003,S02,327,114450.0,0,0
2023-06-09,P003,S03,345,120750.0,0,0
2023-06-09,P003,S04,609,198058.95,1,0
2023-06-09,P003,S05,349,122150.0,0,0
2023-06-09,P003,S06,237,82950.0,0,0
2023-06-09,P004,S01,35,235909.07,1,0
2023-06-09,P004,S02,19,161500.0,0,0
2023-06-09,P004,S03,17,144500.0,0,0
2023-06-09,P004,S04,15,127500.0,0,0
2023-06-09,P004,S05,8,68000.0,0,0
2023-06-09,P004,S06,21,149201.49,1,0
2023-06-09,P005,S01,61,134200.0,0,0
2023-06-09,P005,S02,93,194201.41,1,0
2023-06-09,P005,S03,51,112200.0,0,0
2023-06-09,P005,S04,41,90200.0,0,0
2023-06-09,P005,S05,83,145120.72,1,0
2023-06-09,P005,S06,45,99000.0,0,0
2023-06-10,P001,S01,51,229500.0,0,0
2023-06-10,P001,S02,41,184500.0,0,0
2023-06-10,P001,S03,67,243809.36,1,0
2023-06-10,P001,S04,37,166500.0,0,0
2023-06-10,P001,S05,41,184500.0,0,0
2023-06-10,P001,S06,36,162000.0,0,0
2023-06-10,P002,S01,113,135600.0,0,0
2023-06-10,P002,S02,198,179873.45,1,0
2023-06-10,P002,S03,101,121200.0,0,0
2023-06-10,P002,S04,89,106800.0,0,0
2023-06-10,P002,S05,85,102000.0,0,0
2023-06-10,P002,S06,106,112299.87,1,0
2023-06-10,P003,S01,531,185850.0,0,0
2023-06-10,P003,S02,687,195701.35,1,0
2023-06-10,P003,S03,688,195738.64,1,0
2023-06-10,P003,S04,361,126350.0,0,0
2023-06-10,P003,S05,558,140992.52,1,0
2023-06-10,P003,S06,627,174451.21,1,0
2023-06-10,P004,S01,30,194727.13,1,0
2023-06-10,P004,S02,27,164317.22,1,0
2023-06-10,P004,S03,19,161500.0,0,0
2023-06-10,P004,S04,23,166447.21,1,0
2023-06-10,P004,S05,18,153000.0,0,0
2023-06-10,P004,S06,14,119000.0,0,0
2023-06-10,P005,S01,120,244292.68,1,0
2023-06-10,P005,S02,67,147400.0,0,0
2023-06-10,P005,S03,63,138600.0,0,0
2023-06-10,P005,S04,92,146533.9,1,0
2023-06-10,P005,S05,126,209603.57,1,0
2023-06-10,P005,S06,83,155098.66,1,0
2023-06-11,P001,S01,43,193500.0,0,0
2023-06-11,P001,S02,48,216000.0,0,0
2023-06-11,P001,S03,64,236002.02,1,0
2023-06-11,P001,S04,32,144000.0,0,0
2023-06-11,P001,S05,39,175500.0,0,0
2023-06-11,P001,S06,34,153000.0,0,0
2023-06-11,P002,S01,180,174698.92,1,0
2023-06-11,P002,S02,106,127200.0,0,0
2023-06-11,P002,S03,158,174335.73,1,0
2023-06-11,P002,S04,85,102000.0,0,0
2023-06-11,P002,S05,142,139961.88,1,0
2023-06-11,P002,S06,87,104400.0,0,0
2023-06-11,P003,S01,415,145250.0,0,0
2023-06-11,P003,S02,411,143850.0,0,0
2023-06-11,P003,S03,374,130900.0,0,0
2023-06-11,P003,S04,354,123900.0,0,0
2023-06-11,P003,S05,392,137200.0,0,0
2023-06-11,P003,S06,522,155317.12,1,0
2023-06-11,P004,S01,34,235394.9,1,0
2023-06-11,P004,S02,29,224684.1,1,0
2023-06-11,P004,S03,16,136000.0,0,0
2023-06-11,P004,S04,18,153000.0,0,0
2023-06-11,P004,S05,17,144500.0,0,0
2023-06-11,P004,S06,15,127500.0,0,0
2023-06-11,P005,S01,61,134200.0,0,0
2023-06-11,P005,S02,66,145200.0,0,0
2023-06-11,P005,S03,66,145200.0,0,0
2023-06-11,P005,S04,53,116600.0,0,0
2023-06-11,P005,S05,70,154000.0,0,0
2023-06-11,P005,S06,86,160841.98,1,0
2023-06-12,P001,S01,39,175500.0,0,0
2023-06-12,P001,S02,39,175500.0,0,0
2023-06-12,P001,S03,32,144000.0,0,0
2023-06-12,P001,S04,36,162000.0,0,0
2023-06-12,P001,S05,43,181247.94,1,0
2023-06-12,P001,S06,28,126000.0,0,0
2023-06-12,P002,S01,106,127200.0,0,0
2023-06-12,P002,S02,170,173929.66,1,0
2023-06-12,P002,S03,147,124655.95,1,0
2023-06-12,P002,S04,71,85200.0,0,0
2023-06-12,P002,S05,90,108000.0,0,0
2023-06-12,P002,S06,63,75600.0,0,0
2023-06-12,P003,S01,419,146650.0,0,0
2023-06-12,P003,S02,366,128100.0,0,0
2023-06-12,P003,S03,623,185116.67,1,0
2023-06-12,P003,S04,422,104568.89,1,0
2023-06-12,P003,S05,410,143500.0,0,0
2023-06-12,P003,S06,248,86800.0,0,0
2023-06-12,P004,S01,19,161500.0,0,0
2023-06-12,P004,S02,19,161500.0,0,0
2023-06-12,P004,S03,23,148645.7,1,0
2023-06-12,P004,S04,13,110500.0,0,0
2023-06-12,P004,S05,15,127500.0,0,0
2023-06-12,P004,S06,19,123062.45,1,0
2023-06-12,P005,S01,63,138600.0,0,0
2023-06-12,P005,S02,97,186239.19,1,0
2023-06-12,P005,S03,109,183905.61,1,0
2023-06-12,P005,S04,48,105600.0,0,0
2023-06-12,P005,S05,55,121000.0,0,0
2023-06-12,P005,S06,42,92400.0,0,0
2023-06-13,P001,S01,38,171000.0,0,0
2023-06-13,P001,S02,34,153000.0,0,0
2023-06-13,P001,S03,29,130500.0,0,0
2023-06-13,P001,S04,49,170044.2,1,0
2023-06-13,P001,S05,35,157500.0,0,0
2023-06-13,P001,S06,49,198245.5,1,0
2023-06-13,P002,S01,89,106800.0,0,0
2023-06-13,P002,S02,86,103200.0,0,0
2023-06-13,P002,S03,86,103200.0,0,0
2023-06-13,P002,S04,77,92400.0,0,0
2023-06-13,P002,S05,87,104400.0,0,0
2023-06-13,P002,S06,89,106800.0,0,0
2023-06-13,P003,S01,352,123200.0,0,0
2023-06-13,P003,S02,311,108850.0,0,0
2023-06-13,P003,S03,352,123200.0,0,0
2023-06-13,P003,S04,316,110600.0,0,0
2023-06-13,P003,S05,229,80150.0,0,0
2023-06-13,P003,S06,285,99750.0,0,0
2023-06-13,P004,S01,17,144500.0,0,0
2023-06-13,P004,S02,14,119000.0,0,0
2023-06-13,P004,S03,17,144500.0,0,0
2023-06-13,P004,S04,13,110500.0,0,0
2023-06-13,P004,S05,13,110500.0,0,0
2023-06-13,P004,S06,13,110500.0,0,0
2023-06-13,P005,S01,59,129800.0,0,0
2023-06-13,P005,S02,98,195928.69,1,0
2023-06-13,P005,S03,67,147400.0,0,0
2023-06-13,P005,S04,46,101200.0,0,0
2023-06-13,P005,S05,39,85800.0,0,0
2023-06-13,P005,S06,49,107800.0,0,0
2023-06-14,P001,S01,74,286497.37,1,0
2023-06-14,P001,S02,31,139500.0,0,0
2023-06-14,P001,S03,57,204979.54,1,0
2023-06-14,P001,S04,34,153000.0,0,0
2023-06-14,P001,S05,29,130500.0,0,0
2023-06-14,P001,S06,40,156682.11,1,0
2023-06-14,P002,S01,78,93600.0,0,0
2023-06-14,P002,S02,90,108000.0,0,0
2023-06-14,P002,S03,76,91200.0,0,0
2023-06-14,P002,S04,137,131358.73,1,0
2023-06-14,P002,S05,79,94800.0,0,0
2023-06-14,P002,S06,78,93600.0,0,0
2023-06-14,P003,S01,548,141446.94,1,0
2023-06-14,P003,S02,372,130200.0,0,0
2023-06-14,P003,S03,320,112000.0,0,0
2023-06-14,P003,S04,362,126700.0,0,0
2023-06-14,P003,S05,353,123550.0,0,0
2023-06-14,P003,S06,222,77700.0,0,0
2023-06-14,P004,S01,15,127500.0,0,0
2023-06-14,P004,S02,16,136000.0,0,0
2023-06-14,P004,S03,15,127500.0,0,0
2023-06-14,P004,S04,13,110500.0,0,0
2023-06-14,P004,S05,15,127500.0,0,0
2023-06-14,P004,S06,13,110500.0,0,0
2023-06-14,P005,S01,67,147400.0,0,0
2023-06-14,P005,S02,78,171600.0,0,0
2023-06-14,P005,S03,82,163181.29,1,0
2023-06-14,P005,S04,52,114400.0,0,0
2023-06-14,P005,S05,64,140800.0,0,0
2023-06-14,P005,S06,56,123200.0,0,0
2023-06-15,P001,S01,44,198000.0,0,0
2023-06-15,P001,S02,42,189000.0,0,0
2023-06-15,P001,S03,37,166500.0,0,0
2023-06-15,P001,S04,29,130500.0,0,0
2023-06-15,P001,S05,44,167490.21,1,0
2023-06-15,P001,S06,24,108000.0,0,0
2023-06-15,P002,S01,112,134400.0,0,0
2023-06-15,P002,S02,87,104400.0,0,0
2023-06-15,P002,S03,164,178893.59,1,0
2023-06-15,P002,S04,77,92400.0,0,0
2023-06-15,P002,S05,78,93600.0,0,0
2023-06-15,P002,S06,63,75600.0,0,0
2023-06-15,P003,S01,408,142800.0,0,0
2023-06-15,P003,S02,357,124950.0,0,0
2023-06-15,P003,S03,369,129150.0,0,0
2023-06-15,P003,S04,308,107800.0,0,0
2023-06-15,P003,S05,290,101500.0,0,0
2023-06-15,P003,S06,230,80500.0,0,0
2023-06-15,P004,S01,22,187000.0,0,0
2023-06-15,P004,S02,18,153000.0,0,0
2023-06-15,P004,S03,14,119000.0,0,0
2023-06-15,P004,S04,13,110500.0,0,0
2023-06-15,P004,S05,17,144500.0,0,0
2023-06-15,P004,S06,22,171627.38,1,0
2023-06-15,P005,S01,65,143000.0,0,0
2023-06-15,P005,S02,85,140401.6,1,0
2023-06-15,P005,S03,55,121000.0,0,0
2023-06-15,P005,S04,46,101200.0,0,0
2023-06-15,P005,S05,65,143000.0,0,0
2023-06-15,P005,S06,43,94600.0,0,0
2023-06-16,P001,S01,38,171000.0,0,0
2023-06-16,P001,S02,43,193500.0,0,0
2023-06-16,P001,S03,33,148500.0,0,0
2023-06-16,P001,S04,33,148500.0,0,0
2023-06-16,P001,S05,29,130500.0,0,0
2023-06-16,P001,S06,30,135000.0,0,0
2023-06-16,P002,S01,92,110400.0,0,0
2023-06-16,P002,S02,85,102000.0,0,0
2023-06-16,P002,S03,81,97200.0,0,0
2023-06-16,P002,S04,63,75600.0,0,0
2023-06-16,P002,S05,72,86400.0,0,0
2023-06-16,P002,S06,66,79200.0,0,0
2023-06-16,P003,S01,377,131950.0,0,0
2023-06-16,P003,S02,450,157500.0,0,0
2023-06-16,P003,S03,598,197690.05,1,0
2023-06-16,P003,S04,356,124600.0,0,0
2023-06-16,P003,S05,386,135100.0,0,0
2023-06-16,P003,S06,301,105350.0,0,0
2023-06-16,P004,S01,21,159778.7,1,0
2023-06-16,P004,S02,18,153000.0,0,0
2023-06-16,P004,S03,24,156609.3,1,0
2023-06-16,P004,S04,14,119000.0,0,0
2023-06-16,P004,S05,16,136000.0,0,0
2023-06-16,P004,S06,22,151644.11,1,0
2023-06-16,P005,S01,71,156200.0,0,0
2023-06-16,P005,S02,57,125400.0,0,0
2023-06-16,P005,S03,83,164030.62,1,0
2023-06-16,P005,S04,91,167228.91,1,0
2023-06-16,P005,S05,51,112200.0,0,0
2023-06-16,P005,S06,52,114400.0,0,0
2023-06-17,P001,S01,39,175500.0,0,0
2023-06-17,P001,S02,39,175500.0,0,0
2023-06-17,P001,S03,34,153000.0,0,0
2023-06-17,P001,S04,41,184500.0,0,0
2023-06-17,P001,S05,31,139500.0,0,0
2023-06-17,P001,S06,39,175500.0,0,0
2023-06-17,P002,S01,122,146400.0,0,0
2023-06-17,P002,S02,191,170712.8,1,0
2023-06-17,P002,S03,200,181997.16,1,0
2023-06-17,P002,S04,155,161061.82,1,0
2023-06-17,P002,S05,99,118800.0,0,0
2023-06-17,P002,S06,87,104400.0,0,0
2023-06-17,P003,S01,377,131950.0,0,0
2023-06-17,P003,S02,641,208421.28,1,0
2023-06-17,P003,S03,445,155750.0,0,0
2023-06-17,P003,S04,354,123900.0,0,0
2023-06-17,P003,S05,537,132520.49,1,0
2023-06-17,P003,S06,335,117250.0,0,0
2023-06-17,P004,S01,23,195500.0,0,0
2023-06-17,P004,S02,19,161500.0,0,0
2023-06-17,P004,S03,23,175134.92,1,0
2023-06-17,P004,S04,23,154067.26,1,0
2023-06-17,P004,S05,13,110500.0,0,0
2023-06-17,P004,S06,16,136000.0,0,0
2023-06-17,P005,S01,143,225989.17,1,0
2023-06-17,P005,S02,76,167200.0,0,0
2023-06-17,P005,S03,72,158400.0,0,0
2023-06-17,P005,S04,51,112200.0,0,0
2023-06-17,P005,S05,81,178200.0,0,0
2023-06-17,P005,S06,47,103400.0,0,0
2023-06-18,P001,S01,35,157500.0,0,0
2023-06-18,P001,S02,75,238553.18,1,0
2023-06-18,P001,S03,39,175500.0,0,0
2023-06-18,P001,S04,39,175500.0,0,0
2023-06-18,P001,S05,42,189000.0,0,0
2023-06-18,P001,S06,35,157500.0,0,0
2023-06-18,P002,S01,96,115200.0,0,0
2023-06-18,P002,S02,192,183083.48,1,0
2023-06-18,P002,S03,101,121200.0,0,0
2023-06-18,P002,S04,80,96000.0,0,0
2023-06-18,P002,S05,158,141443.64,1,0
2023-06-18,P002,S06,85,102000.0,0,0
2023-06-18,P003,S01,444,155400.0,0,0
2023-06-18,P003,S02,491,171850.0,0,0
2023-06-18,P003,S03,805,250655.49,1,0
2023-06-18,P003,S04,382,133700.0,0,0
2023-06-18,P003,S05,360,126000.0,0,0
2023-06-18,P003,S06,504,164501.84,1,0
2023-06-18,P004,S01,19,161500.0,0,0
2023-06-18,P004,S02,32,195547.39,1,0
2023-06-18,P004,S03,29,205717.25,1,0
2023-06-18,P004,S04,15,127500.0,0,0
2023-06-18,P004,S05,14,119000.0,0,0
2023-06-18,P004,S06,12,102000.0,0,0
2023-06-18,P005,S01,88,193600.0,0,0
2023-06-18,P005,S02,64,140800.0,0,0
2023-06-18,P005,S03,95,148070.45,1,0
2023-06-18,P005,S04,57,125400.0,0,0
2023-06-18,P005,S05,64,140800.0,0,0
2023-06-18,P005,S06,85,167828.97,1,0
2023-06-19,P001,S01,46,207000.0,0,0
2023-06-19,P001,S02,31,139500.0,0,0
2023-06-19,P001,S03,36,162000.0,0,0
2023-06-19,P001,S04,25,112500.0,0,0
2023-06-19,P001,S05,29,130500.0,0,0
2023-06-19,P001,S06,26,117000.0,0,0
2023-06-19,P002,S01,153,172594.25,1,0
2023-06-19,P002,S02,92,110400.0,0,0
2023-06-19,P002,S03,99,118800.0,0,0
2023-06-19,P002,S04,76,91200.0,0,0
2023-06-19,P002,S05,84,100800.0,0,0
2023-06-19,P002,S06,111,114610.75,1,0
2023-06-19,P003,S01,367,128450.0,0,0
2023-06-19,P003,S02,401,140350.0,0,0
2023-06-19,P003,S03,377,131950.0,0,0
2023-06-19,P003,S04,301,105350.0,0,0
2023-06-19,P003,S05,371,129850.0,0,0
2023-06-19,P003,S06,247,86450.0,0,0
2023-06-19,P004,S01,17,144500.0,0,0
2023-06-19,P004,S02,15,127500.0,0,0
2023-06-19,P004,S03,15,127500.0,0,0
2023-06-19,P004,S04,9,76500.0,0,0
2023-06-19,P004,S05,17,144500.0,0,0
2023-06-19,P004,S06,14,119000.0,0,0
2023-06-19,P005,S01,65,143000.0,0,0
2023-06-19,P005,S02,55,121000.0,0,0
2023-06-19,P005,S03,58,127600.0,0,0
2023-06-19,P005,S04,56,123200.0,0,0
2023-06-19,P005,S05,51,112200.0,0,0
2023-06-19,P005,S06,45,99000.0,0,0
2023-06-20,P001,S01,65,260234.13,1,0
2023-06-20,P001,S02,32,144000.0,0,0
2023-06-20,P001,S03,36,162000.0,0,0
2023-06-20,P001,S04,35,157500.0,0,0
2023-06-20,P001,S05,31,139500.0,0,0
2023-06-20,P001,S06,23,103500.0,0,0
2023-06-20,P002,S01,102,122400.0,0,0
2023-06-20,P002,S02,79,94800.0,0,0
2023-06-20,P002,S03,99,118800.0,0,0
2023-06-20,P002,S04,118,107013.72,1,0
2023-06-20,P002,S05,86,103200.0,0,0
2023-06-20,P002,S06,76,91200.0,0,0
2023-06-20,P003,S01,409,143150.0,0,0
2023-06-20,P003,S02,558,159038.24,1,0
2023-06-20,P003,S03,495,161974.42,1,0
2023-06-20,P003,S04,285,99750.0,0,0
2023-06-20,P003,S05,318,111300.0,0,0
2023-06-20,P003,S06,254,88900.0,0,0
2023-06-20,P004,S01,29,215183.52,1,0
2023-06-20,P004,S02,16,136000.0,0,0
2023-06-20,P004,S03,19,117405.36,1,0
2023-06-20,P004,S04,16,109245.81,1,0
2023-06-20,P004,S05,13,110500.0,0,0
2023-06-20,P004,S06,15,127500.0,0,0
2023-06-20,P005,S01,117,211302.55,1,0
2023-06-20,P005,S02,59,129800.0,0,0
2023-06-20,P005,S03,68,149600.0,0,0
2023-06-20,P005,S04,65,135554.94,1,0
2023-06-20,P005,S05,50,110000.0,0,0
2023-06-20,P005,S06,48,105600.0,0,0
2023-06-21,P001,S01,41,184500.0,0,0
2023-06-21,P001,S02,32,144000.0,0,0
2023-06-21,P001,S03,37,166500.0,0,0
2023-06-21,P001,S04,44,153662.18,1,0
2023-06-21,P001,S05,31,139500.0,0,0
2023-06-21,P001,S06,31,139500.0,0,0
2023-06-21,P002,S01,84,100800.0,0,0
2023-06-21,P002,S02,113,135600.0,0,0
2023-06-21,P002,S03,83,99600.0,0,0
2023-06-21,P002,S04,85,102000.0,0,0
2023-06-21,P002,S05,162,137289.89,1,0
2023-06-21,P002,S06,78,93600.0,0,0
2023-06-21,P003,S01,716,218059.34,1,0
2023-06-21,P003,S02,393,137550.0,0,0
2023-06-21,P003,S03,370,129500.0,0,0
2023-06-21,P003,S04,354,123900.0,0,0
2023-06-21,P003,S05,303,106050.0,0,0
2023-06-21,P003,S06,308,107800.0,0,0
2023-06-21,P004,S01,30,215149.43,1,0
2023-06-21,P004,S02,12,102000.0,0,0
2023-06-21,P004,S03,18,153000.0,0,0
2023-06-21,P004,S04,11,93500.0,0,0
2023-06-21,P004,S05,24,147276.57,1,0
2023-06-21,P004,S06,19,126159.66,1,0
2023-06-21,P005,S01,49,107800.0,0,0
2023-06-21,P005,S02,55,121000.0,0,0
2023-06-21,P005,S03,51,112200.0,0,0
2023-06-21,P005,S04,53,116600.0,0,0
2023-06-21,P005,S05,60,132000.0,0,0
2023-06-21,P005,S06,50,110000.0,0,0
2023-06-22,P001,S01,42,189000.0,0,0
2023-06-22,P001,S02,28,126000.0,0,0
2023-06-22,P001,S03,36,162000.0,0,0
2023-06-22,P001,S04,39,175500.0,0,0
2023-06-22,P001,S05,33,148500.0,0,0
2023-06-22,P001,S06,36,162000.0,0,0
2023-06-22,P002,S01,81,97200.0,0,0
2023-06-22,P002,S02,91,109200.0,0,0
2023-06-22,P002,S03,85,102000.0,0,0
2023-06-22,P002,S04,74,88800.0,0,0
2023-06-22,P002,S05,93,111600.0,0,0
2023-06-22,P002,S06,71,85200.0,0,0
2023-06-22,P003,S01,360,126000.0,0,0
2023-06-22,P003,S02,582,170639.98,1,0
2023-06-22,P003,S03,367,128450.0,0,0
2023-06-22,P003,S04,367,110970.8,1,0
2023-06-22,P003,S05,362,126700.0,0,0
2023-06-22,P003,S06,271,94850.0,0,0
2023-06-22,P004,S01,19,161500.0,0,0
2023-06-22,P004,S02,18,153000.0,0,0
2023-06-22,P004,S03,19,161500.0,0,0
2023-06-22,P004,S04,14,119000.0,0,0
2023-06-22,P004,S05,25,198545.8,1,0
2023-06-22,P004,S06,12,102000.0,0,0
2023-06-22,P005,S01,66,145200.0,0,0
2023-06-22,P005,S02,91,141914.76,1,0
2023-06-22,P005,S03,52,114400.0,0,0
2023-06-22,P005,S04,50,110000.0,0,0
2023-06-22,P005,S05,100,178933.96,1,0
2023-06-22,P005,S06,51,112200.0,0,0
2023-06-23,P001,S01,40,180000.0,0,0
2023-06-23,P001,S02,54,243000.0,0,0
2023-06-23,P001,S03,63,213670.48,1,0
2023-06-23,P001,S04,26,117000.0,0,0
2023-06-23,P001,S05,29,130500.0,0,0
2023-06-23,P001,S06,23,103500.0,0,0
2023-06-23,P002,S01,116,139200.0,0,0
2023-06-23,P002,S02,166,173261.63,1,0
2023-06-23,P002,S03,88,105600.0,0,0
2023-06-23,P002,S04,76,91200.0,0,0
2023-06-23,P002,S05,82,98400.0,0,0
2023-06-23,P002,S06,65,78000.0,0,0
2023-06-23,P003,S01,394,137900.0,0,0
2023-06-23,P003,S02,438,153300.0,0,0
2023-06-23,P003,S03,551,181411.52,1,0
2023-06-23,P003,S04,293,102550.0,0,0
2023-06-23,P003,S05,280,98000.0,0,0
2023-06-23,P003,S06,450,110981.41,1,0
2023-06-23,P004,S01,20,170000.0,0,0
2023-06-23,P004,S02,28,221465.64,1,0
2023-06-23,P004,S03,10,85000.0,0,0
2023-06-23,P004,S04,16,136000.0,0,0
2023-06-23,P004,S05,14,119000.0,0,0
2023-06-23,P004,S06,10,85000.0,0,0
2023-06-23,P005,S01,57,125400.0,0,0
2023-06-23,P005,S02,65,143000.0,0,0
2023-06-23,P005,S03,56,123200.0,0,0
2023-06-23,P005,S04,53,116600.0,0,0
2023-06-23,P005,S05,54,118800.0,0,0
2023-06-23,P005,S06,47,103400.0,0,0
2023-06-24,P001,S01,68,228344.31,1,0
2023-06-24,P001,S02,43,193500.0,0,0
2023-06-24,P001,S03,39,175500.0,0,0
2023-06-24,P001,S04,31,139500.0,0,0
2023-06-24,P001,S05,68,231610.27,1,0
2023-06-24,P001,S06,28,126000.0,0,0
2023-06-24,P002,S01,185,177202.01,1,0
2023-06-24,P002,S02,119,142800.0,0,0
2023-06-24,P002,S03,200,217622.6,1,0
2023-06-24,P002,S04,84,100800.0,0,0
2023-06-24,P002,S05,93,111600.0,0,0
2023-06-24,P002,S06,82,98400.0,0,0
2023-06-24,P003,S01,555,169469.32,1,0
2023-06-24,P003,S02,310,108500.0,0,0
2023-06-24,P003,S03,542,171198.57,1,0
2023-06-24,P003,S04,334,116900.0,0,0
2023-06-24,P003,S05,514,130743.36,1,0
2023-06-24,P003,S06,539,155641.43,1,0
2023-06-24,P004,S01,21,178500.0,0,0
2023-06-24,P004,S02,24,204000.0,0,0
2023-06-24,P004,S03,17,144500.0,0,0
2023-06-24,P004,S04,23,153566.54,1,0
2023-06-24,P004,S05,21,178500.0,0,0
2023-06-24,P004,S06,14,119000.0,0,0
2023-06-24,P005,S01,69,151800.0,0,0
2023-06-24,P005,S02,119,218513.56,1,0
2023-06-24,P005,S03,80,176000.0,0,0
2023-06-24,P005,S04,56,123200.0,0,0
2023-06-24,P005,S05,73,160600.0,0,0
2023-06-24,P005,S06,50,110000.0,0,0
2023-06-25,P001,S01,68,219252.7,1,0
2023-06-25,P001,S02,62,248797.95,1,0
2023-06-25,P001,S03,64,251304.42,1,0
2023-06-25,P001,S04,59,245133.51,1,0
2023-06-25,P001,S05,33,148500.0,0,0
2023-06-25,P001,S06,31,139500.0,0,0
2023-06-25,P002,S01,109,130800.0,0,0
2023-06-25,P002,S02,171,183939.9,1,0
2023-06-25,P002,S03,114,136800.0,0,0
2023-06-25,P002,S04,151,155340.48,1,0
2023-06-25,P002,S05,109,130800.0,0,0
2023-06-25,P002,S06,78,93600.0,0,0
2023-06-25,P003,S01,420,147000.0,0,0
2023-06-25,P003,S02,699,172865.29,1,0
2023-06-25,P003,S03,759,249287.28,1,0
2023-06-25,P003,S04,366,128100.0,0,0
2023-06-25,P003,S05,638,197303.3,1,0
2023-06-25,P003,S06,444,137375.56,1,0
2023-06-25,P004,S01,22,187000.0,0,0
2023-06-25,P004,S02,21,178500.0,0,0
2023-06-25,P004,S03,27,202633.8,1,0
2023-06-25,P004,S04,18,153000.0,0,0
2023-06-25,P004,S05,16,136000.0,0,0
2023-06-25,P004,S06,15,127500.0,0,0
2023-06-25,P005,S01,77,169400.0,0,0
2023-06-25,P005,S02,73,160600.0,0,0
2023-06-25,P005,S03,98,184988.05,1,0
2023-06-25,P005,S04,66,145200.0,0,0
2023-06-25,P005,S05,70,154000.0,0,0
2023-06-25,P005,S06,54,118800.0,0,0
2023-06-26,P001,S01,35,157500.0,0,0
2023-06-26,P001,S02,37,166500.0,0,0
2023-06-26,P001,S03,33,148500.0,0,0
2023-06-26,P001,S04,35,157500.0,0,0
2023-06-26,P001,S05,53,197649.91,1,0
2023-06-26,P001,S06,28,126000.0,0,0
2023-06-26,P002,S01,144,140257.56,1,0
2023-06-26,P002,S02,67,80400.0,0,0
2023-06-26,P002,S03,77,92400.0,0,0
2023-06-26,P002,S04,77,92400.0,0,0
2023-06-26,P002,S05,151,163424.99,1,0
2023-06-26,P002,S06,119,120971.53,1,0
2023-06-26,P003,S01,589,193000.92,1,0
2023-06-26,P003,S02,377,131950.0,0,0
2023-06-26,P003,S03,666,210554.11,1,0
2023-06-26,P003,S04,303,106050.0,0,0
2023-06-26,P003,S05,501,137771.09,1,0
2023-06-26,P003,S06,318,111300.0,0,0
2023-06-26,P004,S01,17,144500.0,0,0
2023-06-26,P004,S02,18,153000.0,0,0
2023-06-26,P004,S03,31,221958.98,1,0
2023-06-26,P004,S04,14,119000.0,0,0
2023-06-26,P004,S05,11,93500.0,0,0
2023-06-26,P004,S06,14,119000.0,0,0
2023-06-26,P005,S01,54,118800.0,0,0
2023-06-26,P005,S02,59,129800.0,0,0
2023-06-26,P005,S03,56,123200.0,0,0
2023-06-26,P005,S04,81,140641.37,1,0
2023-06-26,P005,S05,99,195381.64,1,0
2023-06-26,P005,S06,44,96800.0,0,0
2023-06-27,P001,S01,34,153000.0,0,0
2023-06-27,P001,S02,44,198000.0,0,0
2023-06-27,P001,S03,33,148500.0,0,0
2023-06-27,P001,S04,29,130500.0,0,0
2023-06-27,P001,S05,29,130500.0,0,0
2023-06-27,P001,S06,28,126000.0,0,0
2023-06-27,P002,S01,88,105600.0,0,0
2023-06-27,P002,S02,109,130800.0,0,0
2023-06-27,P002,S03,99,118800.0,0,0
2023-06-27,P002,S04,136,123650.5,1,0
2023-06-27,P002,S05,80,96000.0,0,0
2023-06-27,P002,S06,60,72000.0,0,0
2023-06-27,P003,S01,400,140000.0,0,0
2023-06-27,P003,S02,366,128100.0,0,0
2023-06-27,P003,S03,368,128800.0,0,0
2023-06-27,P003,S04,283,99050.0,0,0
2023-06-27,P003,S05,374,130900.0,0,0
2023-06-27,P003,S06,363,127050.0,0,0
2023-06-27,P004,S01,22,187000.0,0,0
2023-06-27,P004,S02,16,136000.0,0,0
2023-06-27,P004,S03,18,153000.0,0,0
2023-06-27,P004,S04,12,102000.0,0,0
2023-06-27,P004,S05,13,110500.0,0,0
2023-06-27,P004,S06,11,93500.0,0,0
2023-06-27,P005,S01,45,99000.0,0,0
2023-06-27,P005,S02,61,134200.0,0,0
2023-06-27,P005,S03,49,107800.0,0,0
2023-06-27,P005,S04,75,156226.34,1,0
2023-06-27,P005,S05,56,123200.0,0,0
2023-06-27,P005,S06,56,123200.0,0,0
2023-06-28,P001,S01,36,162000.0,0,0
2023-06-28,P001,S02,40,180000.0,0,0
2023-06-28,P001,S03,47,161977.87,1,0
2023-06-28,P001,S04,30,135000.0,0,0
2023-06-28,P001,S05,37,166500.0,0,0
2023-06-28,P001,S06,23,103500.0,0,0
2023-06-28,P002,S01,159,177983.17,1,0
2023-06-28,P002,S02,94,112800.0,0,0
2023-06-28,P002,S03,78,93600.0,0,0
2023-06-28,P002,S04,81,97200.0,0,0
2023-06-28,P002,S05,142,131919.25,1,0
2023-06-28,P002,S06,98,117600.0,0,0
2023-06-28,P003,S01,367,128450.0,0,0
2023-06-28,P003,S02,374,130900.0,0,0
2023-06-28,P003,S03,334,116900.0,0,0
2023-06-28,P003,S04,556,169161.33,1,0
2023-06-28,P003,S05,360,126000.0,0,0
2023-06-28,P003,S06,249,87150.0,0,0
2023-06-28,P004,S01,17,144500.0,0,0
2023-06-28,P004,S02,18,153000.0,0,0
2023-06-28,P004,S03,15,127500.0,0,0
2023-06-28,P004,S04,11,93500.0,0,0
2023-06-28,P004,S05,16,136000.0,0,0
2023-06-28,P004,S06,20,158894.69,1,0
2023-06-28,P005,S01,64,140800.0,0,0
2023-06-28,P005,S02,91,164044.41,1,0
2023-06-28,P005,S03,60,132000.0,0,0
2023-06-28,P005,S04,36,79200.0,0,0
2023-06-28,P005,S05,57,125400.0,0,0
2023-06-28,P005,S06,44,96800.0,0,0
2023-06-29,P001,S01,37,166500.0,0,0
2023-06-29,P001,S02,35,157500.0,0,0
2023-06-29,P001,S03,55,210071.02,1,0
2023-06-29,P001,S04,26,117000.0,0,0
2023-06-29,P001,S05,35,157500.0,0,0
2023-06-29,P001,S06,38,138246.64,1,0
2023-06-29,P002,S01,112,134400.0,0,0
2023-06-29,P002,S02,87,104400.0,0,0
2023-06-29,P002,S03,98,117600.0,0,0
2023-06-29,P002,S04,119,125770.53,1,0
2023-06-29,P002,S05,85,102000.0,0,0
2023-06-29,P002,S06,139,122150.35,1,0
2023-06-29,P003,S01,361,126350.0,0,0
2023-06-29,P003,S02,501,175350.0,0,0
2023-06-29,P003,S03,592,171184.02,1,0
2023-06-29,P003,S04,277,96950.0,0,0
2023-06-29,P003,S05,533,145259.63,1,0
2023-06-29,P003,S06,354,123900.0,0,0
2023-06-29,P004,S01,16,136000.0,0,0
2023-06-29,P004,S02,17,144500.0,0,0
2023-06-29,P004,S03,15,127500.0,0,0
2023-06-29,P004,S04,13,110500.0,0,0
2023-06-29,P004,S05,13,110500.0,0,0
2023-06-29,P004,S06,16,136000.0,0,0
2023-06-29,P005,S01,70,154000.0,0,0
2023-06-29,P005,S02,70,154000.0,0,0
2023-06-29,P005,S03,70,154000.0,0,0
2023-06-29,P005,S04,52,114400.0,0,0
2023-06-29,P005,S05,59,129800.0,0,0
2023-06-29,P005,S06,50,110000.0,0,0
2023-06-30,P001,S01,34,153000.0,0,0
2023-06-30,P001,S02,35,157500.0,0,0
2023-06-30,P001,S03,41,184500.0,0,0
2023-06-30,P001,S04,28,126000.0,0,0
2023-06-30,P001,S05,40,135049.09,1,0
2023-06-30,P001,S06,25,112500.0,0,0
2023-06-30,P002,S01,162,160340.76,1,0
2023-06-30,P002,S02,103,123600.0,0,0
2023-06-30,P002,S03,150,166083.0,1,0
2023-06-30,P002,S04,68,81600.0,0,0
2023-06-30,P002,S05,118,132223.7,1,0
2023-06-30,P002,S06,73,87600.0,0,0
2023-06-30,P003,S01,391,136850.0,0,0
2023-06-30,P003,S02,627,154234.78,1,0
2023-06-30,P003,S03,326,114100.0,0,0
2023-06-30,P003,S04,300,105000.0,0,0
2023-06-30,P003,S05,306,107100.0,0,0
2023-06-30,P003,S06,299,104650.0,0,0
2023-06-30,P004,S01,17,144500.0,0,0
2023-06-30,P004,S02,26,156272.19,1,0
2023-06-30,P004,S03,16,136000.0,0,0
2023-06-30,P004,S04,15,127500.0,0,0
2023-06-30,P004,S05,16,136000.0,0,0
2023-06-30,P004,S06,19,118444.36,1,0
2023-06-30,P005,S01,78,171600.0,0,0
2023-06-30,P005,S02,68,149600.0,0,0
2023-06-30,P005,S03,61,134200.0,0,0
2023-06-30,P005,S04,57,125400.0,0,0
2023-06-30,P005,S05,57,125400.0,0,0
2023-06-30,P005,S06,35,77000.0,0,0
2023-07-01,P001,S01,64,271920.23,1,0
2023-07-01,P001,S02,45,202500.0,0,0
2023-07-01,P001,S03,42,189000.0,0,0
2023-07-01,P001,S04,32,144000.0,0,0
2023-07-01,P001,S05,66,280203.86,1,0
2023-07-01,P001,S06,45,168714.72,1,0
2023-07-01,P002,S01,98,117600.0,0,0
2023-07-01,P002,S02,124,148800.0,0,0
2023-07-01,P002,S03,152,151112.8,1,0
2023-07-01,P002,S04,80,96000.0,0,0
2023-07-01,P002,S05,89,106800.0,0,0
2023-07-01,P002,S06,137,134749.39,1,0
2023-07-01,P003,S01,474,165900.0,0,0
2023-07-01,P003,S02,440,154000.0,0,0
2023-07-01,P003,S03,591,184317.55,1,0
2023-07-01,P003,S04,405,141750.0,0,0
2023-07-01,P003,S05,616,176476.34,1,0
2023-07-01,P003,S06,335,117250.0,0,0
2023-07-01,P004,S01,20,170000.0,0,0
2023-07-01,P004,S02,18,153000.0,0,0
2023-07-01,P004,S03,30,207663.53,1,0
2023-07-01,P004,S04,27,180893.71,1,0
2023-07-01,P004,S05,26,176435.56,1,0
2023-07-01,P004,S06,28,177264.84,1,0
2023-07-01,P005,S01,99,153151.64,1,0
2023-07-01,P005,S02,68,149600.0,0,0
2023-07-01,P005,S03,71,156200.0,0,0
2023-07-01,P005,S04,106,177961.92,1,0
2023-07-01,P005,S05,60,132000.0,0,0
2023-07-01,P005,S06,58,127600.0,0,0
2023-07-02,P001,S01,46,207000.0,0,0
2023-07-02,P001,S02,47,211500.0,0,0
2023-07-02,P001,S03,57,241926.66,1,0
2023-07-02,P001,S04,34,153000.0,0,0
2023-07-02,P001,S05,36,162000.0,0,0
2023-07-02,P001,S06,50,175124.91,1,0
2023-07-02,P002,S01,163,155605.48,1,0
2023-07-02,P002,S02,116,139200.0,0,0
2023-07-02,P002,S03,95,114000.0,0,0
2023-07-02,P002,S04,91,109200.0,0,0
2023-07-02,P002,S05,94,112800.0,0,0
2023-07-02,P002,S06,72,86400.0,0,0
2023-07-02,P003,S01,383,134050.0,0,0
2023-07-02,P003,S02,609,163828.99,1,0
2023-07-02,P003,S03,332,116200.0,0,0
2023-07-02,P003,S04,437,122675.54,1,0
2023-07-02,P003,S05,388,135800.0,0,0
2023-07-02,P003,S06,355,124250.0,0,0
2023-07-02,P004,S01,18,153000.0,0,0
2023-07-02,P004,S02,31,215037.83,1,0
2023-07-02,P004,S03,12,102000.0,0,0
2023-07-02,P004,S04,29,194405.54,1,0
2023-07-02,P004,S05,16,136000.0,0,0
2023-07-02,P004,S06,14,119000.0,0,0
2023-07-02,P005,S01,73,160600.0,0,0
2023-07-02,P005,S02,72,158400.0,0,0
2023-07-02,P005,S03,68,149600.0,0,0
2023-07-02,P005,S04,50,110000.0,0,0
2023-07-02,P005,S05,75,165000.0,0,0
2023-07-02,P005,S06,39,85800.0,0,0
2023-07-03,P001,S01,38,171000.0,0,0
2023-07-03,P001,S02,34,153000.0,0,0
2023-07-03,P001,S03,32,144000.0,0,0
2023-07-03,P001,S04,35,157500.0,0,0
2023-07-03,P001,S05,33,148500.0,0,0
2023-07-03,P001,S06,29,130500.0,0,0
2023-07-03,P002,S01,81,97200.0,0,0
2023-07-03,P002,S02,121,115827.86,1,0
2023-07-03,P002,S03,94,112800.0,0,0
2023-07-03,P002,S04,82,98400.0,0,0
2023-07-03,P002,S05,141,136235.57,1,0
2023-07-03,P002,S06,68,81600.0,0,0
2023-07-03,P003,S01,388,135800.0,0,0
2023-07-03,P003,S02,621,160898.75,1,0
2023-07-03,P003,S03,271,94850.0,0,0
2023-07-03,P003,S04,421,112828.91,1,0
2023-07-03,P003,S05,317,110950.0,0,0
2023-07-03,P003,S06,179,62650.0,0,0
2023-07-03,P004,S01,19,161500.0,0,0
2023-07-03,P004,S02,14,119000.0,0,0
2023-07-03,P004,S03,25,155478.58,1,0
2023-07-03,P004,S04,15,127500.0,0,0
2023-07-03,P004,S05,13,110500.0,0,0
2023-07-03,P004,S06,13,110500.0,0,0
2023-07-03,P005,S01,111,173659.47,1,0
2023-07-03,P005,S02,56,123200.0,0,0
2023-07-03,P005,S03,48,105600.0,0,0
2023-07-03,P005,S04,47,103400.0,0,0
2023-07-03,P005,S05,55,121000.0,0,0
2023-07-03,P005,S06,35,77000.0,0,0
2023-07-04,P001,S01,39,175500.0,0,0
2023-07-04,P001,S02,36,162000.0,0,0
2023-07-04,P001,S03,37,166500.0,0,0
2023-07-04,P001,S04,30,135000.0,0,0
2023-07-04,P001,S05,53,187010.83,1,0
2023-07-04,P001,S06,31,139500.0,0,0
2023-07-04,P002,S01,96,115200.0,0,0
2023-07-04,P002,S02,78,93600.0,0,0
2023-07-04,P002,S03,123,113115.67,1,0
2023-07-04,P002,S04,118,103388.71,1,0
2023-07-04,P002,S05,76,91200.0,0,0
2023-07-04,P002,S06,79,94800.0,0,0
2023-07-04,P003,S01,391,136850.0,0,0
2023-07-04,P003,S02,304,106400.0,0,0
2023-07-04,P003,S03,548,157204.72,1,0
2023-07-04,P003,S04,273,95550.0,0,0
2023-07-04,P003,S05,321,112350.0,0,0
2023-07-04,P003,S06,425,126846.0,1,0
2023-07-04,P004,S01,19,161500.0,0,0
2023-07-04,P004,S02,16,136000.0,0,0
2023-07-04,P004,S03,29,209072.89,1,0
2023-07-04,P004,S04,23,143724.72,1,0
2023-07-04,P004,S05,23,158240.44,1,0
2023-07-04,P004,S06,13,110500.0,0,0
2023-07-04,P005,S01,60,132000.0,0,0
2023-07-04,P005,S02,61,134200.0,0,0
2023-07-04,P005,S03,55,121000.0,0,0
2023-07-04,P005,S04,62,136400.0,0,0
2023-07-04,P005,S05,50,110000.0,0,0
2023-07-04,P005,S06,41,90200.0,0,0
2023-07-05,P001,S01,42,189000.0,0,0
2023-07-05,P001,S02,57,198664.28,1,0
2023-07-05,P001,S03,29,130500.0,0,0
2023-07-05,P001,S04,28,126000.0,0,0
2023-07-05,P001,S05,28,126000.0,0,0
2023-07-05,P001,S06,31,139500.0,0,0
2023-07-05,P002,S01,113,135600.0,0,0
2023-07-05,P002,S02,95,114000.0,0,0
2023-07-05,P002,S03,82,98400.0,0,0
2023-07-05,P002,S04,82,98400.0,0,0
2023-07-05,P002,S05,127,115424.37,1,0
2023-07-05,P002,S06,60,72000.0,0,0
2023-07-05,P003,S01,347,121450.0,0,0
2023-07-05,P003,S02,344,120400.0,0,0
2023-07-05,P003,S03,315,110250.0,0,0
2023-07-05,P003,S04,248,86800.0,0,0
2023-07-05,P003,S05,299,104650.0,0,0
2023-07-05,P003,S06,539,175549.99,1,0
2023-07-05,P004,S01,20,170000.0,0,0
2023-07-05,P004,S02,14,119000.0,0,0
2023-07-05,P004,S03,14,119000.0,0,0
2023-07-05,P004,S04,13,110500.0,0,0
2023-07-05,P004,S05,17,144500.0,0,0
2023-07-05,P004,S06,15,127500.0,0,0
2023-07-05,P005,S01,57,125400.0,0,0
2023-07-05,P005,S02,46,101200.0,0,0
2023-07-05,P005,S03,55,121000.0,0,0
2023-07-05,P005,S04,46,101200.0,0,0
2023-07-05,P005,S05,47,103400.0,0,0
2023-07-05,P005,S06,83,137432.3,1,0
2023-07-06,P001,S01,42,189000.0,0,0
2023-07-06,P001,S02,76,264394.37,1,0
2023-07-06,P001,S03,52,184941.83,1,0
2023-07-06,P001,S04,41,172363.23,1,0
2023-07-06,P001,S05,31,139500.0,0,0
2023-07-06,P001,S06,29,130500.0,0,0
2023-07-06,P002,S01,99,118800.0,0,0
2023-07-06,P002,S02,146,165714.68,1,0
2023-07-06,P002,S03,83,99600.0,0,0
2023-07-06,P002,S04,65,78000.0,0,0
2023-07-06,P002,S05,90,108000.0,0,0
2023-07-06,P002,S06,68,81600.0,0,0
2023-07-06,P003,S01,595,196693.02,1,0
2023-07-06,P003,S02,500,143087.98,1,0
2023-07-06,P003,S03,530,141858.52,1,0
2023-07-06,P003,S04,291,101850.0,0,0
2023-07-06,P003,S05,355,124250.0,0,0
2023-07-06,P003,S06,284,99400.0,0,0
2023-07-06,P004,S01,18,153000.0,0,0
2023-07-06,P004,S02,15,127500.0,0,0
2023-07-06,P004,S03,15,127500.0,0,0
2023-07-06,P004,S04,12,102000.0,0,0
2023-07-06,P004,S05,14,119000.0,0,0
2023-07-06,P004,S06,13,110500.0,0,0
2023-07-06,P005,S01,60,132000.0,0,0
2023-07-06,P005,S02,80,176000.0,0,0
2023-07-06,P005,S03,56,123200.0,0,0
2023-07-06,P005,S04,80,134531.47,1,0
2023-07-06,P005,S05,56,123200.0,0,0
2023-07-06,P005,S06,44,96800.0,0,0
2023-07-07,P001,S01,51,189476.96,1,0
2023-07-07,P001,S02,35,157500.0,0,0
2023-07-07,P001,S03,28,126000.0,0,0
2023-07-07,P001,S04,29,130500.0,0,0
2023-07-07,P001,S05,30,135000.0,0,0
2023-07-07,P001,S06,30,135000.0,0,0
2023-07-07,P002,S01,110,132000.0,0,0
2023-07-07,P002,S02,89,106800.0,0,0
2023-07-07,P002,S03,70,84000.0,0,0
2023-07-07,P002,S04,81,97200.0,0,0
2023-07-07,P002,S05,152,172024.48,1,0
2023-07-07,P002,S06,139,130331.98,1,0
2023-07-07,P003,S01,633,210149.49,1,0
2023-07-07,P003,S02,411,143850.0,0,0
2023-07-07,P003,S03,526,131875.95,1,0
2023-07-07,P003,S04,335,117250.0,0,0
2023-07-07,P003,S05,292,102200.0,0,0
2023-07-07,P003,S06,271,94850.0,0,0
2023-07-07,P004,S01,17,144500.0,0,0
2023-07-07,P004,S02,14,119000.0,0,0
2023-07-07,P004,S03,16,136000.0,0,0
2023-07-07,P004,S04,23,161889.29,1,0
2023-07-07,P004,S05,11,93500.0,0,0
2023-07-07,P004,S06,13,110500.0,0,0
2023-07-07,P005,S01,104,188403.79,1,0
2023-07-07,P005,S02,60,132000.0,0,0
2023-07-07,P005,S03,58,127600.0,0,0
2023-07-07,P005,S04,47,103400.0,0,0
2023-07-07,P005,S05,53,116600.0,0,0
2023-07-07,P005,S06,44,96800.0,0,0
2023-07-08,P001,S01,50,225000.0,0,0
2023-07-08,P001,S02,39,175500.0,0,0
2023-07-08,P001,S03,33,148500.0,0,0
2023-07-08,P001,S04,37,166500.0,0,0
2023-07-08,P001,S05,38,171000.0,0,0
2023-07-08,P001,S06,29,130500.0,0,0
2023-07-08,P002,S01,185,172388.72,1,0
2023-07-08,P002,S02,124,148800.0,0,0
2023-07-08,P002,S03,103,123600.0,0,0
2023-07-08,P002,S04,72,86400.0,0,0
2023-07-08,P002,S05,95,114000.0,0,0
2023-07-08,P002,S06,70,84000.0,0,0
2023-07-08,P003,S01,737,184678.1,1,0
2023-07-08,P003,S02,436,152600.0,0,0
2023-07-08,P003,S03,596,197348.13,1,0
2023-07-08,P003,S04,583,173334.3,1,0
2023-07-08,P003,S05,347,121450.0,0,0
2023-07-08,P003,S06,331,115850.0,0,0
2023-07-08,P004,S01,21,178500.0,0,0
2023-07-08,P004,S02,32,247649.39,1,0
2023-07-08,P004,S03,28,217259.73,1,0
2023-07-08,P004,S04,25,179717.69,1,0
2023-07-08,P004,S05,15,127500.0,0,0
2023-07-08,P004,S06,19,148499.03,1,0
2023-07-08,P005,S01,118,212874.66,1,0
2023-07-08,P005,S02,64,140800.0,0,0
2023-07-08,P005,S03,99,185420.37,1,0
2023-07-08,P005,S04,53,116600.0,0,0
2023-07-08,P005,S05,70,154000.0,0,0
2023-07-08,P005,S06,62,106605.44,1,0
2023-07-09,P001,S01,36,162000.0,0,0
2023-07-09,P001,S02,39,175500.0,0,0
2023-07-09,P001,S03,36,162000.0,0,0
2023-07-09,P001,S04,56,231279.19,1,0
2023-07-09,P001,S05,35,157500.0,0,0
2023-07-09,P001,S06,35,157500.0,0,0
2023-07-09,P002,S01,114,136800.0,0,0
2023-07-09,P002,S02,85,102000.0,0,0
2023-07-09,P002,S03,94,112800.0,0,0
2023-07-09,P002,S04,81,97200.0,0,0
2023-07-09,P002,S05,100,120000.0,0,0
2023-07-09,P002,S06,66,79200.0,0,0
2023-07-09,P003,S01,470,164500.0,0,0
2023-07-09,P003,S02,458,160300.0,0,0
2023-07-09,P003,S03,409,143150.0,0,0
2023-07-09,P003,S04,547,135441.65,1,0
2023-07-09,P003,S05,321,112350.0,0,0
2023-07-09,P003,S06,314,109900.0,0,0
2023-07-09,P004,S01,23,195500.0,0,0
2023-07-09,P004,S02,18,153000.0,0,0
2023-07-09,P004,S03,25,173278.7,1,0
2023-07-09,P004,S04,27,163714.94,1,0
2023-07-09,P004,S05,27,191114.47,1,0
2023-07-09,P004,S06,23,145690.44,1,0
2023-07-09,P005,S01,105,206016.94,1,0
2023-07-09,P005,S02,118,225763.74,1,0
2023-07-09,P005,S03,83,182600.0,0,0
2023-07-09,P005,S04,52,114400.0,0,0
2023-07-09,P005,S05,106,216187.21,1,0
2023-07-09,P005,S06,64,140800.0,0,0
2023-07-10,P001,S01,37,166500.0,0,0
2023-07-10,P001,S02,42,189000.0,0,0
2023-07-10,P001,S03,58,221116.95,1,0
2023-07-10,P001,S04,30,135000.0,0,0
2023-07-10,P001,S05,34,153000.0,0,0
2023-07-10,P001,S06,27,121500.0,0,0
2023-07-10,P002,S01,139,156329.44,1,0
2023-07-10,P002,S02,83,99600.0,0,0
2023-07-10,P002,S03,128,141647.94,1,0
2023-07-10,P002,S04,91,109200.0,0,0
2023-07-10,P002,S05,65,78000.0,0,0
2023-07-10,P002,S06,66,79200.0,0,0
2023-07-10,P003,S01,399,139650.0,0,0
2023-07-10,P003,S02,364,127400.0,0,0
2023-07-10,P003,S03,289,101150.0,0,0
2023-07-10,P003,S04,304,106400.0,0,0
2023-07-10,P003,S05,419,103727.03,1,0
2023-07-10,P003,S06,337,117950.0,0,0
2023-07-10,P004,S01,18,153000.0,0,0
2023-07-10,P004,S02,28,217358.28,1,0
2023-07-10,P004,S03,15,127500.0,0,0
2023-07-10,P004,S04,12,102000.0,0,0
2023-07-10,P004,S05,13,110500.0,0,0
2023-07-10,P004,S06,12,102000.0,0,0
2023-07-10,P005,S01,50,110000.0,0,0
2023-07-10,P005,S02,72,158400.0,0,0
2023-07-10,P005,S03,69,151800.0,0,0
2023-07-10,P005,S04,53,116600.0,0,0
2023-07-10,P005,S05,39,85800.0,0,0
2023-07-10,P005,S06,45,99000.0,0,0
2023-07-11,P001,S01,36,162000.0,0,0
2023-07-11,P001,S02,24,108000.0,0,0
2023-07-11,P001,S03,37,166500.0,0,0
2023-07-11,P001,S04,34,153000.0,0,0
2023-07-11,P001,S05,33,148500.0,0,0
2023-07-11,P001,S06,28,126000.0,0,0
2023-07-11,P002,S01,109,130800.0,0,0
2023-07-11,P002,S02,98,117600.0,0,0
2023-07-11,P002,S03,102,113288.78,1,0
2023-07-11,P002,S04,78,93600.0,0,0
2023-07-11,P002,S05,70,84000.0,0,0
2023-07-11,P002,S06,86,76884.75,1,0
2023-07-11,P003,S01,416,145600.0,0,0
2023-07-11,P003,S02,306,107100.0,0,0
2023-07-11,P003,S03,320,112000.0,0,0
2023-07-11,P003,S04,289,101150.0,0,0
2023-07-11,P003,S05,302,105700.0,0,0
2023-07-11,P003,S06,266,93100.0,0,0
2023-07-11,P004,S01,13,110500.0,0,0
2023-07-11,P004,S02,17,144500.0,0,0
2023-07-11,P004,S03,15,127500.0,0,0
2023-07-11,P004,S04,14,119000.0,0,0
2023-07-11,P004,S05,11,93500.0,0,0
2023-07-11,P004,S06,10,85000.0,0,0
2023-07-11,P005,S01,106,188709.85,1,0
2023-07-11,P005,S02,51,112200.0,0,0
2023-07-11,P005,S03,67,147400.0,0,0
2023-07-11,P005,S04,44,96800.0,0,0
2023-07-11,P005,S05,52,114400.0,0,0
2023-07-11,P005,S06,31,68200.0,0,0
2023-07-12,P001,S01,50,225000.0,0,0
2023-07-12,P001,S02,37,166500.0,0,0
2023-07-12,P001,S03,47,186686.15,1,0
2023-07-12,P001,S04,26,117000.0,0,0
2023-07-12,P001,S05,35,157500.0,0,0
2023-07-12,P001,S06,30,135000.0,0,0
2023-07-12,P002,S01,159,144756.32,1,0
2023-07-12,P002,S02,87,104400.0,0,0
2023-07-12,P002,S03,68,81600.0,0,0
2023-07-12,P002,S04,67,80400.0,0,0
2023-07-12,P002,S05,79,94800.0,0,0
2023-07-12,P002,S06,72,86400.0,0,0
2023-07-12,P003,S01,582,175489.93,1,0
2023-07-12,P003,S02,395,138250.0,0,0
2023-07-12,P003,S03,521,165364.29,1,0
2023-07-12,P003,S04,293,102550.0,0,0
2023-07-12,P003,S05,306,107100.0,0,0
2023-07-12,P003,S06,258,90300.0,0,0
2023-07-12,P004,S01,15,127500.0,0,0
2023-07-12,P004,S02,28,192025.14,1,0
2023-07-12,P004,S03,16,136000.0,0,0
2023-07-12,P004,S04,15,127500.0,0,0
2023-07-12,P004,S05,20,150257.21,1,0
2023-07-12,P004,S06,12,102000.0,0,0
2023-07-12,P005,S01,71,156200.0,0,0
2023-07-12,P005,S02,66,145200.0,0,0
2023-07-12,P005,S03,57,125400.0,0,0
2023-07-12,P005,S04,55,121000.0,0,0
2023-07-12,P005,S05,69,121198.51,1,0
2023-07-12,P005,S06,50,110000.0,0,0
2023-07-13,P001,S01,37,166500.0,0,0
2023-07-13,P001,S02,37,166500.0,0,0
2023-07-13,P001,S03,35,157500.0,0,0
2023-07-13,P001,S04,34,153000.0,0,0
2023-07-13,P001,S05,31,139500.0,0,0
2023-07-13,P001,S06,33,138038.66,1,0
2023-07-13,P002,S01,87,104400.0,0,0
2023-07-13,P002,S02,97,116400.0,0,0
2023-07-13,P002,S03,149,132449.33,1,0
2023-07-13,P002,S04,101,104900.32,1,0
2023-07-13,P002,S05,140,143761.03,1,0
2023-07-13,P002,S06,75,90000.0,0,0
2023-07-13,P003,S01,312,109200.0,0,0
2023-07-13,P003,S02,415,145250.0,0,0
2023-07-13,P003,S03,343,120050.0,0,0
2023-07-13,P003,S04,372,130200.0,0,0
2023-07-13,P003,S05,534,166483.77,1,0
2023-07-13,P003,S06,311,108850.0,0,0
2023-07-13,P004,S01,16,136000.0,0,0
2023-07-13,P004,S02,28,223704.93,1,0
2023-07-13,P004,S03,19,161500.0,0,0
2023-07-13,P004,S04,15,127500.0,0,0
2023-07-13,P004,S05,14,119000.0,0,0
2023-07-13,P004,S06,14,119000.0,0,0
2023-07-13,P005,S01,73,160600.0,0,0
2023-07-13,P005,S02,69,151800.0,0,0
2023-07-13,P005,S03,71,125567.94,1,0
2023-07-13,P005,S04,54,118800.0,0,0
2023-07-13,P005,S05,56,123200.0,0,0
2023-07-13,P005,S06,58,127600.0,0,0
2023-07-14,P001,S01,65,241741.54,1,0
2023-07-14,P001,S02,33,148500.0,0,0
2023-07-14,P001,S03,33,148500.0,0,0
2023-07-14,P001,S04,32,144000.0,0,0
2023-07-14,P001,S05,36,162000.0,0,0
2023-07-14,P001,S06,29,130500.0,0,0
2023-07-14,P002,S01,92,110400.0,0,0
2023-07-14,P002,S02,88,105600.0,0,0
2023-07-14,P002,S03,95,114000.0,0,0
2023-07-14,P002,S04,62,74400.0,0,0
2023-07-14,P002,S05,76,91200.0,0,0
2023-07-14,P002,S06,68,81600.0,0,0
2023-07-14,P003,S01,364,127400.0,0,0
2023-07-14,P003,S02,386,135100.0,0,0
2023-07-14,P003,S03,278,97300.0,0,0
2023-07-14,P003,S04,332,116200.0,0,0
2023-07-14,P003,S05,348,121800.0,0,0
2023-07-14,P003,S06,338,118300.0,0,0
2023-07-14,P004,S01,14,119000.0,0,0
2023-07-14,P004,S02,21,168524.0,1,0
2023-07-14,P004,S03,16,136000.0,0,0
2023-07-14,P004,S04,14,119000.0,0,0
2023-07-14,P004,S05,13,110500.0,0,0
2023-07-14,P004,S06,13,110500.0,0,0
2023-07-14,P005,S01,67,147400.0,0,0
2023-07-14,P005,S02,68,149600.0,0,0
2023-07-14,P005,S03,61,134200.0,0,0
2023-07-14,P005,S04,50,110000.0,0,0
2023-07-14,P005,S05,37,81400.0,0,0
2023-07-14,P005,S06,42,92400.0,0,0
2023-07-15,P001,S01,51,229500.0,0,0
2023-07-15,P001,S02,36,162000.0,0,0
2023-07-15,P001,S03,30,135000.0,0,0
2023-07-15,P001,S04,56,186753.36,1,0
2023-07-15,P001,S05,34,153000.0,0,0
2023-07-15,P001,S06,35,157500.0,0,0
2023-07-15,P002,S01,110,132000.0,0,0
2023-07-15,P002,S02,96,115200.0,0,0
2023-07-15,P002,S03,77,92400.0,0,0
2023-07-15,P002,S04,128,137475.72,1,0
2023-07-15,P002,S05,102,122400.0,0,0
2023-07-15,P002,S06,76,91200.0,0,0
2023-07-15,P003,S01,495,173250.0,0,0
2023-07-15,P003,S02,839,240384.04,1,0
2023-07-15,P003,S03,555,154935.39,1,0
2023-07-15,P003,S04,335,117250.0,0,0
2023-07-15,P003,S05,425,148750.0,0,0
2023-07-15,P003,S06,538,152422.67,1,0
2023-07-15,P004,S01,20,170000.0,0,0
2023-07-15,P004,S02,32,226400.46,1,0
2023-07-15,P004,S03,19,161500.0,0,0
2023-07-15,P004,S04,19,161500.0,0,0
2023-07-15,P004,S05,30,206707.35,1,0
2023-07-15,P004,S06,13,110500.0,0,0
2023-07-15,P005,S01,124,225925.18,1,0
2023-07-15,P005,S02,70,154000.0,0,0
2023-07-15,P005,S03,69,151800.0,0,0
2023-07-15,P005,S04,58,127600.0,0,0
2023-07-15,P005,S05,59,129800.0,0,0
2023-07-15,P005,S06,79,158260.79,1,0
2023-07-16,P001,S01,67,260412.02,1,0
2023-07-16,P001,S02,58,236678.01,1,0
2023-07-16,P001,S03,43,193500.0,0,0
2023-07-16,P001,S04,27,121500.0,0,0
2023-07-16,P001,S05,38,171000.0,0,0
2023-07-16,P001,S06,33,124530.67,1,0
2023-07-16,P002,S01,199,186571.7,1,0
2023-07-16,P002,S02,113,135600.0,0,0
2023-07-16,P002,S03,98,117600.0,0,0
2023-07-16,P002,S04,138,117689.93,1,0
2023-07-16,P002,S05,166,166603.64,1,0
2023-07-16,P002,S06,73,87600.0,0,0
2023-07-16,P003,S01,465,162750.0,0,0
2023-07-16,P003,S02,376,131600.0,0,0
2023-07-16,P003,S03,699,206765.67,1,0
2023-07-16,P003,S04,333,116550.0,0,0
2023-07-16,P003,S05,431,150850.0,0,0
2023-07-16,P003,S06,269,94150.0,0,0
2023-07-16,P004,S01,29,211335.55,1,0
2023-07-16,P004,S02,17,144500.0,0,0
2023-07-16,P004,S03,23,167297.01,1,0
2023-07-16,P004,S04,13,110500.0,0,0
2023-07-16,P004,S05,23,173465.61,1,0
2023-07-16,P004,S06,13,110500.0,0,0
2023-07-16,P005,S01,80,176000.0,0,0
2023-07-16,P005,S02,64,140800.0,0,0
2023-07-16,P005,S03,61,134200.0,0,0
2023-07-16,P005,S04,67,123335.73,1,0
2023-07-16,P005,S05,69,151800.0,0,0
2023-07-16,P005,S06,44,96800.0,0,0
2023-07-17,P001,S01,32,144000.0,0,0
2023-07-17,P001,S02,39,175500.0,0,0
2023-07-17,P001,S03,51,194016.43,1,0
2023-07-17,P001,S04,40,160102.55,1,0
2023-07-17,P001,S05,50,203221.84,1,0
2023-07-17,P001,S06,24,108000.0,0,0
2023-07-17,P002,S01,82,98400.0,0,0
2023-07-17,P002,S02,95,114000.0,0,0
2023-07-17,P002,S03,154,155036.41,1,0
2023-07-17,P002,S04,126,141461.37,1,0
2023-07-17,P002,S05,133,146548.73,1,0
2023-07-17,P002,S06,57,68400.0,0,0
2023-07-17,P003,S01,312,109200.0,0,0
2023-07-17,P003,S02,335,117250.0,0,0
2023-07-17,P003,S03,494,139542.61,1,0
2023-07-17,P003,S04,376,131600.0,0,0
2023-07-17,P003,S05,481,151293.49,1,0
2023-07-17,P003,S06,239,83650.0,0,0
2023-07-17,P004,S01,18,153000.0,0,0
2023-07-17,P004,S02,19,161500.0,0,0
2023-07-17,P004,S03,15,127500.0,0,0
2023-07-17,P004,S04,13,110500.0,0,0
2023-07-17,P004,S05,27,214307.63,1,0
2023-07-17,P004,S06,12,102000.0,0,0
2023-07-17,P005,S01,120,241891.8,1,0
2023-07-17,P005,S02,59,129800.0,0,0
2023-07-17,P005,S03,58,127600.0,0,0
2023-07-17,P005,S04,46,101200.0,0,0
2023-07-17,P005,S05,56,123200.0,0,0
2023-07-17,P005,S06,82,152941.89,1,0
2023-07-18,P001,S01,40,180000.0,0,0
2023-07-18,P001,S02,70,293987.33,1,0
2023-07-18,P001,S03,36,162000.0,0,0
2023-07-18,P001,S04,37,166500.0,0,0
2023-07-18,P001,S05,33,148500.0,0,0
2023-07-18,P001,S06,24,108000.0,0,0
2023-07-18,P002,S01,99,118800.0,0,0
2023-07-18,P002,S02,69,82800.0,0,0
2023-07-18,P002,S03,132,126447.0,1,0
2023-07-18,P002,S04,77,92400.0,0,0
2023-07-18,P002,S05,103,108628.81,1,0
2023-07-18,P002,S06,72,86400.0,0,0
2023-07-18,P003,S01,408,142800.0,0,0
2023-07-18,P003,S02,556,148394.56,1,0
2023-07-18,P003,S03,503,127480.84,1,0
2023-07-18,P003,S04,319,111650.0,0,0
2023-07-18,P003,S05,315,110250.0,0,0
2023-07-18,P003,S06,501,129151.44,1,0
2023-07-18,P004,S01,30,235446.2,1,0
2023-07-18,P004,S02,16,136000.0,0,0
2023-07-18,P004,S03,13,110500.0,0,0
2023-07-18,P004,S04,9,76500.0,0,0
2023-07-18,P004,S05,14,119000.0,0,0
2023-07-18,P004,S06,12,102000.0,0,0
2023-07-18,P005,S01,66,145200.0,0,0
2023-07-18,P005,S02,46,101200.0,0,0
2023-07-18,P005,S03,53,116600.0,0,0
2023-07-18,P005,S04,82,156107.55,1,0
2023-07-18,P005,S05,87,163378.21,1,0
2023-07-18,P005,S06,53,116600.0,0,0
2023-07-19,P001,S01,30,135000.0,0,0
2023-07-19,P001,S02,49,220500.0,0,0
2023-07-19,P001,S03,23,103500.0,0,0
2023-07-19,P001,S04,34,153000.0,0,0
2023-07-19,P001,S05,31,139500.0,0,0
2023-07-19,P001,S06,32,144000.0,0,0
2023-07-19,P002,S01,102,122400.0,0,0
2023-07-19,P002,S02,165,174074.25,1,0
2023-07-19,P002,S03,94,112800.0,0,0
2023-07-19,P002,S04,85,102000.0,0,0
2023-07-19,P002,S05,72,86400.0,0,0
2023-07-19,P002,S06,54,64800.0,0,0
2023-07-19,P003,S01,423,148050.0,0,0
2023-07-19,P003,S02,372,130200.0,0,0
2023-07-19,P003,S03,356,124600.0,0,0
2023-07-19,P003,S04,360,126000.0,0,0
2023-07-19,P003,S05,300,105000.0,0,0
2023-07-19,P003,S06,412,121040.31,1,0
2023-07-19,P004,S01,16,136000.0,0,0
2023-07-19,P004,S02,15,127500.0,0,0
2023-07-19,P004,S03,15,127500.0,0,0
2023-07-19,P004,S04,15,127500.0,0,0
2023-07-19,P004,S05,16,99237.47,1,0
2023-07-19,P004,S06,13,110500.0,0,0
2023-07-19,P005,S01,129,211308.47,1,0
2023-07-19,P005,S02,52,114400.0,0,0
2023-07-19,P005,S03,50,110000.0,0,0
2023-07-19,P005,S04,80,138223.84,1,0
2023-07-19,P005,S05,52,114400.0,0,0
2023-07-19,P005,S06,37,81400.0,0,0
2023-07-20,P001,S01,34,153000.0,0,0
2023-07-20,P001,S02,40,180000.0,0,0
2023-07-20,P001,S03,46,148872.05,1,0
2023-07-20,P001,S04,49,202496.93,1,0
2023-07-20,P001,S05,33,148500.0,0,0
2023-07-20,P001,S06,30,135000.0,0,0
2023-07-20,P002,S01,94,112800.0,0,0
2023-07-20,P002,S02,94,112800.0,0,0
2023-07-20,P002,S03,101,121200.0,0,0
2023-07-20,P002,S04,63,75600.0,0,0
2023-07-20,P002,S05,133,125880.17,1,0
2023-07-20,P002,S06,52,62400.0,0,0
2023-07-20,P003,S01,641,174481.95,1,0
2023-07-20,P003,S02,530,168171.68,1,0
2023-07-20,P003,S03,306,107100.0,0,0
2023-07-20,P003,S04,460,113542.03,1,0
2023-07-20,P003,S05,291,101850.0,0,0
2023-07-20,P003,S06,275,96250.0,0,0
2023-07-20,P004,S01,14,119000.0,0,0
2023-07-20,P004,S02,17,144500.0,0,0
2023-07-20,P004,S03,15,127500.0,0,0
2023-07-20,P004,S04,14,119000.0,0,0
2023-07-20,P004,S05,12,102000.0,0,0
2023-07-20,P004,S06,11,93500.0,0,0
2023-07-20,P005,S01,105,176980.63,1,0
2023-07-20,P005,S02,65,143000.0,0,0
2023-07-20,P005,S03,50,110000.0,0,0
2023-07-20,P005,S04,48,105600.0,0,0
2023-07-20,P005,S05,73,160600.0,0,0
2023-07-20,P005,S06,54,118800.0,0,0
2023-07-21,P001,S01,39,175500.0,0,0
2023-07-21,P001,S02,71,261325.98,1,0
2023-07-21,P001,S03,68,262914.29,1,0
2023-07-21,P001,S04,32,144000.0,0,0
2023-07-21,P001,S05,42,168441.52,1,0
2023-07-21,P001,S06,32,144000.0,0,0
2023-07-21,P002,S01,152,144587.74,1,0
2023-07-21,P002,S02,80,96000.0,0,0
2023-07-21,P002,S03,91,109200.0,0,0
2023-07-21,P002,S04,73,87600.0,0,0
2023-07-21,P002,S05,124,139657.58,1,0
2023-07-21,P002,S06,74,88800.0,0,0
2023-07-21,P003,S01,344,120400.0,0,0
2023-07-21,P003,S02,341,119350.0,0,0
2023-07-21,P003,S03,578,143803.97,1,0
2023-07-21,P003,S04,272,95200.0,0,0
2023-07-21,P003,S05,286,100100.0,0,0
2023-07-21,P003,S06,315,110250.0,0,0
2023-07-21,P004,S01,17,144500.0,0,0
2023-07-21,P004,S02,16,136000.0,0,0
2023-07-21,P004,S03,15,127500.0,0,0
2023-07-21,P004,S04,15,127500.0,0,0
2023-07-21,P004,S05,15,127500.0,0,0
2023-07-21,P004,S06,11,93500.0,0,0
2023-07-21,P005,S01,65,143000.0,0,0
2023-07-21,P005,S02,62,136400.0,0,0
2023-07-21,P005,S03,63,138600.0,0,0
2023-07-21,P005,S04,85,143121.24,1,0
2023-07-21,P005,S05,75,117061.73,1,0
2023-07-21,P005,S06,51,112200.0,0,0
2023-07-22,P001,S01,42,189000.0,0,0
2023-07-22,P001,S02,72,229790.26,1,0
2023-07-22,P001,S03,40,180000.0,0,0
2023-07-22,P001,S04,32,144000.0,0,0
2023-07-22,P001,S05,37,166500.0,0,0
2023-07-22,P001,S06,47,193741.67,1,0
2023-07-22,P002,S01,188,165464.81,1,0
2023-07-22,P002,S02,168,182364.9,1,0
2023-07-22,P002,S03,108,129600.0,0,0
2023-07-22,P002,S04,82,98400.0,0,0
2023-07-22,P002,S05,141,122981.05,1,0
2023-07-22,P002,S06,76,91200.0,0,0
2023-07-22,P003,S01,732,223521.61,1,0
2023-07-22,P003,S02,334,116900.0,0,0
2023-07-22,P003,S03,382,133700.0,0,0
2023-07-22,P003,S04,258,90300.0,0,0
2023-07-22,P003,S05,339,118650.0,0,0
2023-07-22,P003,S06,323,113050.0,0,0
2023-07-22,P004,S01,18,153000.0,0,0
2023-07-22,P004,S02,34,253237.95,1,0
2023-07-22,P004,S03,31,234688.87,1,0
2023-07-22,P004,S04,15,127500.0,0,0
2023-07-22,P004,S05,17,144500.0,0,0
2023-07-22,P004,S06,14,119000.0,0,0
2023-07-22,P005,S01,119,227318.03,1,0
2023-07-22,P005,S02,59,129800.0,0,0
2023-07-22,P005,S03,68,149600.0,0,0
2023-07-22,P005,S04,57,125400.0,0,0
2023-07-22,P005,S05,59,129800.0,0,0
2023-07-22,P005,S06,45,99000.0,0,0
2023-07-23,P001,S01,76,268009.87,1,0
2023-07-23,P001,S02,63,215192.88,1,0
2023-07-23,P001,S03,43,193500.0,0,0
2023-07-23,P001,S04,34,153000.0,0,0
2023-07-23,P001,S05,58,217035.87,1,0
2023-07-23,P001,S06,33,148500.0,0,0
2023-07-23,P002,S01,117,140400.0,0,0
2023-07-23,P002,S02,191,200563.06,1,0
2023-07-23,P002,S03,163,178977.05,1,0
2023-07-23,P002,S04,92,110400.0,0,0
2023-07-23,P002,S05,125,141642.62,1,0
2023-07-23,P002,S06,72,86400.0,0,0
2023-07-23,P003,S01,436,152600.0,0,0
2023-07-23,P003,S02,749,187672.07,1,0
2023-07-23,P003,S03,422,147700.0,0,0
2023-07-23,P003,S04,592,186030.21,1,0
2023-07-23,P003,S05,386,135100.0,0,0
2023-07-23,P003,S06,282,98700.0,0,0
2023-07-23,P004,S01,33,263724.6,1,0
2023-07-23,P004,S02,20,170000.0,0,0
2023-07-23,P004,S03,31,185661.19,1,0
2023-07-23,P004,S04,13,110500.0,0,0
2023-07-23,P004,S05,18,153000.0,0,0
2023-07-23,P004,S06,17,144500.0,0,0
2023-07-23,P005,S01,69,151800.0,0,0
2023-07-23,P005,S02,70,154000.0,0,0
2023-07-23,P005,S03,93,156004.62,1,0
2023-07-23,P005,S04,94,175117.99,1,0
2023-07-23,P005,S05,115,212212.23,1,0
2023-07-23,P005,S06,101,188572.3,1,0
2023-07-24,P001,S01,40,180000.0,0,0
2023-07-24,P001,S02,73,303326.9,1,0
2023-07-24,P001,S03,32,144000.0,0,0
2023-07-24,P001,S04,36,162000.0,0,0
2023-07-24,P001,S05,56,228581.09,1,0
2023-07-24,P001,S06,32,144000.0,0,0
2023-07-24,P002,S01,112,134400.0,0,0
2023-07-24,P002,S02,87,104400.0,0,0
2023-07-24,P002,S03,109,130800.0,0,0
2023-07-24,P002,S04,74,88800.0,0,0
2023-07-24,P002,S05,80,96000.0,0,0
2023-07-24,P002,S06,62,74400.0,0,0
2023-07-24,P003,S01,718,213182.98,1,0
2023-07-24,P003,S02,370,129500.0,0,0
2023-07-24,P003,S03,597,175622.2,1,0
2023-07-24,P003,S04,294,102900.0,0,0
2023-07-24,P003,S05,326,114100.0,0,0
2023-07-24,P003,S06,241,84350.0,0,0
2023-07-24,P004,S01,25,152252.52,1,0
2023-07-24,P004,S02,16,136000.0,0,0
2023-07-24,P004,S03,16,136000.0,0,0
2023-07-24,P004,S04,16,136000.0,0,0
2023-07-24,P004,S05,21,138661.19,1,0
2023-07-24,P004,S06,9,76500.0,0,0
2023-07-24,P005,S01,70,154000.0,0,0
2023-07-24,P005,S02,68,149600.0,0,0
2023-07-24,P005,S03,81,128202.09,1,0
2023-07-24,P005,S04,52,114400.0,0,0
2023-07-24,P005,S05,48,105600.0,0,0
2023-07-24,P005,S06,40,88000.0,0,0
2023-07-25,P001,S01,43,193500.0,0,0
2023-07-25,P001,S02,41,184500.0,0,0
2023-07-25,P001,S03,37,166500.0,0,0
2023-07-25,P001,S04,24,108000.0,0,0
2023-07-25,P001,S05,33,148500.0,0,0
2023-07-25,P001,S06,38,158190.92,1,0
2023-07-25,P002,S01,81,97200.0,0,0
2023-07-25,P002,S02,105,126000.0,0,0
2023-07-25,P002,S03,86,103200.0,0,0
2023-07-25,P002,S04,125,113234.88,1,0
2023-07-25,P002,S05,72,86400.0,0,0
2023-07-25,P002,S06,128,120955.12,1,0
2023-07-25,P003,S01,403,141050.0,0,0
2023-07-25,P003,S02,436,152600.0,0,0
2023-07-25,P003,S03,510,157727.47,1,0
2023-07-25,P003,S04,300,105000.0,0,0
2023-07-25,P003,S05,350,122500.0,0,0
2023-07-25,P003,S06,271,94850.0,0,0
2023-07-25,P004,S01,18,153000.0,0,0
2023-07-25,P004,S02,10,85000.0,0,0
2023-07-25,P004,S03,23,153516.7,1,0
2023-07-25,P004,S04,21,164915.32,1,0
2023-07-25,P004,S05,12,102000.0,0,0
2023-07-25,P004,S06,14,119000.0,0,0
2023-07-25,P005,S01,53,116600.0,0,0
2023-07-25,P005,S02,70,154000.0,0,0
2023-07-25,P005,S03,54,118800.0,0,0
2023-07-25,P005,S04,45,99000.0,0,0
2023-07-25,P005,S05,53,116600.0,0,0
2023-07-25,P005,S06,78,127396.62,1,0
2023-07-26,P001,S01,38,171000.0,0,0
2023-07-26,P001,S02,60,238038.53,1,0
2023-07-26,P001,S03,32,144000.0,0,0
2023-07-26,P001,S04,29,130500.0,0,0
2023-07-26,P001,S05,24,108000.0,0,0
2023-07-26,P001,S06,31,139500.0,0,0
2023-07-26,P002,S01,112,134400.0,0,0
2023-07-26,P002,S02,87,104400.0,0,0
2023-07-26,P002,S03,86,103200.0,0,0
2023-07-26,P002,S04,93,111600.0,0,0
2023-07-26,P002,S05,100,120000.0,0,0
2023-07-26,P002,S06,68,81600.0,0,0
2023-07-26,P003,S01,433,151550.0,0,0
2023-07-26,P003,S02,394,137900.0,0,0
2023-07-26,P003,S03,345,120750.0,0,0
2023-07-26,P003,S04,291,101850.0,0,0
2023-07-26,P003,S05,254,88900.0,0,0
2023-07-26,P003,S06,383,134050.0,0,0
2023-07-26,P004,S01,18,153000.0,0,0
2023-07-26,P004,S02,14,119000.0,0,0
2023-07-26,P004,S03,12,102000.0,0,0
2023-07-26,P004,S04,14,119000.0,0,0
2023-07-26,P004,S05,14,119000.0,0,0
2023-07-26,P004,S06,25,189028.37,1,0
2023-07-26,P005,S01,79,173800.0,0,0
2023-07-26,P005,S02,58,127600.0,0,0
2023-07-26,P005,S03,64,140800.0,0,0
2023-07-26,P005,S04,48,105600.0,0,0
2023-07-26,P005,S05,53,116600.0,0,0
2023-07-26,P005,S06,57,91844.9,1,0
2023-07-27,P001,S01,42,189000.0,0,0
2023-07-27,P001,S02,39,175500.0,0,0
2023-07-27,P001,S03,62,256590.16,1,0
2023-07-27,P001,S04,30,135000.0,0,0
2023-07-27,P001,S05,34,153000.0,0,0
2023-07-27,P001,S06,29,130500.0,0,0
2023-07-27,P002,S01,98,117600.0,0,0
2023-07-27,P002,S02,98,117600.0,0,0
2023-07-27,P002,S03,78,93600.0,0,0
2023-07-27,P002,S04,76,91200.0,0,0
2023-07-27,P002,S05,69,82800.0,0,0
2023-07-27,P002,S06,102,100658.22,1,0
2023-07-27,P003,S01,393,137550.0,0,0
2023-07-27,P003,S02,263,92050.0,0,0
2023-07-27,P003,S03,359,125650.0,0,0
2023-07-27,P003,S04,498,153009.32,1,0
2023-07-27,P003,S05,567,166014.45,1,0
2023-07-27,P003,S06,282,98700.0,0,0
2023-07-27,P004,S01,17,144500.0,0,0
2023-07-27,P004,S02,18,153000.0,0,0
2023-07-27,P004,S03,14,119000.0,0,0
2023-07-27,P004,S04,10,85000.0,0,0
2023-07-27,P004,S05,14,119000.0,0,0
2023-07-27,P004,S06,8,68000.0,0,0
2023-07-27,P005,S01,63,138600.0,0,0
2023-07-27,P005,S02,61,134200.0,0,0
2023-07-27,P005,S03,64,140800.0,0,0
2023-07-27,P005,S04,58,127600.0,0,0
2023-07-27,P005,S05,49,107800.0,0,0
2023-07-27,P005,S06,50,110000.0,0,0
2023-07-28,P001,S01,47,211500.0,0,0
2023-07-28,P001,S02,56,235873.45,1,0
2023-07-28,P001,S03,58,198259.89,1,0
2023-07-28,P001,S04,26,117000.0,0,0
2023-07-28,P001,S05,28,126000.0,0,0
2023-07-28,P001,S06,32,144000.0,0,0
2023-07-28,P002,S01,118,141600.0,0,0
2023-07-28,P002,S02,76,91200.0,0,0
2023-07-28,P002,S03,165,181490.97,1,0
2023-07-28,P002,S04,58,69600.0,0,0
2023-07-28,P002,S05,72,86400.0,0,0
2023-07-28,P002,S06,65,78000.0,0,0
2023-07-28,P003,S01,450,157500.0,0,0
2023-07-28,P003,S02,338,118300.0,0,0
2023-07-28,P003,S03,379,132650.0,0,0
2023-07-28,P003,S04,284,99400.0,0,0
2023-07-28,P003,S05,318,111300.0,0,0
2023-07-28,P003,S06,329,115150.0,0,0
2023-07-28,P004,S01,20,170000.0,0,0
2023-07-28,P004,S02,17,144500.0,0,0
2023-07-28,P004,S03,15,127500.0,0,0
2023-07-28,P004,S04,14,119000.0,0,0
2023-07-28,P004,S05,14,119000.0,0,0
2023-07-28,P004,S06,11,93500.0,0,0
2023-07-28,P005,S01,63,138600.0,0,0
2023-07-28,P005,S02,61,134200.0,0,0
2023-07-28,P005,S03,50,110000.0,0,0
2023-07-28,P005,S04,44,96800.0,0,0
2023-07-28,P005,S05,59,129800.0,0,0
2023-07-28,P005,S06,42,92400.0,0,0
2023-07-29,P001,S01,47,211500.0,0,0
2023-07-29,P001,S02,45,202500.0,0,0
2023-07-29,P001,S03,38,171000.0,0,0
2023-07-29,P001,S04,55,224817.49,1,0
2023-07-29,P001,S05,64,227075.54,1,0
2023-07-29,P001,S06,55,220907.4,1,0
2023-07-29,P002,S01,106,127200.0,0,0
2023-07-29,P002,S02,165,166355.33,1,0
2023-07-29,P002,S03,159,171638.09,1,0
2023-07-29,P002,S04,121,131926.55,1,0
2023-07-29,P002,S05,85,102000.0,0,0
2023-07-29,P002,S06,64,76800.0,0,0
2023-07-29,P003,S01,427,149450.0,0,0
2023-07-29,P003,S02,469,164150.0,0,0
2023-07-29,P003,S03,410,143500.0,0,0
2023-07-29,P003,S04,385,134750.0,0,0
2023-07-29,P003,S05,316,110600.0,0,0
2023-07-29,P003,S06,266,93100.0,0,0
2023-07-29,P004,S01,31,190865.65,1,0
2023-07-29,P004,S02,20,170000.0,0,0
2023-07-29,P004,S03,29,203527.71,1,0
2023-07-29,P004,S04,21,160105.85,1,0
2023-07-29,P004,S05,15,127500.0,0,0
2023-07-29,P004,S06,15,127500.0,0,0
2023-07-29,P005,S01,79,173800.0,0,0
2023-07-29,P005,S02,121,229807.36,1,0
2023-07-29,P005,S03,118,241742.11,1,0
2023-07-29,P005,S04,56,123200.0,0,0
2023-07-29,P005,S05,99,198823.08,1,0
2023-07-29,P005,S06,47,103400.0,0,0
2023-07-30,P001,S01,67,286099.03,1,0
2023-07-30,P001,S02,40,180000.0,0,0
2023-07-30,P001,S03,40,180000.0,0,0
2023-07-30,P001,S04,54,224937.38,1,0
2023-07-30,P001,S05,51,229500.0,0,0
2023-07-30,P001,S06,49,203777.06,1,0
2023-07-30,P002,S01,196,222314.64,1,0
2023-07-30,P002,S02,97,116400.0,0,0
2023-07-30,P002,S03,166,183536.36,1,0
2023-07-30,P002,S04,96,115200.0,0,0
2023-07-30,P002,S05,105,126000.0,0,0
2023-07-30,P002,S06,72,86400.0,0,0
2023-07-30,P003,S01,571,199850.0,0,0
2023-07-30,P003,S02,394,137900.0,0,0
2023-07-30,P003,S03,361,126350.0,0,0
2023-07-30,P003,S04,364,127400.0,0,0
2023-07-30,P003,S05,372,130200.0,0,0
2023-07-30,P003,S06,483,158358.54,1,0
2023-07-30,P004,S01,20,170000.0,0,0
2023-07-30,P004,S02,19,161500.0,0,0
2023-07-30,P004,S03,17,144500.0,0,0
2023-07-30,P004,S04,14,119000.0,0,0
2023-07-30,P004,S05,23,146159.51,1,0
2023-07-30,P004,S06,16,136000.0,0,0
2023-07-30,P005,S01,120,187660.71,1,0
2023-07-30,P005,S02,84,184800.0,0,0
2023-07-30,P005,S03,61,134200.0,0,0
2023-07-30,P005,S04,90,139048.13,1,0
2023-07-30,P005,S05,76,167200.0,0,0
2023-07-30,P005,S06,50,110000.0,0,0
2023-07-31,P001,S01,29,130500.0,0,0
2023-07-31,P001,S02,32,144000.0,0,0
2023-07-31,P001,S03,30,135000.0,0,0
2023-07-31,P001,S04,30,135000.0,0,0
2023-07-31,P001,S05,30,135000.0,0,0
2023-07-31,P001,S06,28,126000.0,0,0
2023-07-31,P002,S01,105,126000.0,0,0
2023-07-31,P002,S02,177,181188.01,1,0
2023-07-31,P002,S03,75,90000.0,0,0
2023-07-31,P002,S04,70,84000.0,0,0
2023-07-31,P002,S05,75,90000.0,0,0
2023-07-31,P002,S06,70,84000.0,0,0
2023-07-31,P003,S01,392,137200.0,0,0
2023-07-31,P003,S02,383,134050.0,0,0
2023-07-31,P003,S03,350,122500.0,0,0
2023-07-31,P003,S04,292,102200.0,0,0
2023-07-31,P003,S05,352,123200.0,0,0
2023-07-31,P003,S06,258,90300.0,0,0
2023-07-31,P004,S01,17,144500.0,0,0
2023-07-31,P004,S02,30,202773.15,1,0
2023-07-31,P004,S03,15,127500.0,0,0
2023-07-31,P004,S04,15,127500.0,0,0
2023-07-31,P004,S05,13,110500.0,0,0
2023-07-31,P004,S06,14,119000.0,0,0
2023-07-31,P005,S01,55,121000.0,0,0
2023-07-31,P005,S02,55,121000.0,0,0
2023-07-31,P005,S03,61,134200.0,0,0
2023-07-31,P005,S04,75,118477.74,1,0
2023-07-31,P005,S05,55,121000.0,0,0
2023-07-31,P005,S06,42,92400.0,0,0
2023-08-01,P001,S01,35,157500.0,0,0
2023-08-01,P001,S02,38,171000.0,0,0
2023-08-01,P001,S03,33,148500.0,0,0
2023-08-01,P001,S04,49,206203.82,1,0
2023-08-01,P001,S05,31,139500.0,0,0
2023-08-01,P001,S06,23,103500.0,0,0
2023-08-01,P002,S01,91,109200.0,0,0
2023-08-01,P002,S02,70,84000.0,0,0
2023-08-01,P002,S03,82,98400.0,0,0
2023-08-01,P002,S04,63,75600.0,0,0
2023-08-01,P002,S05,78,93600.0,0,0
2023-08-01,P002,S06,64,76800.0,0,0
2023-08-01,P003,S01,432,151200.0,0,0
2023-08-01,P003,S02,366,128100.0,0,0
2023-08-01,P003,S03,243,85050.0,0,0
2023-08-01,P003,S04,259,90650.0,0,0
2023-08-01,P003,S05,348,121800.0,0,0
2023-08-01,P003,S06,231,80850.0,0,0
2023-08-01,P004,S01,14,119000.0,0,0
2023-08-01,P004,S02,17,144500.0,0,0
2023-08-01,P004,S03,14,119000.0,0,0
2023-08-01,P004,S04,22,162032.69,1,0
2023-08-01,P004,S05,13,110500.0,0,0
2023-08-01,P004,S06,11,93500.0,0,0
2023-08-01,P005,S01,111,213702.92,1,0
2023-08-01,P005,S02,59,129800.0,0,0
2023-08-01,P005,S03,49,107800.0,0,0
2023-08-01,P005,S04,51,112200.0,0,0
2023-08-01,P005,S05,48,105600.0,0,0
2023-08-01,P005,S06,43,94600.0,0,0
2023-08-02,P001,S01,37,166500.0,0,0
2023-08-02,P001,S02,29,130500.0,0,0
2023-08-02,P001,S03,57,196858.27,1,0
2023-08-02,P001,S04,27,121500.0,0,0
2023-08-02,P001,S05,28,126000.0,0,0
2023-08-02,P001,S06,18,81000.0,0,0
2023-08-02,P002,S01,101,121200.0,0,0
2023-08-02,P002,S02,93,111600.0,0,0
2023-08-02,P002,S03,59,70800.0,0,0
2023-08-02,P002,S04,106,120526.73,1,0
2023-08-02,P002,S05,64,76800.0,0,0
2023-08-02,P002,S06,66,79200.0,0,0
2023-08-02,P003,S01,348,121800.0,0,0
2023-08-02,P003,S02,303,106050.0,0,0
2023-08-02,P003,S03,330,115500.0,0,0
2023-08-02,P003,S04,314,109900.0,0,0
2023-08-02,P003,S05,464,125108.37,1,0
2023-08-02,P003,S06,255,89250.0,0,0
2023-08-02,P004,S01,17,144500.0,0,0
2023-08-02,P004,S02,15,127500.0,0,0
2023-08-02,P004,S03,15,127500.0,0,0
2023-08-02,P004,S04,14,119000.0,0,0
2023-08-02,P004,S05,15,127500.0,0,0
2023-08-02,P004,S06,11,93500.0,0,0
2023-08-02,P005,S01,62,136400.0,0,0
2023-08-02,P005,S02,91,150628.83,1,0
2023-08-02,P005,S03,53,116600.0,0,0
2023-08-02,P005,S04,41,90200.0,0,0
2023-08-02,P005,S05,47,103400.0,0,0
2023-08-02,P005,S06,38,83600.0,0,0
2023-08-03,P001,S01,65,268001.76,1,0
2023-08-03,P001,S02,37,166500.0,0,0
2023-08-03,P001,S03,28,126000.0,0,0
2023-08-03,P001,S04,25,112500.0,0,0
2023-08-03,P001,S05,31,139500.0,0,0
2023-08-03,P001,S06,28,126000.0,0,0
2023-08-03,P002,S01,105,126000.0,0,0
2023-08-03,P002,S02,87,104400.0,0,0
2023-08-03,P002,S03,80,96000.0,0,0
2023-08-03,P002,S04,96,82534.94,1,0
2023-08-03,P002,S05,75,90000.0,0,0
2023-08-03,P002,S06,67,80400.0,0,0
2023-08-03,P003,S01,286,100100.0,0,0
2023-08-03,P003,S02,299,104650.0,0,0
2023-08-03,P003,S03,380,133000.0,0,0
2023-08-03,P003,S04,406,131745.21,1,0
2023-08-03,P003,S05,446,132011.1,1,0
2023-08-03,P003,S06,259,90650.0,0,0
2023-08-03,P004,S01,13,110500.0,0,0
2023-08-03,P004,S02,20,138459.18,1,0
2023-08-03,P004,S03,11,93500.0,0,0
2023-08-03,P004,S04,14,119000.0,0,0
2023-08-03,P004,S05,8,68000.0,0,0
2023-08-03,P004,S06,12,102000.0,0,0
2023-08-03,P005,S01,75,165000.0,0,0
2023-08-03,P005,S02,48,105600.0,0,0
2023-08-03,P005,S03,48,105600.0,0,0
2023-08-03,P005,S04,48,105600.0,0,0
2023-08-03,P005,S05,41,90200.0,0,0
2023-08-03,P005,S06,44,96800.0,0,0
2023-08-04,P001,S01,38,171000.0,0,0
2023-08-04,P001,S02,33,148500.0,0,0
2023-08-04,P001,S03,44,166012.91,1,0
2023-08-04,P001,S04,28,126000.0,0,0
2023-08-04,P001,S05,24,108000.0,0,0
2023-08-04,P001,S06,24,108000.0,0,0
2023-08-04,P002,S01,82,98400.0,0,0
2023-08-04,P002,S02,81,97200.0,0,0
2023-08-04,P002,S03,75,90000.0,0,0
2023-08-04,P002,S04,75,90000.0,0,0
2023-08-04,P002,S05,133,139129.98,1,0
2023-08-04,P002,S06,102,90230.67,1,0
2023-08-04,P003,S01,474,165900.0,0,0
2023-08-04,P003,S02,362,126700.0,0,0
2023-08-04,P003,S03,274,95900.0,0,0
2023-08-04,P003,S04,327,92166.55,1,0
2023-08-04,P003,S05,306,107100.0,0,0
2023-08-04,P003,S06,218,76300.0,0,0
2023-08-04,P004,S01,21,153175.73,1,0
2023-08-04,P004,S02,14,119000.0,0,0
2023-08-04,P004,S03,14,119000.0,0,0
2023-08-04,P004,S04,11,93500.0,0,0
2023-08-04,P004,S05,14,119000.0,0,0
2023-08-04,P004,S06,13,110500.0,0,0
2023-08-04,P005,S01,55,121000.0,0,0
2023-08-04,P005,S02,81,128226.29,1,0
2023-08-04,P005,S03,46,101200.0,0,0
2023-08-04,P005,S04,43,94600.0,0,0
2023-08-04,P005,S05,58,127600.0,0,0
2023-08-04,P005,S06,50,110000.0,0,0
2023-08-05,P001,S01,47,211500.0,0,0
2023-08-05,P001,S02,62,199415.0,1,0
2023-08-05,P001,S03,76,286243.99,1,0
2023-08-05,P001,S04,32,144000.0,0,0
2023-08-05,P001,S05,55,197800.27,1,0
2023-08-05,P001,S06,29,130500.0,0,0
2023-08-05,P002,S01,106,127200.0,0,0
2023-08-05,P002,S02,161,179886.34,1,0
2023-08-05,P002,S03,89,106800.0,0,0
2023-08-05,P002,S04,78,93600.0,0,0
2023-08-05,P002,S05,126,134329.36,1,0
2023-08-05,P002,S06,115,100546.84,1,0
2023-08-05,P003,S01,406,142100.0,0,0
2023-08-05,P003,S02,344,120400.0,0,0
2023-08-05,P003,S03,609,179946.54,1,0
2023-08-05,P003,S04,577,165234.18,1,0
2023-08-05,P003,S05,366,128100.0,0,0
2023-08-05,P003,S06,229,80150.0,0,0
2023-08-05,P004,S01,27,205145.34,1,0
2023-08-05,P004,S02,16,136000.0,0,0
2023-08-05,P004,S03,13,110500.0,0,0
2023-08-05,P004,S04,28,201219.93,1,0
2023-08-05,P004,S05,14,119000.0,0,0
2023-08-05,P004,S06,14,119000.0,0,0
2023-08-05,P005,S01,78,171600.0,0,0
2023-08-05,P005,S02,80,176000.0,0,0
2023-08-05,P005,S03,84,144773.63,1,0
2023-08-05,P005,S04,58,127600.0,0,0
2023-08-05,P005,S05,48,105600.0,0,0
2023-08-05,P005,S06,34,74800.0,0,0
2023-08-06,P001,S01,48,216000.0,0,0
2023-08-06,P001,S02,41,184500.0,0,0
2023-08-06,P001,S03,57,239507.14,1,0
2023-08-06,P001,S04,30,135000.0,0,0
2023-08-06,P001,S05,39,175500.0,0,0
2023-08-06,P001,S06,44,161597.87,1,0
2023-08-06,P002,S01,83,99600.0,0,0
2023-08-06,P002,S02,161,151793.31,1,0
2023-08-06,P002,S03,89,106800.0,0,0
2023-08-06,P002,S04,80,96000.0,0,0
2023-08-06,P002,S05,95,114000.0,0,0
2023-08-06,P002,S06,72,86400.0,0,0
2023-08-06,P003,S01,663,214720.96,1,0
2023-08-06,P003,S02,335,117250.0,0,0
2023-08-06,P003,S03,587,144068.14,1,0
2023-08-06,P003,S04,525,148956.86,1,0
2023-08-06,P003,S05,344,120400.0,0,0
2023-08-06,P003,S06,372,118464.77,1,0
2023-08-06,P004,S01,17,144500.0,0,0
2023-08-06,P004,S02,20,170000.0,0,0
2023-08-06,P004,S03,15,127500.0,0,0
2023-08-06,P004,S04,15,127500.0,0,0
2023-08-06,P004,S05,13,110500.0,0,0
2023-08-06,P004,S06,13,110500.0,0,0
2023-08-06,P005,S01,103,200324.32,1,0
2023-08-06,P005,S02,63,138600.0,0,0
2023-08-06,P005,S03,62,136400.0,0,0
2023-08-06,P005,S04,55,121000.0,0,0
2023-08-06,P005,S05,60,132000.0,0,0
2023-08-06,P005,S06,51,112200.0,0,0
2023-08-07,P001,S01,28,126000.0,0,0
2023-08-07,P001,S02,36,162000.0,0,0
2023-08-07,P001,S03,51,173035.22,1,0
2023-08-07,P001,S04,45,192019.21,1,0
2023-08-07,P001,S05,28,126000.0,0,0
2023-08-07,P001,S06,29,130500.0,0,0
2023-08-07,P002,S01,147,166475.93,1,0
2023-08-07,P002,S02,85,102000.0,0,0
2023-08-07,P002,S03,79,94800.0,0,0
2023-08-07,P002,S04,81,97200.0,0,0
2023-08-07,P002,S05,79,94800.0,0,0
2023-08-07,P002,S06,98,85171.71,1,0
2023-08-07,P003,S01,344,120400.0,0,0
2023-08-07,P003,S02,404,141400.0,0,0
2023-08-07,P003,S03,391,136850.0,0,0
2023-08-07,P003,S04,218,76300.0,0,0
2023-08-07,P003,S05,495,157243.7,1,0
2023-08-07,P003,S06,274,95900.0,0,0
2023-08-07,P004,S01,16,136000.0,0,0
2023-08-07,P004,S02,24,172933.18,1,0
2023-08-07,P004,S03,11,93500.0,0,0
2023-08-07,P004,S04,12,102000.0,0,0
2023-08-07,P004,S05,13,110500.0,0,0
2023-08-07,P004,S06,12,102000.0,0,0
2023-08-07,P005,S01,65,143000.0,0,0
2023-08-07,P005,S02,58,127600.0,0,0
2023-08-07,P005,S03,75,117455.48,1,0
2023-08-07,P005,S04,48,105600.0,0,0
2023-08-07,P005,S05,55,121000.0,0,0
2023-08-07,P005,S06,46,101200.0,0,0
2023-08-08,P001,S01,31,139500.0,0,0
2023-08-08,P001,S02,26,117000.0,0,0
2023-08-08,P001,S03,48,162751.66,1,0
2023-08-08,P001,S04,35,157500.0,0,0
2023-08-08,P001,S05,41,158473.28,1,0
2023-08-08,P001,S06,28,126000.0,0,0
2023-08-08,P002,S01,70,84000.0,0,0
2023-08-08,P002,S02,92,110400.0,0,0
2023-08-08,P002,S03,123,122901.65,1,0
2023-08-08,P002,S04,100,106442.6,1,0
2023-08-08,P002,S05,86,103200.0,0,0
2023-08-08,P002,S06,84,82392.35,1,0
2023-08-08,P003,S01,563,169740.54,1,0
2023-08-08,P003,S02,303,106050.0,0,0
2023-08-08,P003,S03,364,127400.0,0,0
2023-08-08,P003,S04,252,88200.0,0,0
2023-08-08,P003,S05,443,133751.35,1,0
2023-08-08,P003,S06,390,98688.02,1,0
2023-08-08,P004,S01,13,110500.0,0,0
2023-08-08,P004,S02,15,127500.0,0,0
2023-08-08,P004,S03,14,119000.0,0,0
2023-08-08,P004,S04,13,110500.0,0,0
2023-08-08,P004,S05,15,127500.0,0,0
2023-08-08,P004,S06,10,85000.0,0,0
2023-08-08,P005,S01,93,161488.29,1,0
2023-08-08,P005,S02,57,125400.0,0,0
2023-08-08,P005,S03,50,110000.0,0,0
2023-08-08,P005,S04,39,85800.0,0,0
2023-08-08,P005,S05,47,103400.0,0,0
2023-08-08,P005,S06,38,83600.0,0,0
2023-08-09,P001,S01,35,157500.0,0,0
2023-08-09,P001,S02,34,153000.0,0,0
2023-08-09,P001,S03,29,130500.0,0,0
2023-08-09,P001,S04,29,130500.0,0,0
2023-08-09,P001,S05,35,157500.0,0,0
2023-08-09,P001,S06,25,112500.0,0,0
2023-08-09,P002,S01,128,143463.71,1,0
2023-08-09,P002,S02,87,104400.0,0,0
2023-08-09,P002,S03,74,88800.0,0,0
2023-08-09,P002,S04,67,80400.0,0,0
2023-08-09,P002,S05,57,68400.0,0,0
2023-08-09,P002,S06,66,79200.0,0,0
2023-08-09,P003,S01,340,119000.0,0,0
2023-08-09,P003,S02,319,111650.0,0,0
2023-08-09,P003,S03,311,108850.0,0,0
2023-08-09,P003,S04,302,105700.0,0,0
2023-08-09,P003,S05,498,160868.15,1,0
2023-08-09,P003,S06,407,130437.64,1,0
2023-08-09,P004,S01,18,153000.0,0,0
2023-08-09,P004,S02,14,119000.0,0,0
2023-08-09,P004,S03,17,144500.0,0,0
2023-08-09,P004,S04,18,111656.51,1,0
2023-08-09,P004,S05,13,110500.0,0,0
2023-08-09,P004,S06,11,93500.0,0,0
2023-08-09,P005,S01,60,132000.0,0,0
2023-08-09,P005,S02,81,143405.38,1,0
2023-08-09,P005,S03,40,88000.0,0,0
2023-08-09,P005,S04,40,88000.0,0,0
2023-08-09,P005,S05,35,77000.0,0,0
2023-08-09,P005,S06,46,101200.0,0,0
2023-08-10,P001,S01,40,180000.0,0,0
2023-08-10,P001,S02,35,157500.0,0,0
2023-08-10,P001,S03,36,162000.0,0,0
2023-08-10,P001,S04,28,126000.0,0,0
2023-08-10,P001,S05,35,157500.0,0,0
2023-08-10,P001,S06,33,104773.17,1,0
2023-08-10,P002,S01,82,98400.0,0,0
2023-08-10,P002,S02,89,106800.0,0,0
2023-08-10,P002,S03,92,110400.0,0,0
2023-08-10,P002,S04,65,78000.0,0,0
2023-08-10,P002,S05,73,87600.0,0,0
2023-08-10,P002,S06,60,72000.0,0,0
2023-08-10,P003,S01,354,123900.0,0,0
2023-08-10,P003,S02,525,154824.07,1,0
2023-08-10,P003,S03,375,131250.0,0,0
2023-08-10,P003,S04,252,88200.0,0,0
2023-08-10,P003,S05,246,86100.0,0,0
2023-08-10,P003,S06,272,95200.0,0,0
2023-08-10,P004,S01,30,216647.38,1,0
2023-08-10,P004,S02,18,153000.0,0,0
2023-08-10,P004,S03,17,144500.0,0,0
2023-08-10,P004,S04,14,119000.0,0,0
2023-08-10,P004,S05,13,110500.0,0,0
2023-08-10,P004,S06,10,85000.0,0,0
2023-08-10,P005,S01,51,112200.0,0,0
2023-08-10,P005,S02,91,158943.93,1,0
2023-08-10,P005,S03,56,123200.0,0,0
2023-08-10,P005,S04,45,99000.0,0,0
2023-08-10,P005,S05,40,88000.0,0,0
2023-08-10,P005,S06,64,104783.49,1,0
2023-08-11,P001,S01,27,121500.0,0,0
2023-08-11,P001,S02,30,135000.0,0,0
2023-08-11,P001,S03,28,126000.0,0,0
2023-08-11,P001,S04,25,112500.0,0,0
2023-08-11,P001,S05,25,112500.0,0,0
2023-08-11,P001,S06,23,103500.0,0,0
2023-08-11,P002,S01,133,150578.36,1,0
2023-08-11,P002,S02,98,117600.0,0,0
2023-08-11,P002,S03,85,102000.0,0,0
2023-08-11,P002,S04,72,86400.0,0,0
2023-08-11,P002,S05,67,80400.0,0,0
2023-08-11,P002,S06,73,87600.0,0,0
2023-08-11,P003,S01,372,130200.0,0,0
2023-08-11,P003,S02,343,120050.0,0,0
2023-08-11,P003,S03,346,121100.0,0,0
2023-08-11,P003,S04,324,113400.0,0,0
2023-08-11,P003,S05,490,142020.94,1,0
2023-08-11,P003,S06,178,62300.0,0,0
2023-08-11,P004,S01,16,136000.0,0,0
2023-08-11,P004,S02,17,144500.0,0,0
2023-08-11,P004,S03,14,119000.0,0,0
2023-08-11,P004,S04,14,119000.0,0,0
2023-08-11,P004,S05,12,102000.0,0,0
2023-08-11,P004,S06,12,102000.0,0,0
2023-08-11,P005,S01,97,154089.02,1,0
2023-08-11,P005,S02,65,143000.0,0,0
2023-08-11,P005,S03,78,150895.26,1,0
2023-08-11,P005,S04,91,183336.24,1,0
2023-08-11,P005,S05,44,96800.0,0,0
2023-08-11,P005,S06,69,120335.42,1,0
2023-08-12,P001,S01,66,248700.55,1,0
2023-08-12,P001,S02,60,197154.18,1,0
2023-08-12,P001,S03,40,180000.0,0,0
2023-08-12,P001,S04,29,130500.0,0,0
2023-08-12,P001,S05,53,210574.18,1,0
2023-08-12,P001,S06,43,147615.85,1,0
2023-08-12,P002,S01,96,115200.0,0,0
2023-08-12,P002,S02,114,136800.0,0,0
2023-08-12,P002,S03,132,125795.34,1,0
2023-08-12,P002,S04,88,105600.0,0,0
2023-08-12,P002,S05,80,96000.0,0,0
2023-08-12,P002,S06,79,94800.0,0,0
2023-08-12,P003,S01,599,190404.69,1,0
2023-08-12,P003,S02,403,141050.0,0,0
2023-08-12,P003,S03,638,170652.81,1,0
2023-08-12,P003,S04,284,99400.0,0,0
2023-08-12,P003,S05,275,96250.0,0,0
2023-08-12,P003,S06,501,142643.03,1,0
2023-08-12,P004,S01,18,153000.0,0,0
2023-08-12,P004,S02,29,214794.27,1,0
2023-08-12,P004,S03,24,158241.52,1,0
2023-08-12,P004,S04,14,119000.0,0,0
2023-08-12,P004,S05,13,110500.0,0,0
2023-08-12,P004,S06,12,102000.0,0,0
2023-08-12,P005,S01,62,136400.0,0,0
2023-08-12,P005,S02,69,151800.0,0,0
2023-08-12,P005,S03,56,123200.0,0,0
2023-08-12,P005,S04,51,112200.0,0,0
2023-08-12,P005,S05,86,179717.83,1,0
2023-08-12,P005,S06,77,130660.98,1,0
2023-08-13,P001,S01,60,214808.87,1,0
2023-08-13,P001,S02,49,202471.38,1,0
2023-08-13,P001,S03,54,229557.41,1,0
2023-08-13,P001,S04,27,121500.0,0,0
2023-08-13,P001,S05,37,166500.0,0,0
2023-08-13,P001,S06,46,184009.47,1,0
2023-08-13,P002,S01,156,149227.99,1,0
2023-08-13,P002,S02,78,93600.0,0,0
2023-08-13,P002,S03,153,155786.85,1,0
2023-08-13,P002,S04,75,90000.0,0,0
2023-08-13,P002,S05,83,99600.0,0,0
2023-08-13,P002,S06,110,101779.3,1,0
2023-08-13,P003,S01,347,121450.0,0,0
2023-08-13,P003,S02,430,150500.0,0,0
2023-08-13,P003,S03,381,133350.0,0,0
2023-08-13,P003,S04,573,179795.24,1,0
2023-08-13,P003,S05,494,137337.72,1,0
2023-08-13,P003,S06,375,100808.7,1,0
2023-08-13,P004,S01,23,164244.29,1,0
2023-08-13,P004,S02,34,217114.78,1,0
2023-08-13,P004,S03,12,102000.0,0,0
2023-08-13,P004,S04,24,149922.59,1,0
2023-08-13,P004,S05,26,172885.28,1,0
2023-08-13,P004,S06,23,182667.91,1,0
2023-08-13,P005,S01,55,121000.0,0,0
2023-08-13,P005,S02,64,140800.0,0,0
2023-08-13,P005,S03,101,177042.07,1,0
2023-08-13,P005,S04,50,110000.0,0,0
2023-08-13,P005,S05,94,160966.92,1,0
2023-08-13,P005,S06,84,170457.9,1,0
2023-08-14,P001,S01,35,157500.0,0,0
2023-08-14,P001,S02,60,231783.81,1,0
2023-08-14,P001,S03,35,157500.0,0,0
2023-08-14,P001,S04,32,144000.0,0,0
2023-08-14,P001,S05,27,121500.0,0,0
2023-08-14,P001,S06,21,94500.0,0,0
2023-08-14,P002,S01,108,129600.0,0,0
2023-08-14,P002,S02,65,78000.0,0,0
2023-08-14,P002,S03,81,97200.0,0,0
2023-08-14,P002,S04,90,81536.36,1,0
2023-08-14,P002,S05,67,80400.0,0,0
2023-08-14,P002,S06,91,93112.17,1,0
2023-08-14,P003,S01,439,153650.0,0,0
2023-08-14,P003,S02,587,157212.35,1,0
2023-08-14,P003,S03,306,107100.0,0,0
2023-08-14,P003,S04,284,99400.0,0,0
2023-08-14,P003,S05,318,111300.0,0,0
2023-08-14,P003,S06,273,95550.0,0,0
2023-08-14,P004,S01,13,110500.0,0,0
2023-08-14,P004,S02,15,127500.0,0,0
2023-08-14,P004,S03,15,127500.0,0,0
2023-08-14,P004,S04,13,110500.0,0,0
2023-08-14,P004,S05,10,85000.0,0,0
2023-08-14,P004,S06,13,110500.0,0,0
2023-08-14,P005,S01,61,134200.0,0,0
2023-08-14,P005,S02,53,116600.0,0,0
2023-08-14,P005,S03,49,107800.0,0,0
2023-08-14,P005,S04,42,92400.0,0,0
2023-08-14,P005,S05,48,105600.0,0,0
2023-08-14,P005,S06,41,90200.0,0,0
2023-08-15,P001,S01,43,193500.0,0,1
2023-08-15,P001,S02,40,180000.0,0,1
2023-08-15,P001,S03,47,211500.0,0,1
2023-08-15,P001,S04,40,180000.0,0,1
2023-08-15,P001,S05,40,180000.0,0,1
2023-08-15,P001,S06,64,219718.42,1,1
2023-08-15,P002,S01,147,176400.0,0,1
2023-08-15,P002,S02,189,162649.61,1,1
2023-08-15,P002,S03,101,121200.0,0,1
2023-08-15,P002,S04,136,131169.76,1,1
2023-08-15,P002,S05,102,122400.0,0,1
2023-08-15,P002,S06,82,98400.0,0,1
2023-08-15,P003,S01,562,196700.0,0,1
2023-08-15,P003,S02,522,182700.0,0,1
2023-08-15,P003,S03,477,166950.0,0,1
2023-08-15,P003,S04,358,125300.0,0,1
2023-08-15,P003,S05,624,200628.97,1,1
2023-08-15,P003,S06,558,182046.13,1,1
2023-08-15,P004,S01,19,161500.0,0,1
2023-08-15,P004,S02,22,187000.0,0,1
2023-08-15,P004,S03,23,195500.0,0,1
2023-08-15,P004,S04,16,136000.0,0,1
2023-08-15,P004,S05,17,144500.0,0,1
2023-08-15,P004,S06,19,161500.0,0,1
2023-08-15,P005,S01,84,184800.0,0,1
2023-08-15,P005,S02,75,165000.0,0,1
2023-08-15,P005,S03,136,235715.87,1,1
2023-08-15,P005,S04,75,165000.0,0,1
2023-08-15,P005,S05,64,140800.0,0,1
2023-08-15,P005,S06,61,134200.0,0,1
2023-08-16,P001,S01,41,184500.0,0,0
2023-08-16,P001,S02,38,171000.0,0,0
2023-08-16,P001,S03,37,166500.0,0,0
2023-08-16,P001,S04,26,117000.0,0,0
2023-08-16,P001,S05,28,126000.0,0,0
2023-08-16,P001,S06,25,112500.0,0,0
2023-08-16,P002,S01,101,121200.0,0,0
2023-08-16,P002,S02,88,105600.0,0,0
2023-08-16,P002,S03,76,91200.0,0,0
2023-08-16,P002,S04,68,81600.0,0,0
2023-08-16,P002,S05,82,98400.0,0,0
2023-08-16,P002,S06,59,70800.0,0,0
2023-08-16,P003,S01,398,139300.0,0,0
2023-08-16,P003,S02,347,121450.0,0,0
2023-08-16,P003,S03,352,123200.0,0,0
2023-08-16,P003,S04,274,95900.0,0,0
2023-08-16,P003,S05,287,100450.0,0,0
2023-08-16,P003,S06,450,111022.51,1,0
2023-08-16,P004,S01,20,170000.0,0,0
2023-08-16,P004,S02,17,144500.0,0,0
2023-08-16,P004,S03,21,157094.42,1,0
2023-08-16,P004,S04,11,93500.0,0,0
2023-08-16,P004,S05,10,85000.0,0,0
2023-08-16,P004,S06,12,102000.0,0,0
2023-08-16,P005,S01,54,118800.0,0,0
2023-08-16,P005,S02,64,140800.0,0,0
2023-08-16,P005,S03,55,121000.0,0,0
2023-08-16,P005,S04,55,121000.0,0,0
2023-08-16,P005,S05,49,107800.0,0,0
2023-08-16,P005,S06,62,96511.03,1,0
2023-08-17,P001,S01,56,236724.18,1,0
2023-08-17,P001,S02,28,126000.0,0,0
2023-08-17,P001,S03,33,148500.0,0,0
2023-08-17,P001,S04,27,121500.0,0,0
2023-08-17,P001,S05,28,126000.0,0,0
2023-08-17,P001,S06,25,112500.0,0,0
2023-08-17,P002,S01,99,118800.0,0,0
2023-08-17,P002,S02,84,100800.0,0,0
2023-08-17,P002,S03,74,88800.0,0,0
2023-08-17,P002,S04,71,85200.0,0,0
2023-08-17,P002,S05,76,91200.0,0,0
2023-08-17,P002,S06,120,131034.65,1,0
2023-08-17,P003,S01,382,133700.0,0,0
2023-08-17,P003,S02,523,130261.91,1,0
2023-08-17,P003,S03,375,131250.0,0,0
2023-08-17,P003,S04,441,115720.76,1,0
2023-08-17,P003,S05,245,85750.0,0,0
2023-08-17,P003,S06,245,85750.0,0,0
2023-08-17,P004,S01,20,170000.0,0,0
2023-08-17,P004,S02,25,168242.29,1,0
2023-08-17,P004,S03,15,127500.0,0,0
2023-08-17,P004,S04,13,110500.0,0,0
2023-08-17,P004,S05,25,191652.3,1,0
2023-08-17,P004,S06,14,119000.0,0,0
2023-08-17,P005,S01,61,134200.0,0,0
2023-08-17,P005,S02,62,136400.0,0,0
2023-08-17,P005,S03,51,112200.0,0,0
2023-08-17,P005,S04,49,107800.0,0,0
2023-08-17,P005,S05,65,118378.82,1,0
2023-08-17,P005,S06,37,81400.0,0,0
2023-08-18,P001,S01,37,166500.0,0,0
2023-08-18,P001,S02,34,153000.0,0,0
2023-08-18,P001,S03,28,126000.0,0,0
2023-08-18,P001,S04,28,126000.0,0,0
2023-08-18,P001,S05,32,144000.0,0,0
2023-08-18,P001,S06,24,108000.0,0,0
2023-08-18,P002,S01,97,116400.0,0,0
2023-08-18,P002,S02,81,97200.0,0,0
2023-08-18,P002,S03,60,72000.0,0,0
2023-08-18,P002,S04,62,74400.0,0,0
2023-08-18,P002,S05,65,78000.0,0,0
2023-08-18,P002,S06,57,68400.0,0,0
2023-08-18,P003,S01,331,115850.0,0,0
2023-08-18,P003,S02,508,153718.03,1,0
2023-08-18,P003,S03,259,90650.0,0,0
2023-08-18,P003,S04,260,91000.0,0,0
2023-08-18,P003,S05,252,88200.0,0,0
2023-08-18,P003,S06,314,109900.0,0,0
2023-08-18,P004,S01,18,153000.0,0,0
2023-08-18,P004,S02,26,155854.14,1,0
2023-08-18,P004,S03,15,127500.0,0,0
2023-08-18,P004,S04,13,110500.0,0,0
2023-08-18,P004,S05,15,127500.0,0,0
2023-08-18,P004,S06,9,76500.0,0,0
2023-08-18,P005,S01,99,179008.06,1,0
2023-08-18,P005,S02,78,162377.98,1,0
2023-08-18,P005,S03,59,129800.0,0,0
2023-08-18,P005,S04,55,121000.0,0,0
2023-08-18,P005,S05,78,132303.91,1,0
2023-08-18,P005,S06,44,96800.0,0,0
2023-08-19,P001,S01,43,193500.0,0,0
2023-08-19,P001,S02,73,232789.5,1,0
2023-08-19,P001,S03,58,207903.39,1,0
2023-08-19,P001,S04,35,157500.0,0,0
2023-08-19,P001,S05,59,208545.92,1,0
2023-08-19,P001,S06,42,170233.0,1,0
2023-08-19,P002,S01,101,121200.0,0,0
2023-08-19,P002,S02,130,142751.16,1,0
2023-08-19,P002,S03,91,109200.0,0,0
2023-08-19,P002,S04,85,102000.0,0,0
2023-08-19,P002,S05,84,100800.0,0,0
2023-08-19,P002,S06,113,104189.02,1,0
2023-08-19,P003,S01,613,179842.52,1,0
2023-08-19,P003,S02,571,187966.25,1,0
2023-08-19,P003,S03,407,142450.0,0,0
2023-08-19,P003,S04,327,114450.0,0,0
2023-08-19,P003,S05,326,114100.0,0,0
2023-08-19,P003,S06,502,139259.14,1,0
2023-08-19,P004,S01,14,119000.0,0,0
2023-08-19,P004,S02,17,144500.0,0,0
2023-08-19,P004,S03,19,161500.0,0,0
2023-08-19,P004,S04,15,127500.0,0,0
2023-08-19,P004,S05,16,136000.0,0,0
2023-08-19,P004,S06,14,119000.0,0,0
2023-08-19,P005,S01,70,154000.0,0,0
2023-08-19,P005,S02,59,129800.0,0,0
2023-08-19,P005,S03,102,172994.44,1,0
2023-08-19,P005,S04,57,125400.0,0,0
2023-08-19,P005,S05,96,169884.89,1,0
2023-08-19,P005,S06,50,110000.0,0,0
2023-08-20,P001,S01,67,233514.43,1,0
2023-08-20,P001,S02,60,216766.83,1,0
2023-08-20,P001,S03,39,175500.0,0,0
2023-08-20,P001,S04,33,148500.0,0,0
2023-08-20,P001,S05,40,180000.0,0,0
2023-08-20,P001,S06,47,180411.7,1,0
2023-08-20,P002,S01,101,121200.0,0,0
2023-08-20,P002,S02,84,100800.0,0,0
2023-08-20,P002,S03,95,114000.0,0,0
2023-08-20,P002,S04,77,92400.0,0,0
2023-08-20,P002,S05,74,88800.0,0,0
2023-08-20,P002,S06,75,90000.0,0,0
2023-08-20,P003,S01,338,118300.0,0,0
2023-08-20,P003,S02,598,152377.9,1,0
2023-08-20,P003,S03,471,156316.47,1,0
2023-08-20,P003,S04,539,170514.03,1,0
2023-08-20,P003,S05,370,129500.0,0,0
2023-08-20,P003,S06,346,87337.81,1,0
2023-08-20,P004,S01,20,170000.0,0,0
2023-08-20,P004,S02,16,136000.0,0,0
2023-08-20,P004,S03,25,163131.15,1,0
2023-08-20,P004,S04,25,187139.17,1,0
2023-08-20,P004,S05,13,110500.0,0,0
2023-08-20,P004,S06,16,136000.0,0,0
2023-08-20,P005,S01,77,169400.0,0,0
2023-08-20,P005,S02,68,149600.0,0,0
2023-08-20,P005,S03,60,132000.0,0,0
2023-08-20,P005,S04,57,125400.0,0,0
2023-08-20,P005,S05,50,110000.0,0,0
2023-08-20,P005,S06,54,118800.0,0,0
2023-08-21,P001,S01,37,166500.0,0,0
2023-08-21,P001,S02,55,175677.99,1,0
2023-08-21,P001,S03,30,135000.0,0,0
2023-08-21,P001,S04,23,103500.0,0,0
2023-08-21,P001,S05,34,153000.0,0,0
2023-08-21,P001,S06,42,171696.37,1,0
2023-08-21,P002,S01,79,94800.0,0,0
2023-08-21,P002,S02,78,93600.0,0,0
2023-08-21,P002,S03,76,91200.0,0,0
2023-08-21,P002,S04,98,89369.81,1,0
2023-08-21,P002,S05,120,129900.56,1,0
2023-08-21,P002,S06,59,70800.0,0,0
2023-08-21,P003,S01,359,125650.0,0,0
2023-08-21,P003,S02,317,110950.0,0,0
2023-08-21,P003,S03,382,133700.0,0,0
2023-08-21,P003,S04,265,92750.0,0,0
2023-08-21,P003,S05,275,96250.0,0,0
2023-08-21,P003,S06,290,101500.0,0,0
2023-08-21,P004,S01,14,119000.0,0,0
2023-08-21,P004,S02,16,136000.0,0,0
2023-08-21,P004,S03,15,127500.0,0,0
2023-08-21,P004,S04,13,110500.0,0,0
2023-08-21,P004,S05,14,119000.0,0,0
2023-08-21,P004,S06,11,93500.0,0,0
2023-08-21,P005,S01,82,164651.05,1,0
2023-08-21,P005,S02,87,150680.58,1,0
2023-08-21,P005,S03,43,94600.0,0,0
2023-08-21,P005,S04,76,149502.54,1,0
2023-08-21,P005,S05,46,101200.0,0,0
2023-08-21,P005,S06,41,90200.0,0,0
2023-08-22,P001,S01,54,204031.88,1,0
2023-08-22,P001,S02,31,139500.0,0,0
2023-08-22,P001,S03,39,175500.0,0,0
2023-08-22,P001,S04,25,112500.0,0,0
2023-08-22,P001,S05,23,103500.0,0,0
2023-08-22,P001,S06,34,115009.48,1,0
2023-08-22,P002,S01,87,104400.0,0,0
2023-08-22,P002,S02,76,91200.0,0,0
2023-08-22,P002,S03,79,94800.0,0,0
2023-08-22,P002,S04,125,123389.22,1,0
2023-08-22,P002,S05,74,88800.0,0,0
2023-08-22,P002,S06,95,98184.47,1,0
2023-08-22,P003,S01,329,115150.0,0,0
2023-08-22,P003,S02,375,131250.0,0,0
2023-08-22,P003,S03,343,120050.0,0,0
2023-08-22,P003,S04,455,134704.77,1,0
2023-08-22,P003,S05,468,124981.64,1,0
2023-08-22,P003,S06,470,131999.92,1,0
2023-08-22,P004,S01,16,136000.0,0,0
2023-08-22,P004,S02,24,193776.0,1,0
2023-08-22,P004,S03,17,144500.0,0,0
2023-08-22,P004,S04,12,102000.0,0,0
2023-08-22,P004,S05,12,102000.0,0,0
2023-08-22,P004,S06,18,127447.33,1,0
2023-08-22,P005,S01,57,125400.0,0,0
2023-08-22,P005,S02,60,132000.0,0,0
2023-08-22,P005,S03,51,112200.0,0,0
2023-08-22,P005,S04,37,81400.0,0,0
2023-08-22,P005,S05,52,114400.0,0,0
2023-08-22,P005,S06,44,96800.0,0,0
2023-08-23,P001,S01,35,157500.0,0,0
2023-08-23,P001,S02,29,130500.0,0,0
2023-08-23,P001,S03,25,112500.0,0,0
2023-08-23,P001,S04,22,99000.0,0,0
2023-08-23,P001,S05,27,121500.0,0,0
2023-08-23,P001,S06,24,108000.0,0,0
2023-08-23,P002,S01,97,116400.0,0,0
2023-08-23,P002,S02,84,100800.0,0,0
2023-08-23,P002,S03,70,84000.0,0,0
2023-08-23,P002,S04,53,63600.0,0,0
2023-08-23,P002,S05,74,88800.0,0,0
2023-08-23,P002,S06,102,95864.97,1,0
2023-08-23,P003,S01,379,132650.0,0,0
2023-08-23,P003,S02,308,107800.0,0,0
2023-08-23,P003,S03,307,107450.0,0,0
2023-08-23,P003,S04,288,100800.0,0,0
2023-08-23,P003,S05,321,112350.0,0,0
2023-08-23,P003,S06,225,78750.0,0,0
2023-08-23,P004,S01,14,119000.0,0,0
2023-08-23,P004,S02,16,136000.0,0,0
2023-08-23,P004,S03,12,102000.0,0,0
2023-08-23,P004,S04,9,76500.0,0,0
2023-08-23,P004,S05,12,102000.0,0,0
2023-08-23,P004,S06,16,126026.12,1,0
2023-08-23,P005,S01,59,129800.0,0,0
2023-08-23,P005,S02,50,110000.0,0,0
2023-08-23,P005,S03,67,147400.0,0,0
2023-08-23,P005,S04,49,107800.0,0,0
2023-08-23,P005,S05,47,103400.0,0,0
2023-08-23,P005,S06,40,88000.0,0,0
2023-08-24,P001,S01,38,171000.0,0,0
2023-08-24,P001,S02,33,148500.0,0,0
2023-08-24,P001,S03,29,130500.0,0,0
2023-08-24,P001,S04,25,112500.0,0,0
2023-08-24,P001,S05,32,144000.0,0,0
2023-08-24,P001,S06,25,112500.0,0,0
2023-08-24,P002,S01,107,128400.0,0,0
2023-08-24,P002,S02,89,106800.0,0,0
2023-08-24,P002,S03,80,96000.0,0,0
2023-08-24,P002,S04,94,99840.11,1,0
2023-08-24,P002,S05,128,120983.57,1,0
2023-08-24,P002,S06,54,64800.0,0,0
2023-08-24,P003,S01,703,219043.84,1,0
2023-08-24,P003,S02,293,102550.0,0,0
2023-08-24,P003,S03,349,122150.0,0,0
2023-08-24,P003,S04,467,150287.5,1,0
2023-08-24,P003,S05,292,102200.0,0,0
2023-08-24,P003,S06,261,91350.0,0,0
2023-08-24,P004,S01,16,136000.0,0,0
2023-08-24,P004,S02,15,127500.0,0,0
2023-08-24,P004,S03,20,150918.7,1,0
2023-08-24,P004,S04,12,102000.0,0,0
2023-08-24,P004,S05,15,127500.0,0,0
2023-08-24,P004,S06,13,110500.0,0,0
2023-08-24,P005,S01,67,147400.0,0,0
2023-08-24,P005,S02,62,136400.0,0,0
2023-08-24,P005,S03,52,114400.0,0,0
2023-08-24,P005,S04,39,85800.0,0,0
2023-08-24,P005,S05,55,121000.0,0,0
2023-08-24,P005,S06,35,77000.0,0,0
2023-08-25,P001,S01,35,157500.0,0,0
2023-08-25,P001,S02,40,180000.0,0,0
2023-08-25,P001,S03,45,144926.42,1,0
2023-08-25,P001,S04,40,131786.66,1,0
2023-08-25,P001,S05,43,164705.96,1,0
2023-08-25,P001,S06,26,117000.0,0,0
2023-08-25,P002,S01,95,114000.0,0,0
2023-08-25,P002,S02,105,91236.6,1,0
2023-08-25,P002,S03,98,117600.0,0,0
2023-08-25,P002,S04,71,85200.0,0,0
2023-08-25,P002,S05,67,80400.0,0,0
2023-08-25,P002,S06,42,50400.0,0,0
2023-08-25,P003,S01,334,116900.0,0,0
2023-08-25,P003,S02,307,107450.0,0,0
2023-08-25,P003,S03,331,115850.0,0,0
2023-08-25,P003,S04,287,100450.0,0,0
2023-08-25,P003,S05,301,105350.0,0,0
2023-08-25,P003,S06,245,85750.0,0,0
2023-08-25,P004,S01,18,153000.0,0,0
2023-08-25,P004,S02,16,136000.0,0,0
2023-08-25,P004,S03,12,102000.0,0,0
2023-08-25,P004,S04,7,59500.0,0,0
2023-08-25,P004,S05,15,127500.0,0,0
2023-08-25,P004,S06,12,102000.0,0,0
2023-08-25,P005,S01,90,163398.08,1,0
2023-08-25,P005,S02,68,149600.0,0,0
2023-08-25,P005,S03,81,153556.92,1,0
2023-08-25,P005,S04,37,81400.0,0,0
2023-08-25,P005,S05,76,132006.53,1,0
2023-08-25,P005,S06,52,84272.89,1,0
2023-08-26,P001,S01,68,278648.27,1,0
2023-08-26,P001,S02,37,166500.0,0,0
2023-08-26,P001,S03,56,225032.24,1,0
2023-08-26,P001,S04,34,153000.0,0,0
2023-08-26,P001,S05,50,209180.45,1,0
2023-08-26,P001,S06,25,112500.0,0,0
2023-08-26,P002,S01,99,118800.0,0,0
2023-08-26,P002,S02,135,117684.27,1,0
2023-08-26,P002,S03,100,120000.0,0,0
2023-08-26,P002,S04,115,125054.42,1,0
2023-08-26,P002,S05,60,72000.0,0,0
2023-08-26,P002,S06,79,94800.0,0,0
2023-08-26,P003,S01,694,209302.57,1,0
2023-08-26,P003,S02,405,141750.0,0,0
2023-08-26,P003,S03,669,181032.59,1,0
2023-08-26,P003,S04,478,130247.92,1,0
2023-08-26,P003,S05,357,124950.0,0,0
2023-08-26,P003,S06,413,115792.61,1,0
2023-08-26,P004,S01,22,187000.0,0,0
2023-08-26,P004,S02,22,161312.9,1,0
2023-08-26,P004,S03,11,93500.0,0,0
2023-08-26,P004,S04,14,119000.0,0,0
2023-08-26,P004,S05,12,102000.0,0,0
2023-08-26,P004,S06,12,102000.0,0,0
2023-08-26,P005,S01,69,151800.0,0,0
2023-08-26,P005,S02,95,196739.3,1,0
2023-08-26,P005,S03,103,186610.96,1,0
2023-08-26,P005,S04,64,140800.0,0,0
2023-08-26,P005,S05,88,141972.71,1,0
2023-08-26,P005,S06,55,121000.0,0,0
2023-08-27,P001,S01,62,218909.02,1,0
2023-08-27,P001,S02,44,198000.0,0,0
2023-08-27,P001,S03,31,139500.0,0,0
2023-08-27,P001,S04,24,108000.0,0,0
2023-08-27,P001,S05,40,180000.0,0,0
2023-08-27,P001,S06,29,130500.0,0,0
2023-08-27,P002,S01,89,106800.0,0,0
2023-08-27,P002,S02,100,120000.0,0,0
2023-08-27,P002,S03,75,90000.0,0,0
2023-08-27,P002,S04,136,145631.26,1,0
2023-08-27,P002,S05,97,116400.0,0,0
2023-08-27,P002,S06,68,81600.0,0,0
2023-08-27,P003,S01,744,186661.5,1,0
2023-08-27,P003,S02,447,156450.0,0,0
2023-08-27,P003,S03,717,178313.75,1,0
2023-08-27,P003,S04,317,110950.0,0,0
2023-08-27,P003,S05,390,113448.67,1,0
2023-08-27,P003,S06,274,95900.0,0,0
2023-08-27,P004,S01,18,153000.0,0,0
2023-08-27,P004,S02,19,161500.0,0,0
2023-08-27,P004,S03,26,167120.41,1,0
2023-08-27,P004,S04,14,119000.0,0,0
2023-08-27,P004,S05,15,127500.0,0,0
2023-08-27,P004,S06,14,119000.0,0,0
2023-08-27,P005,S01,91,163369.8,1,0
2023-08-27,P005,S02,113,230806.46,1,0
2023-08-27,P005,S03,69,151800.0,0,0
2023-08-27,P005,S04,90,179805.68,1,0
2023-08-27,P005,S05,99,171368.62,1,0
2023-08-27,P005,S06,82,159540.78,1,0
2023-08-28,P001,S01,40,180000.0,0,0
2023-08-28,P001,S02,30,135000.0,0,0
2023-08-28,P001,S03,34,153000.0,0,0
2023-08-28,P001,S04,27,121500.0,0,0
2023-08-28,P001,S05,25,112500.0,0,0
2023-08-28,P001,S06,26,117000.0,0,0
2023-08-28,P002,S01,92,110400.0,0,0
2023-08-28,P002,S02,84,100800.0,0,0
2023-08-28,P002,S03,65,78000.0,0,0
2023-08-28,P002,S04,82,72507.57,1,0
2023-08-28,P002,S05,74,88800.0,0,0
2023-08-28,P002,S06,52,62400.0,0,0
2023-08-28,P003,S01,461,161350.0,0,0
2023-08-28,P003,S02,361,126350.0,0,0
2023-08-28,P003,S03,443,133660.34,1,0
2023-08-28,P003,S04,502,159754.65,1,0
2023-08-28,P003,S05,277,96950.0,0,0
2023-08-28,P003,S06,263,92050.0,0,0
2023-08-28,P004,S01,15,127500.0,0,0
2023-08-28,P004,S02,15,127500.0,0,0
2023-08-28,P004,S03,14,119000.0,0,0
2023-08-28,P004,S04,10,85000.0,0,0
2023-08-28,P004,S05,19,133624.83,1,0
2023-08-28,P004,S06,11,93500.0,0,0
2023-08-28,P005,S01,60,132000.0,0,0
2023-08-28,P005,S02,65,143000.0,0,0
2023-08-28,P005,S03,51,112200.0,0,0
2023-08-28,P005,S04,73,127122.15,1,0
2023-08-28,P005,S05,50,110000.0,0,0
2023-08-28,P005,S06,43,94600.0,0,0
2023-08-29,P001,S01,33,148500.0,0,0
2023-08-29,P001,S02,37,166500.0,0,0
2023-08-29,P001,S03,26,117000.0,0,0
2023-08-29,P001,S04,25,112500.0,0,0
2023-08-29,P001,S05,42,168426.83,1,0
2023-08-29,P001,S06,19,85500.0,0,0
2023-08-29,P002,S01,143,130092.76,1,0
2023-08-29,P002,S02,82,98400.0,0,0
2023-08-29,P002,S03,79,94800.0,0,0
2023-08-29,P002,S04,81,97200.0,0,0
2023-08-29,P002,S05,69,82800.0,0,0
2023-08-29,P002,S06,69,82800.0,0,0
2023-08-29,P003,S01,409,143150.0,0,0
2023-08-29,P003,S02,350,122500.0,0,0
2023-08-29,P003,S03,472,139844.88,1,0
2023-08-29,P003,S04,374,102462.09,1,0
2023-08-29,P003,S05,241,84350.0,0,0
2023-08-29,P003,S06,221,77350.0,0,0
2023-08-29,P004,S01,28,198105.74,1,0
2023-08-29,P004,S02,17,144500.0,0,0
2023-08-29,P004,S03,25,199039.2,1,0
2023-08-29,P004,S04,9,76500.0,0,0
2023-08-29,P004,S05,12,102000.0,0,0
2023-08-29,P004,S06,12,102000.0,0,0
2023-08-29,P005,S01,61,134200.0,0,0
2023-08-29,P005,S02,51,112200.0,0,0
2023-08-29,P005,S03,43,94600.0,0,0
2023-08-29,P005,S04,43,94600.0,0,0
2023-08-29,P005,S05,44,96800.0,0,0
2023-08-29,P005,S06,42,92400.0,0,0
2023-08-30,P001,S01,38,171000.0,0,0
2023-08-30,P001,S02,62,263770.86,1,0
2023-08-30,P001,S03,37,166500.0,0,0
2023-08-30,P001,S04,27,121500.0,0,0
2023-08-30,P001,S05,28,126000.0,0,0
2023-08-30,P001,S06,30,135000.0,0,0
2023-08-30,P002,S01,87,104400.0,0,0
2023-08-30,P002,S02,98,117600.0,0,0
2023-08-30,P002,S03,80,96000.0,0,0
2023-08-30,P002,S04,83,99600.0,0,0
2023-08-30,P002,S05,86,103200.0,0,0
2023-08-30,P002,S06,68,81600.0,0,0
2023-08-30,P003,S01,307,107450.0,0,0
2023-08-30,P003,S02,329,115150.0,0,0
2023-08-30,P003,S03,323,113050.0,0,0
2023-08-30,P003,S04,221,77350.0,0,0
2023-08-30,P003,S05,291,101850.0,0,0
2023-08-30,P003,S06,253,88550.0,0,0
2023-08-30,P004,S01,15,127500.0,0,0
2023-08-30,P004,S02,22,150819.99,1,0
2023-08-30,P004,S03,14,119000.0,0,0
2023-08-30,P004,S04,13,110500.0,0,0
2023-08-30,P004,S05,24,186853.09,1,0
2023-08-30,P004,S06,11,93500.0,0,0
2023-08-30,P005,S01,68,149600.0,0,0
2023-08-30,P005,S02,59,129800.0,0,0
2023-08-30,P005,S03,74,138303.46,1,0
2023-08-30,P005,S04,71,147144.32,1,0
2023-08-30,P005,S05,48,105600.0,0,0
2023-08-30,P005,S06,79,133569.51,1,0
2023-08-31,P001,S01,28,126000.0,0,0
2023-08-31,P001,S02,38,171000.0,0,0
2023-08-31,P001,S03,36,162000.0,0,0
2023-08-31,P001,S04,25,112500.0,0,0
2023-08-31,P001,S05,31,139500.0,0,0
2023-08-31,P001,S06,22,99000.0,0,0
2023-08-31,P002,S01,79,94800.0,0,0
2023-08-31,P002,S02,86,103200.0,0,0
2023-08-31,P002,S03,72,86400.0,0,0
2023-08-31,P002,S04,114,97691.31,1,0
2023-08-31,P002,S05,108,100029.01,1,0
2023-08-31,P002,S06,58,69600.0,0,0
2023-08-31,P003,S01,621,161136.03,1,0
2023-08-31,P003,S02,536,172032.64,1,0
2023-08-31,P003,S03,278,97300.0,0,0
2023-08-31,P003,S04,270,94500.0,0,0
2023-08-31,P003,S05,252,88200.0,0,0
2023-08-31,P003,S06,439,127054.41,1,0
2023-08-31,P004,S01,23,143839.5,1,0
2023-08-31,P004,S02,12,102000.0,0,0
2023-08-31,P004,S03,13,110500.0,0,0
2023-08-31,P004,S04,13,110500.0,0,0
2023-08-31,P004,S05,15,127500.0,0,0
2023-08-31,P004,S06,20,145219.25,1,0
2023-08-31,P005,S01,48,105600.0,0,0
2023-08-31,P005,S02,88,135571.99,1,0
2023-08-31,P005,S03,54,118800.0,0,0
2023-08-31,P005,S04,45,99000.0,0,0
2023-08-31,P005,S05,39,85800.0,0,0
2023-08-31,P005,S06,70,130593.12,1,0
2023-09-01,P001,S01,44,184058.58,1,0
2023-09-01,P001,S02,25,112500.0,0,0
2023-09-01,P001,S03,36,136162.44,1,0
2023-09-01,P001,S04,27,121500.0,0,0
2023-09-01,P001,S05,22,99000.0,0,0
2023-09-01,P001,S06,30,105216.13,1,0
2023-09-01,P002,S01,80,96000.0,0,0
2023-09-01,P002,S02,65,78000.0,0,0
2023-09-01,P002,S03,67,80400.0,0,0
2023-09-01,P002,S04,91,87238.93,1,0
2023-09-01,P002,S05,67,80400.0,0,0
2023-09-01,P002,S06,54,64800.0,0,0
2023-09-01,P003,S01,274,95900.0,0,0
2023-09-01,P003,S02,418,105230.47,1,0
2023-09-01,P003,S03,288,100800.0,0,0
2023-09-01,P003,S04,244,85400.0,0,0
2023-09-01,P003,S05,358,100306.9,1,0
2023-09-01,P003,S06,227,79450.0,0,0
2023-09-01,P004,S01,14,119000.0,0,0
2023-09-01,P004,S02,13,110500.0,0,0
2023-09-01,P004,S03,13,110500.0,0,0
2023-09-01,P004,S04,9,76500.0,0,0
2023-09-01,P004,S05,18,107947.0,1,0
2023-09-01,P004,S06,8,68000.0,0,0
2023-09-01,P005,S01,54,118800.0,0,0
2023-09-01,P005,S02,53,116600.0,0,0
2023-09-01,P005,S03,45,99000.0,0,0
2023-09-01,P005,S04,47,103400.0,0,0
2023-09-01,P005,S05,41,90200.0,0,0
2023-09-01,P005,S06,53,102997.22,1,0
2023-09-02,P001,S01,64,207463.06,1,0
2023-09-02,P001,S02,32,144000.0,0,0
2023-09-02,P001,S03,58,230359.04,1,0
2023-09-02,P001,S04,24,108000.0,0,0
2023-09-02,P001,S05,50,176149.19,1,0
2023-09-02,P001,S06,34,126422.32,1,0
2023-09-02,P002,S01,89,106800.0,0,0
2023-09-02,P002,S02,77,92400.0,0,0
2023-09-02,P002,S03,136,133243.51,1,0
2023-09-02,P002,S04,75,90000.0,0,0
2023-09-02,P002,S05,57,68400.0,0,0
2023-09-02,P002,S06,93,102140.27,1,0
2023-09-02,P003,S01,622,194198.7,1,0
2023-09-02,P003,S02,378,132300.0,0,0
2023-09-02,P003,S03,370,114352.69,1,0
2023-09-02,P003,S04,210,73500.0,0,0
2023-09-02,P003,S05,300,105000.0,0,0
2023-09-02,P003,S06,473,130001.96,1,0
2023-09-02,P004,S01,12,102000.0,0,0
2023-09-02,P004,S02,12,102000.0,0,0
2023-09-02,P004,S03,11,93500.0,0,0
2023-09-02,P004,S04,19,123184.03,1,0
2023-09-02,P004,S05,14,119000.0,0,0
2023-09-02,P004,S06,10,85000.0,0,0
2023-09-02,P005,S01,92,184428.86,1,0
2023-09-02,P005,S02,56,123200.0,0,0
2023-09-02,P005,S03,43,94600.0,0,0
2023-09-02,P005,S04,47,103400.0,0,0
2023-09-02,P005,S05,47,103400.0,0,0
2023-09-02,P005,S06,38,83600.0,0,0
2023-09-03,P001,S01,34,153000.0,0,0
2023-09-03,P001,S02,28,126000.0,0,0
2023-09-03,P001,S03,27,121500.0,0,0
2023-09-03,P001,S04,38,128459.29,1,0
2023-09-03,P001,S05,44,161997.35,1,0
2023-09-03,P001,S06,47,162220.98,1,0
2023-09-03,P002,S01,74,88800.0,0,0
2023-09-03,P002,S02,83,99600.0,0,0
2023-09-03,P002,S03,58,69600.0,0,0
2023-09-03,P002,S04,45,54000.0,0,0
2023-09-03,P002,S05,77,92400.0,0,0
2023-09-03,P002,S06,63,75600.0,0,0
2023-09-03,P003,S01,397,138950.0,0,0
2023-09-03,P003,S02,596,173524.31,1,0
2023-09-03,P003,S03,297,103950.0,0,0
2023-09-03,P003,S04,302,105700.0,0,0
2023-09-03,P003,S05,443,112546.3,1,0
2023-09-03,P003,S06,200,70000.0,0,0
2023-09-03,P004,S01,16,136000.0,0,0
2023-09-03,P004,S02,26,199808.78,1,0
2023-09-03,P004,S03,16,136000.0,0,0
2023-09-03,P004,S04,11,93500.0,0,0
2023-09-03,P004,S05,11,93500.0,0,0
2023-09-03,P004,S06,11,93500.0,0,0
2023-09-03,P005,S01,57,125400.0,0,0
2023-09-03,P005,S02,82,171292.73,1,0
2023-09-03,P005,S03,110,183077.9,1,0
2023-09-03,P005,S04,41,90200.0,0,0
2023-09-03,P005,S05,55,121000.0,0,0
2023-09-03,P005,S06,44,96800.0,0,0
2023-09-04,P001,S01,31,139500.0,0,0
2023-09-04,P001,S02,26,117000.0,0,0
2023-09-04,P001,S03,28,126000.0,0,0
2023-09-04,P001,S04,26,117000.0,0,0
2023-09-04,P001,S05,38,160954.66,1,0
2023-09-04,P001,S06,23,103500.0,0,0
2023-09-04,P002,S01,57,68400.0,0,0
2023-09-04,P002,S02,83,99600.0,0,0
2023-09-04,P002,S03,94,84534.21,1,0
2023-09-04,P002,S04,64,71781.11,1,0
2023-09-04,P002,S05,59,70800.0,0,0
2023-09-04,P002,S06,65,78000.0,0,0
2023-09-04,P003,S01,357,124950.0,0,0
2023-09-04,P003,S02,290,101500.0,0,0
2023-09-04,P003,S03,413,130872.53,1,0
2023-09-04,P003,S04,253,88550.0,0,0
2023-09-04,P003,S05,206,72100.0,0,0
2023-09-04,P003,S06,190,66500.0,0,0
2023-09-04,P004,S01,14,119000.0,0,0
2023-09-04,P004,S02,18,108621.83,1,0
2023-09-04,P004,S03,12,102000.0,0,0
2023-09-04,P004,S04,10,85000.0,0,0
2023-09-04,P004,S05,11,93500.0,0,0
2023-09-04,P004,S06,11,93500.0,0,0
2023-09-04,P005,S01,54,118800.0,0,0
2023-09-04,P005,S02,55,121000.0,0,0
2023-09-04,P005,S03,62,128097.64,1,0
2023-09-04,P005,S04,38,83600.0,0,0
2023-09-04,P005,S05,48,105600.0,0,0
2023-09-04,P005,S06,36,79200.0,0,0
2023-09-05,P001,S01,62,263657.7,1,0
2023-09-05,P001,S02,28,126000.0,0,0
2023-09-05,P001,S03,28,126000.0,0,0
2023-09-05,P001,S04,21,94500.0,0,0
2023-09-05,P001,S05,37,144969.88,1,0
2023-09-05,P001,S06,21,94500.0,0,0
2023-09-05,P002,S01,67,80400.0,0,0
2023-09-05,P002,S02,79,72180.87,1,0
2023-09-05,P002,S03,70,84000.0,0,0
2023-09-05,P002,S04,50,60000.0,0,0
2023-09-05,P002,S05,52,62400.0,0,0
2023-09-05,P002,S06,74,71268.06,1,0
2023-09-05,P003,S01,303,106050.0,0,0
2023-09-05,P003,S02,345,89659.87,1,0
2023-09-05,P003,S03,308,107800.0,0,0
2023-09-05,P003,S04,231,80850.0,0,0
2023-09-05,P003,S05,241,84350.0,0,0
2023-09-05,P003,S06,239,83650.0,0,0
2023-09-05,P004,S01,12,102000.0,0,0
2023-09-05,P004,S02,13,110500.0,0,0
2023-09-05,P004,S03,12,102000.0,0,0
2023-09-05,P004,S04,10,85000.0,0,0
2023-09-05,P004,S05,9,76500.0,0,0
2023-09-05,P004,S06,11,93500.0,0,0
2023-09-05,P005,S01,49,107800.0,0,0
2023-09-05,P005,S02,88,143998.81,1,0
2023-09-05,P005,S03,45,99000.0,0,0
2023-09-05,P005,S04,42,92400.0,0,0
2023-09-05,P005,S05,38,83600.0,0,0
2023-09-05,P005,S06,43,94600.0,0,0
2023-09-06,P001,S01,28,126000.0,0,0
2023-09-06,P001,S02,20,90000.0,0,0
2023-09-06,P001,S03,21,94500.0,0,0
2023-09-06,P001,S04,39,131974.11,1,0
2023-09-06,P001,S05,23,103500.0,0,0
2023-09-06,P001,S06,21,94500.0,0,0
2023-09-06,P002,S01,78,93600.0,0,0
2023-09-06,P002,S02,70,84000.0,0,0
2023-09-06,P002,S03,63,75600.0,0,0
2023-09-06,P002,S04,69,82800.0,0,0
2023-09-06,P002,S05,58,69600.0,0,0
2023-09-06,P002,S06,94,99717.66,1,0
2023-09-06,P003,S01,327,114450.0,0,0
2023-09-06,P003,S02,171,59850.0,0,0
2023-09-06,P003,S03,285,99750.0,0,0
2023-09-06,P003,S04,224,78400.0,0,0
2023-09-06,P003,S05,268,93800.0,0,0
2023-09-06,P003,S06,344,84686.35,1,0
2023-09-06,P004,S01,16,136000.0,0,0
2023-09-06,P004,S02,13,110500.0,0,0
2023-09-06,P004,S03,26,176071.48,1,0
2023-09-06,P004,S04,9,76500.0,0,0
2023-09-06,P004,S05,13,110500.0,0,0
2023-09-06,P004,S06,10,85000.0,0,0
2023-09-06,P005,S01,74,136895.26,1,0
2023-09-06,P005,S02,39,85800.0,0,0
2023-09-06,P005,S03,80,135517.04,1,0
2023-09-06,P005,S04,37,81400.0,0,0
2023-09-06,P005,S05,39,85800.0,0,0
2023-09-06,P005,S06,62,100020.51,1,0
2023-09-07,P001,S01,27,121500.0,0,0
2023-09-07,P001,S02,25,112500.0,0,0
2023-09-07,P001,S03,29,130500.0,0,0
2023-09-07,P001,S04,24,108000.0,0,0
2023-09-07,P001,S05,37,147320.83,1,0
2023-09-07,P001,S06,23,103500.0,0,0
2023-09-07,P002,S01,106,112323.58,1,0
2023-09-07,P002,S02,76,91200.0,0,0
2023-09-07,P002,S03,64,76800.0,0,0
2023-09-07,P002,S04,54,64800.0,0,0
2023-09-07,P002,S05,63,75600.0,0,0
2023-09-07,P002,S06,59,70800.0,0,0
2023-09-07,P003,S01,333,116550.0,0,0
2023-09-07,P003,S02,288,100800.0,0,0
2023-09-07,P003,S03,228,79800.0,0,0
2023-09-07,P003,S04,256,89600.0,0,0
2023-09-07,P003,S05,345,104945.14,1,0
2023-09-07,P003,S06,192,67200.0,0,0
2023-09-07,P004,S01,11,93500.0,0,0
2023-09-07,P004,S02,16,136000.0,0,0
2023-09-07,P004,S03,13,110500.0,0,0
2023-09-07,P004,S04,10,85000.0,0,0
2023-09-07,P004,S05,12,102000.0,0,0
2023-09-07,P004,S06,8,68000.0,0,0
2023-09-07,P005,S01,50,110000.0,0,0
2023-09-07,P005,S02,66,113878.06,1,0
2023-09-07,P005,S03,65,113964.48,1,0
2023-09-07,P005,S04,39,85800.0,0,0
2023-09-07,P005,S05,40,88000.0,0,0
2023-09-07,P005,S06,43,94600.0,0,0
2023-09-08,P001,S01,33,148500.0,0,0
2023-09-08,P001,S02,50,208465.72,1,0
2023-09-08,P001,S03,29,130500.0,0,0
2023-09-08,P001,S04,22,99000.0,0,0
2023-09-08,P001,S05,28,126000.0,0,0
2023-09-08,P001,S06,19,85500.0,0,0
2023-09-08,P002,S01,67,80400.0,0,0
2023-09-08,P002,S02,64,76800.0,0,0
2023-09-08,P002,S03,66,79200.0,0,0
2023-09-08,P002,S04,93,90133.91,1,0
2023-09-08,P002,S05,96,108566.53,1,0
2023-09-08,P002,S06,52,62400.0,0,0
2023-09-08,P003,S01,275,96250.0,0,0
2023-09-08,P003,S02,402,111570.53,1,0
2023-09-08,P003,S03,281,98350.0,0,0
2023-09-08,P003,S04,487,139283.2,1,0
2023-09-08,P003,S05,260,91000.0,0,0
2023-09-08,P003,S06,211,73850.0,0,0
2023-09-08,P004,S01,22,175695.24,1,0
2023-09-08,P004,S02,20,152688.27,1,0
2023-09-08,P004,S03,10,85000.0,0,0
2023-09-08,P004,S04,11,93500.0,0,0
2023-09-08,P004,S05,17,132875.02,1,0
2023-09-08,P004,S06,8,68000.0,0,0
2023-09-08,P005,S01,52,114400.0,0,0
2023-09-08,P005,S02,48,105600.0,0,0
2023-09-08,P005,S03,28,61600.0,0,0
2023-09-08,P005,S04,37,81400.0,0,0
2023-09-08,P005,S05,46,101200.0,0,0
2023-09-08,P005,S06,55,103515.32,1,0
2023-09-09,P001,S01,34,153000.0,0,0
2023-09-09,P001,S02,32,144000.0,0,0
2023-09-09,P001,S03,33,148500.0,0,0
2023-09-09,P001,S04,26,117000.0,0,0
2023-09-09,P001,S05,25,112500.0,0,0
2023-09-09,P001,S06,23,103500.0,0,0
2023-09-09,P002,S01,146,133750.68,1,0
2023-09-09,P002,S02,90,108000.0,0,0
2023-09-09,P002,S03,76,91200.0,0,0
2023-09-09,P002,S04,103,113767.45,1,0
2023-09-09,P002,S05,73,87600.0,0,0
2023-09-09,P002,S06,68,81600.0,0,0
2023-09-09,P003,S01,365,127750.0,0,0
2023-09-09,P003,S02,420,103423.18,1,0
2023-09-09,P003,S03,369,129150.0,0,0
2023-09-09,P003,S04,279,97650.0,0,0
2023-09-09,P003,S05,292,102200.0,0,0
2023-09-09,P003,S06,386,112713.26,1,0
2023-09-09,P004,S01,12,102000.0,0,0
2023-09-09,P004,S02,14,119000.0,0,0
2023-09-09,P004,S03,26,162211.24,1,0
2023-09-09,P004,S04,10,85000.0,0,0
2023-09-09,P004,S05,13,110500.0,0,0
2023-09-09,P004,S06,10,85000.0,0,0
2023-09-09,P005,S01,73,135225.34,1,0
2023-09-09,P005,S02,72,128797.4,1,0
2023-09-09,P005,S03,52,114400.0,0,0
2023-09-09,P005,S04,43,94600.0,0,0
2023-09-09,P005,S05,38,83600.0,0,0
2023-09-09,P005,S06,33,72600.0,0,0
2023-09-10,P001,S01,55,214700.39,1,0
2023-09-10,P001,S02,35,157500.0,0,0
2023-09-10,P001,S03,48,163959.43,1,0
2023-09-10,P001,S04,21,94500.0,0,0
2023-09-10,P001,S05,27,121500.0,0,0
2023-09-10,P001,S06,20,90000.0,0,0
2023-09-10,P002,S01,112,122103.16,1,0
2023-09-10,P002,S02,82,98400.0,0,0
2023-09-10,P002,S03,80,96000.0,0,0
2023-09-10,P002,S04,96,100718.56,1,0
2023-09-10,P002,S05,63,75600.0,0,0
2023-09-10,P002,S06,61,73200.0,0,0
2023-09-10,P003,S01,364,127400.0,0,0
2023-09-10,P003,S02,566,152039.45,1,0
2023-09-10,P003,S03,595,177324.1,1,0
2023-09-10,P003,S04,440,110645.85,1,0
2023-09-10,P003,S05,344,113313.3,1,0
2023-09-10,P003,S06,437,120251.4,1,0
2023-09-10,P004,S01,16,136000.0,0,0
2023-09-10,P004,S02,13,110500.0,0,0
2023-09-10,P004,S03,21,132702.16,1,0
2023-09-10,P004,S04,17,111711.64,1,0
2023-09-10,P004,S05,12,102000.0,0,0
2023-09-10,P004,S06,19,135259.6,1,0
2023-09-10,P005,S01,61,134200.0,0,0
2023-09-10,P005,S02,56,123200.0,0,0
2023-09-10,P005,S03,99,202702.12,1,0
2023-09-10,P005,S04,46,101200.0,0,0
2023-09-10,P005,S05,56,123200.0,0,0
2023-09-10,P005,S06,34,74800.0,0,0
2023-09-11,P001,S01,27,121500.0,0,0
2023-09-11,P001,S02,44,147915.42,1,0
2023-09-11,P001,S03,38,156877.21,1,0
2023-09-11,P001,S04,26,117000.0,0,0
2023-09-11,P001,S05,45,179185.66,1,0
2023-09-11,P001,S06,27,121500.0,0,0
2023-09-11,P002,S01,78,93600.0,0,0
2023-09-11,P002,S02,62,74400.0,0,0
2023-09-11,P002,S03,70,84000.0,0,0
2023-09-11,P002,S04,64,76800.0,0,0
2023-09-11,P002,S05,78,93600.0,0,0
2023-09-11,P002,S06,59,70800.0,0,0
2023-09-11,P003,S01,294,102900.0,0,0
2023-09-11,P003,S02,400,110478.76,1,0
2023-09-11,P003,S03,162,56700.0,0,0
2023-09-11,P003,S04,220,77000.0,0,0
2023-09-11,P003,S05,428,139194.23,1,0
2023-09-11,P003,S06,258,90300.0,0,0
2023-09-11,P004,S01,17,144500.0,0,0
2023-09-11,P004,S02,15,119809.55,1,0
2023-09-11,P004,S03,21,151998.29,1,0
2023-09-11,P004,S04,13,110500.0,0,0
2023-09-11,P004,S05,11,93500.0,0,0
2023-09-11,P004,S06,10,85000.0,0,0
2023-09-11,P005,S01,48,105600.0,0,0
2023-09-11,P005,S02,48,84755.82,1,0
2023-09-11,P005,S03,31,68200.0,0,0
2023-09-11,P005,S04,33,72600.0,0,0
2023-09-11,P005,S05,46,101200.0,0,0
2023-09-11,P005,S06,32,70400.0,0,0
2023-09-12,P001,S01,57,233592.57,1,0
2023-09-12,P001,S02,37,124070.67,1,0
2023-09-12,P001,S03,24,108000.0,0,0
2023-09-12,P001,S04,39,150782.98,1,0
2023-09-12,P001,S05,19,85500.0,0,0
2023-09-12,P001,S06,17,76500.0,0,0
2023-09-12,P002,S01,91,109200.0,0,0
2023-09-12,P002,S02,50,60000.0,0,0
2023-09-12,P002,S03,69,82800.0,0,0
2023-09-12,P002,S04,98,107504.98,1,0
2023-09-12,P002,S05,73,87600.0,0,0
2023-09-12,P002,S06,56,67200.0,0,0
2023-09-12,P003,S01,452,117082.41,1,0
2023-09-12,P003,S02,481,154385.08,1,0
2023-09-12,P003,S03,284,99400.0,0,0
2023-09-12,P003,S04,201,70350.0,0,0
2023-09-12,P003,S05,240,84000.0,0,0
2023-09-12,P003,S06,214,74900.0,0,0
2023-09-12,P004,S01,13,110500.0,0,0
2023-09-12,P004,S02,12,102000.0,0,0
2023-09-12,P004,S03,10,85000.0,0,0
2023-09-12,P004,S04,13,104417.93,1,0
2023-09-12,P004,S05,13,110500.0,0,0
2023-09-12,P004,S06,10,85000.0,0,0
2023-09-12,P005,S01,49,107800.0,0,0
2023-09-12,P005,S02,50,110000.0,0,0
2023-09-12,P005,S03,42,92400.0,0,0
2023-09-12,P005,S04,59,92753.41,1,0
2023-09-12,P005,S05,74,152484.3,1,0
2023-09-12,P005,S06,39,85800.0,0,0
2023-09-13,P001,S01,31,139500.0,0,0
2023-09-13,P001,S02,30,135000.0,0,0
2023-09-13,P001,S03,32,144000.0,0,0
2023-09-13,P001,S04,23,103500.0,0,0
2023-09-13,P001,S05,23,103500.0,0,0
2023-09-13,P001,S06,38,121369.63,1,0
2023-09-13,P002,S01,131,147563.49,1,0
2023-09-13,P002,S02,77,92400.0,0,0
2023-09-13,P002,S03,71,85200.0,0,0
2023-09-13,P002,S04,55,66000.0,0,0
2023-09-13,P002,S05,63,75600.0,0,0
2023-09-13,P002,S06,51,61200.0,0,0
2023-09-13,P003,S01,271,94850.0,0,0
2023-09-13,P003,S02,491,151343.48,1,0
2023-09-13,P003,S03,293,102550.0,0,0
2023-09-13,P003,S04,213,74550.0,0,0
2023-09-13,P003,S05,259,90650.0,0,0
2023-09-13,P003,S06,338,104885.31,1,0
2023-09-13,P004,S01,21,168150.54,1,0
2023-09-13,P004,S02,13,110500.0,0,0
2023-09-13,P004,S03,14,119000.0,0,0
2023-09-13,P004,S04,12,102000.0,0,0
2023-09-13,P004,S05,11,93500.0,0,0
2023-09-13,P004,S06,11,93500.0,0,0
2023-09-13,P005,S01,54,118800.0,0,0
2023-09-13,P005,S02,31,68200.0,0,0
2023-09-13,P005,S03,38,83600.0,0,0
2023-09-13,P005,S04,33,72600.0,0,0
2023-09-13,P005,S05,34,74800.0,0,0
2023-09-13,P005,S06,46,72853.07,1,0
2023-09-14,P001,S01,30,135000.0,0,0
2023-09-14,P001,S02,31,139500.0,0,0
2023-09-14,P001,S03,20,90000.0,0,0
2023-09-14,P001,S04,26,117000.0,0,0
2023-09-14,P001,S05,47,195710.91,1,0
2023-09-14,P001,S06,20,90000.0,0,0
2023-09-14,P002,S01,80,96000.0,0,0
2023-09-14,P002,S02,68,81600.0,0,0
2023-09-14,P002,S03,56,67200.0,0,0
2023-09-14,P002,S04,62,74400.0,0,0
2023-09-14,P002,S05,109,98186.08,1,0
2023-09-14,P002,S06,86,82843.9,1,0
2023-09-14,P003,S01,225,78750.0,0,0
2023-09-14,P003,S02,269,94150.0,0,0
2023-09-14,P003,S03,254,88900.0,0,0
2023-09-14,P003,S04,277,96950.0,0,0
2023-09-14,P003,S05,356,116251.17,1,0
2023-09-14,P003,S06,228,79800.0,0,0
2023-09-14,P004,S01,13,110500.0,0,0
2023-09-14,P004,S02,14,119000.0,0,0
2023-09-14,P004,S03,12,102000.0,0,0
2023-09-14,P004,S04,18,113868.85,1,0
2023-09-14,P004,S05,12,102000.0,0,0
2023-09-14,P004,S06,11,93500.0,0,0
2023-09-14,P005,S01,48,105600.0,0,0
2023-09-14,P005,S02,75,132900.86,1,0
2023-09-14,P005,S03,49,107800.0,0,0
2023-09-14,P005,S04,34,74800.0,0,0
2023-09-14,P005,S05,71,126994.12,1,0
2023-09-14,P005,S06,35,77000.0,0,0
2023-09-15,P001,S01,27,121500.0,0,0
2023-09-15,P001,S02,31,139500.0,0,0
2023-09-15,P001,S03,23,103500.0,0,0
2023-09-15,P001,S04,26,117000.0,0,0
2023-09-15,P001,S05,31,139500.0,0,0
2023-09-15,P001,S06,16,72000.0,0,0
2023-09-15,P002,S01,58,69600.0,0,0
2023-09-15,P002,S02,117,117650.02,1,0
2023-09-15,P002,S03,64,76800.0,0,0
2023-09-15,P002,S04,68,81600.0,0,0
2023-09-15,P002,S05,48,57600.0,0,0
2023-09-15,P002,S06,53,63600.0,0,0
2023-09-15,P003,S01,332,116200.0,0,0
2023-09-15,P003,S02,254,88900.0,0,0
2023-09-15,P003,S03,309,108150.0,0,0
2023-09-15,P003,S04,359,113992.5,1,0
2023-09-15,P003,S05,243,85050.0,0,0
2023-09-15,P003,S06,228,79800.0,0,0
2023-09-15,P004,S01,20,124040.96,1,0
2023-09-15,P004,S02,14,119000.0,0,0
2023-09-15,P004,S03,14,119000.0,0,0
2023-09-15,P004,S04,18,116795.21,1,0
2023-09-15,P004,S05,18,116616.04,1,0
2023-09-15,P004,S06,10,85000.0,0,0
2023-09-15,P005,S01,83,162839.86,1,0
2023-09-15,P005,S02,50,110000.0,0,0
2023-09-15,P005,S03,39,85800.0,0,0
2023-09-15,P005,S04,36,79200.0,0,0
2023-09-15,P005,S05,41,90200.0,0,0
2023-09-15,P005,S06,62,128849.01,1,0
2023-09-16,P001,S01,37,166500.0,0,0
2023-09-16,P001,S02,36,162000.0,0,0
2023-09-16,P001,S03,32,144000.0,0,0
2023-09-16,P001,S04,27,121500.0,0,0
2023-09-16,P001,S05,31,139500.0,0,0
2023-09-16,P001,S06,24,108000.0,0,0
2023-09-16,P002,S01,158,159790.76,1,0
2023-09-16,P002,S02,112,119815.01,1,0
2023-09-16,P002,S03,120,107395.4,1,0
2023-09-16,P002,S04,132,133109.41,1,0
2023-09-16,P002,S05,103,113239.34,1,0
2023-09-16,P002,S06,62,74400.0,0,0
2023-09-16,P003,S01,495,133517.94,1,0
2023-09-16,P003,S02,458,141205.79,1,0
2023-09-16,P003,S03,305,106750.0,0,0
2023-09-16,P003,S04,449,116473.44,1,0
2023-09-16,P003,S05,516,129151.26,1,0
2023-09-16,P003,S06,481,149142.28,1,0
2023-09-16,P004,S01,14,119000.0,0,0
2023-09-16,P004,S02,14,119000.0,0,0
2023-09-16,P004,S03,12,102000.0,0,0
2023-09-16,P004,S04,16,98961.14,1,0
2023-09-16,P004,S05,11,93500.0,0,0
2023-09-16,P004,S06,18,127665.52,1,0
2023-09-16,P005,S01,59,129800.0,0,0
2023-09-16,P005,S02,65,143000.0,0,0
2023-09-16,P005,S03,90,173615.8,1,0
2023-09-16,P005,S04,37,81400.0,0,0
2023-09-16,P005,S05,41,90200.0,0,0
2023-09-16,P005,S06,66,126508.3,1,0
2023-09-17,P001,S01,56,199314.62,1,0
2023-09-17,P001,S02,49,199982.64,1,0
2023-09-17,P001,S03,34,153000.0,0,0
2023-09-17,P001,S04,28,126000.0,0,0
2023-09-17,P001,S05,38,129812.56,1,0
2023-09-17,P001,S06,19,85500.0,0,0
2023-09-17,P002,S01,189,212388.28,1,0
2023-09-17,P002,S02,79,94800.0,0,0
2023-09-17,P002,S03,72,86400.0,0,0
2023-09-17,P002,S04,62,74400.0,0,0
2023-09-17,P002,S05,102,89475.14,1,0
2023-09-17,P002,S06,67,80400.0,0,0
2023-09-17,P003,S01,341,119350.0,0,0
2023-09-17,P003,S02,275,96250.0,0,0
2023-09-17,P003,S03,341,119350.0,0,0
2023-09-17,P003,S04,262,91700.0,0,0
2023-09-17,P003,S05,451,116871.89,1,0
2023-09-17,P003,S06,270,94500.0,0,0
2023-09-17,P004,S01,26,196251.87,1,0
2023-09-17,P004,S02,15,127500.0,0,0
2023-09-17,P004,S03,17,122831.1,1,0
2023-09-17,P004,S04,22,141777.58,1,0
2023-09-17,P004,S05,10,85000.0,0,0
2023-09-17,P004,S06,17,134549.31,1,0
2023-09-17,P005,S01,56,123200.0,0,0
2023-09-17,P005,S02,79,144489.03,1,0
2023-09-17,P005,S03,61,134200.0,0,0
2023-09-17,P005,S04,54,118800.0,0,0
2023-09-17,P005,S05,86,161670.42,1,0
2023-09-17,P005,S06,69,116802.21,1,0
2023-09-18,P001,S01,32,144000.0,0,0
2023-09-18,P001,S02,28,126000.0,0,0
2023-09-18,P001,S03,26,117000.0,0,0
2023-09-18,P001,S04,20,90000.0,0,0
2023-09-18,P001,S05,27,121500.0,0,0
2023-09-18,P001,S06,22,99000.0,0,0
2023-09-18,P002,S01,115,122160.62,1,0
2023-09-18,P002,S02,73,87600.0,0,0
2023-09-18,P002,S03,59,70800.0,0,0
2023-09-18,P002,S04,60,72000.0,0,0
2023-09-18,P002,S05,66,79200.0,0,0
2023-09-18,P002,S06,57,68400.0,0,0
2023-09-18,P003,S01,265,92750.0,0,0
2023-09-18,P003,S02,346,121100.0,0,0
2023-09-18,P003,S03,238,83300.0,0,0
2023-09-18,P003,S04,374,102792.64,1,0
2023-09-18,P003,S05,458,118693.51,1,0
2023-09-18,P003,S06,193,67550.0,0,0
2023-09-18,P004,S01,13,110500.0,0,0
2023-09-18,P004,S02,16,136000.0,0,0
2023-09-18,P004,S03,10,85000.0,0,0
2023-09-18,P004,S04,11,93500.0,0,0
2023-09-18,P004,S05,11,93500.0,0,0
2023-09-18,P004,S06,9,76500.0,0,0
2023-09-18,P005,S01,55,121000.0,0,0
2023-09-18,P005,S02,53,116600.0,0,0
2023-09-18,P005,S03,81,129567.22,1,0
2023-09-18,P005,S04,51,80358.97,1,0
2023-09-18,P005,S05,52,100217.95,1,0
2023-09-18,P005,S06,35,77000.0,0,0
2023-09-19,P001,S01,70,283923.65,1,1
2023-09-19,P001,S02,70,225583.69,1,1
2023-09-19,P001,S03,37,166500.0,0,1
2023-09-19,P001,S04,50,199316.7,1,1
2023-09-19,P001,S05,65,212682.18,1,1
2023-09-19,P001,S06,37,166500.0,0,1
2023-09-19,P002,S01,117,140400.0,0,1
2023-09-19,P002,S02,155,137593.8,1,1
2023-09-19,P002,S03,115,138000.0,0,1
2023-09-19,P002,S04,94,112800.0,0,1
2023-09-19,P002,S05,136,136726.3,1,1
2023-09-19,P002,S06,144,134425.94,1,1
2023-09-19,P003,S01,704,177842.84,1,1
2023-09-19,P003,S02,398,139300.0,0,1
2023-09-19,P003,S03,444,155400.0,0,1
2023-09-19,P003,S04,594,152591.19,1,1
2023-09-19,P003,S05,421,147350.0,0,1
2023-09-19,P003,S06,418,112403.24,1,1
2023-09-19,P004,S01,23,195500.0,0,1
2023-09-19,P004,S02,19,161500.0,0,1
2023-09-19,P004,S03,21,178500.0,0,1
2023-09-19,P004,S04,14,119000.0,0,1
2023-09-19,P004,S05,27,161629.1,1,1
2023-09-19,P004,S06,24,154016.38,1,1
2023-09-19,P005,S01,68,149600.0,0,1
2023-09-19,P005,S02,77,169400.0,0,1
2023-09-19,P005,S03,64,140800.0,0,1
2023-09-19,P005,S04,68,149600.0,0,1
2023-09-19,P005,S05,74,140169.95,1,1
2023-09-19,P005,S06,54,118800.0,0,1
2023-09-20,P001,S01,45,184053.59,1,0
2023-09-20,P001,S02,31,139500.0,0,0
2023-09-20,P001,S03,28,126000.0,0,0
2023-09-20,P001,S04,24,108000.0,0,0
2023-09-20,P001,S05,42,150603.84,1,0
2023-09-20,P001,S06,24,108000.0,0,0
2023-09-20,P002,S01,132,118594.88,1,0
2023-09-20,P002,S02,104,108658.47,1,0
2023-09-20,P002,S03,61,73200.0,0,0
2023-09-20,P002,S04,65,78000.0,0,0
2023-09-20,P002,S05,54,64800.0,0,0
2023-09-20,P002,S06,51,61200.0,0,0
2023-09-20,P003,S01,247,86450.0,0,0
2023-09-20,P003,S02,277,96950.0,0,0
2023-09-20,P003,S03,207,72450.0,0,0
2023-09-20,P003,S04,361,92152.46,1,0
2023-09-20,P003,S05,248,86800.0,0,0
2023-09-20,P003,S06,419,129129.71,1,0
2023-09-20,P004,S01,22,136026.24,1,0
2023-09-20,P004,S02,14,119000.0,0,0
2023-09-20,P004,S03,14,119000.0,0,0
2023-09-20,P004,S04,12,102000.0,0,0
2023-09-20,P004,S05,10,85000.0,0,0
2023-09-20,P004,S06,14,92906.08,1,0
2023-09-20,P005,S01,59,129800.0,0,0
2023-09-20,P005,S02,47,103400.0,0,0
2023-09-20,P005,S03,72,126421.89,1,0
2023-09-20,P005,S04,40,88000.0,0,0
2023-09-20,P005,S05,68,112988.26,1,0
2023-09-20,P005,S06,35,77000.0,0,0
2023-09-21,P001,S01,23,103500.0,0,0
2023-09-21,P001,S02,26,117000.0,0,0
2023-09-21,P001,S03,24,108000.0,0,0
2023-09-21,P001,S04,30,135000.0,0,0
2023-09-21,P001,S05,22,99000.0,0,0
2023-09-21,P001,S06,22,99000.0,0,0
2023-09-21,P002,S01,70,84000.0,0,0
2023-09-21,P002,S02,79,94800.0,0,0
2023-09-21,P002,S03,95,80496.69,1,0
2023-09-21,P002,S04,51,61200.0,0,0
2023-09-21,P002,S05,70,84000.0,0,0
2023-09-21,P002,S06,49,58800.0,0,0
2023-09-21,P003,S01,328,114800.0,0,0
2023-09-21,P003,S02,277,96950.0,0,0
2023-09-21,P003,S03,290,101500.0,0,0
2023-09-21,P003,S04,253,88550.0,0,0
2023-09-21,P003,S05,222,77700.0,0,0
2023-09-21,P003,S06,217,75950.0,0,0
2023-09-21,P004,S01,25,171146.44,1,0
2023-09-21,P004,S02,13,110500.0,0,0
2023-09-21,P004,S03,12,102000.0,0,0
2023-09-21,P004,S04,13,110500.0,0,0
2023-09-21,P004,S05,10,85000.0,0,0
2023-09-21,P004,S06,16,110477.87,1,0
2023-09-21,P005,S01,54,118800.0,0,0
2023-09-21,P005,S02,56,123200.0,0,0
2023-09-21,P005,S03,40,88000.0,0,0
2023-09-21,P005,S04,40,88000.0,0,0
2023-09-21,P005,S05,75,140631.05,1,0
2023-09-21,P005,S06,40,88000.0,0,0
2023-09-22,P001,S01,32,144000.0,0,0
2023-09-22,P001,S02,28,126000.0,0,0
2023-09-22,P001,S03,28,126000.0,0,0
2023-09-22,P001,S04,26,117000.0,0,0
2023-09-22,P001,S05,25,112500.0,0,0
2023-09-22,P001,S06,36,128742.05,1,0
2023-09-22,P002,S01,63,75600.0,0,0
2023-09-22,P002,S02,105,94736.92,1,0
2023-09-22,P002,S03,70,84000.0,0,0
2023-09-22,P002,S04,64,76800.0,0,0
2023-09-22,P002,S05,110,121531.53,1,0
2023-09-22,P002,S06,103,95436.65,1,0
2023-09-22,P003,S01,284,99400.0,0,0
2023-09-22,P003,S02,276,96600.0,0,0
2023-09-22,P003,S03,285,99750.0,0,0
2023-09-22,P003,S04,217,75950.0,0,0
2023-09-22,P003,S05,267,93450.0,0,0
2023-09-22,P003,S06,221,77350.0,0,0
2023-09-22,P004,S01,16,136000.0,0,0
2023-09-22,P004,S02,15,127500.0,0,0
2023-09-22,P004,S03,11,93500.0,0,0
2023-09-22,P004,S04,9,76500.0,0,0
2023-09-22,P004,S05,19,118141.82,1,0
2023-09-22,P004,S06,9,76500.0,0,0
2023-09-22,P005,S01,57,125400.0,0,0
2023-09-22,P005,S02,56,123200.0,0,0
2023-09-22,P005,S03,47,103400.0,0,0
2023-09-22,P005,S04,44,96800.0,0,0
2023-09-22,P005,S05,35,77000.0,0,0
2023-09-22,P005,S06,37,81400.0,0,0
2023-09-23,P001,S01,31,139500.0,0,0
2023-09-23,P001,S02,37,166500.0,0,0
2023-09-23,P001,S03,30,135000.0,0,0
2023-09-23,P001,S04,22,99000.0,0,0
2023-09-23,P001,S05,25,112500.0,0,0
2023-09-23,P001,S06,24,108000.0,0,0
2023-09-23,P002,S01,95,114000.0,0,0
2023-09-23,P002,S02,119,123233.47,1,0
2023-09-23,P002,S03,129,132054.28,1,0
2023-09-23,P002,S04,118,129640.47,1,0
2023-09-23,P002,S05,132,131428.88,1,0
2023-09-23,P002,S06,101,104326.86,1,0
2023-09-23,P003,S01,382,133700.0,0,0
2023-09-23,P003,S02,417,145950.0,0,0
2023-09-23,P003,S03,488,129870.57,1,0
2023-09-23,P003,S04,236,82600.0,0,0
2023-09-23,P003,S05,313,109550.0,0,0
2023-09-23,P003,S06,494,152711.54,1,0
2023-09-23,P004,S01,17,144500.0,0,0
2023-09-23,P004,S02,20,148284.56,1,0
2023-09-23,P004,S03,13,110500.0,0,0
2023-09-23,P004,S04,11,93500.0,0,0
2023-09-23,P004,S05,12,102000.0,0,0
2023-09-23,P004,S06,11,93500.0,0,0
2023-09-23,P005,S01,66,145200.0,0,0
2023-09-23,P005,S02,50,110000.0,0,0
2023-09-23,P005,S03,57,125400.0,0,0
2023-09-23,P005,S04,83,155707.07,1,0
2023-09-23,P005,S05,70,128168.43,1,0
2023-09-23,P005,S06,36,79200.0,0,0
2023-09-24,P001,S01,28,126000.0,0,0
2023-09-24,P001,S02,51,171720.39,1,0
2023-09-24,P001,S03,27,121500.0,0,0
2023-09-24,P001,S04,29,130500.0,0,0
2023-09-24,P001,S05,33,148500.0,0,0
2023-09-24,P001,S06,28,126000.0,0,0
2023-09-24,P002,S01,83,99600.0,0,0
2023-09-24,P002,S02,84,100800.0,0,0
2023-09-24,P002,S03,72,86400.0,0,0
2023-09-24,P002,S04,59,70800.0,0,0
2023-09-24,P002,S05,63,75600.0,0,0
2023-09-24,P002,S06,56,67200.0,0,0
2023-09-24,P003,S01,355,124250.0,0,0
2023-09-24,P003,S02,367,128450.0,0,0
2023-09-24,P003,S03,561,181827.51,1,0
2023-09-24,P003,S04,289,101150.0,0,0
2023-09-24,P003,S05,370,94490.07,1,0
2023-09-24,P003,S06,345,104038.5,1,0
2023-09-24,P004,S01,17,144500.0,0,0
2023-09-24,P004,S02,14,119000.0,0,0
2023-09-24,P004,S03,26,207339.41,1,0
2023-09-24,P004,S04,19,135773.4,1,0
2023-09-24,P004,S05,12,102000.0,0,0
2023-09-24,P004,S06,11,93500.0,0,0
2023-09-24,P005,S01,53,116600.0,0,0
2023-09-24,P005,S02,48,105600.0,0,0
2023-09-24,P005,S03,54,118800.0,0,0
2023-09-24,P005,S04,45,99000.0,0,0
2023-09-24,P005,S05,39,85800.0,0,0
2023-09-24,P005,S06,42,92400.0,0,0
2023-09-25,P001,S01,32,144000.0,0,0
2023-09-25,P001,S02,29,130500.0,0,0
2023-09-25,P001,S03,22,99000.0,0,0
2023-09-25,P001,S04,30,105526.33,1,0
2023-09-25,P001,S05,24,108000.0,0,0
2023-09-25,P001,S06,28,126000.0,0,0
2023-09-25,P002,S01,76,91200.0,0,0
2023-09-25,P002,S02,65,78000.0,0,0
2023-09-25,P002,S03,63,75600.0,0,0
2023-09-25,P002,S04,47,56400.0,0,0
2023-09-25,P002,S05,81,91275.36,1,0
2023-09-25,P002,S06,58,69600.0,0,0
2023-09-25,P003,S01,289,101150.0,0,0
2023-09-25,P003,S02,510,164760.25,1,0
2023-09-25,P003,S03,251,87850.0,0,0
2023-09-25,P003,S04,198,69300.0,0,0
2023-09-25,P003,S05,273,95550.0,0,0
2023-09-25,P003,S06,233,81550.0,0,0
2023-09-25,P004,S01,22,132633.63,1,0
2023-09-25,P004,S02,20,126128.76,1,0
2023-09-25,P004,S03,10,85000.0,0,0
2023-09-25,P004,S04,10,85000.0,0,0
2023-09-25,P004,S05,12,102000.0,0,0
2023-09-25,P004,S06,9,76500.0,0,0
2023-09-25,P005,S01,95,198037.29,1,0
2023-09-25,P005,S02,47,103400.0,0,0
2023-09-25,P005,S03,45,99000.0,0,0
2023-09-25,P005,S04,43,94600.0,0,0
2023-09-25,P005,S05,40,88000.0,0,0
2023-09-25,P005,S06,64,117764.43,1,0
2023-09-26,P001,S01,31,139500.0,0,0
2023-09-26,P001,S02,33,148500.0,0,0
2023-09-26,P001,S03,33,148500.0,0,0
2023-09-26,P001,S04,27,121500.0,0,0
2023-09-26,P001,S05,22,99000.0,0,0
2023-09-26,P001,S06,22,99000.0,0,0
2023-09-26,P002,S01,113,96724.41,1,0
2023-09-26,P002,S02,108,98811.63,1,0
2023-09-26,P002,S03,65,78000.0,0,0
2023-09-26,P002,S04,70,84000.0,0,0
2023-09-26,P002,S05,64,76800.0,0,0
2023-09-26,P002,S06,53,63600.0,0,0
2023-09-26,P003,S01,313,109550.0,0,0
2023-09-26,P003,S02,336,117600.0,0,0
2023-09-26,P003,S03,457,114599.25,1,0
2023-09-26,P003,S04,222,77700.0,0,0
2023-09-26,P003,S05,234,81900.0,0,0
2023-09-26,P003,S06,189,66150.0,0,0
2023-09-26,P004,S01,14,119000.0,0,0
2023-09-26,P004,S02,16,136000.0,0,0
2023-09-26,P004,S03,12,102000.0,0,0
2023-09-26,P004,S04,11,93500.0,0,0
2023-09-26,P004,S05,16,101726.29,1,0
2023-09-26,P004,S06,9,76500.0,0,0
2023-09-26,P005,S01,80,139264.55,1,0
2023-09-26,P005,S02,45,99000.0,0,0
2023-09-26,P005,S03,75,135198.12,1,0
2023-09-26,P005,S04,40,88000.0,0,0
2023-09-26,P005,S05,42,92400.0,0,0
2023-09-26,P005,S06,59,110390.43,1,0
2023-09-27,P001,S01,28,126000.0,0,0
2023-09-27,P001,S02,26,117000.0,0,0
2023-09-27,P001,S03,29,130500.0,0,0
2023-09-27,P001,S04,24,108000.0,0,0
2023-09-27,P001,S05,24,108000.0,0,0
2023-09-27,P001,S06,23,103500.0,0,0
2023-09-27,P002,S01,88,105600.0,0,0
2023-09-27,P002,S02,71,85200.0,0,0
2023-09-27,P002,S03,72,86400.0,0,0
2023-09-27,P002,S04,51,61200.0,0,0
2023-09-27,P002,S05,96,83331.01,1,0
2023-09-27,P002,S06,43,51600.0,0,0
2023-09-27,P003,S01,314,109900.0,0,0
2023-09-27,P003,S02,295,103250.0,0,0
2023-09-27,P003,S03,234,81900.0,0,0
2023-09-27,P003,S04,279,97650.0,0,0
2023-09-27,P003,S05,229,80150.0,0,0
2023-09-27,P003,S06,185,64750.0,0,0
2023-09-27,P004,S01,13,110500.0,0,0
2023-09-27,P004,S02,11,93500.0,0,0
2023-09-27,P004,S03,11,93500.0,0,0
2023-09-27,P004,S04,10,85000.0,0,0
2023-09-27,P004,S05,11,93500.0,0,0
2023-09-27,P004,S06,9,76500.0,0,0
2023-09-27,P005,S01,51,112200.0,0,0
2023-09-27,P005,S02,52,114400.0,0,0
2023-09-27,P005,S03,42,92400.0,0,0
2023-09-27,P005,S04,44,96800.0,0,0
2023-09-27,P005,S05,45,99000.0,0,0
2023-09-27,P005,S06,37,81400.0,0,0
2023-09-28,P001,S01,46,158905.17,1,0
2023-09-28,P001,S02,28,126000.0,0,0
2023-09-28,P001,S03,23,103500.0,0,0
2023-09-28,P001,S04,26,117000.0,0,0
2023-09-28,P001,S05,24,108000.0,0,0
2023-09-28,P001,S06,22,99000.0,0,0
2023-09-28,P002,S01,75,90000.0,0,0
2023-09-28,P002,S02,61,73200.0,0,0
2023-09-28,P002,S03,68,81600.0,0,0
2023-09-28,P002,S04,61,73200.0,0,0
2023-09-28,P002,S05,107,94123.18,1,0
2023-09-28,P002,S06,55,66000.0,0,0
2023-09-28,P003,S01,274,95900.0,0,0
2023-09-28,P003,S02,276,96600.0,0,0
2023-09-28,P003,S03,272,95200.0,0,0
2023-09-28,P003,S04,258,90300.0,0,0
2023-09-28,P003,S05,404,105268.15,1,0
2023-09-28,P003,S06,400,124511.84,1,0
2023-09-28,P004,S01,12,102000.0,0,0
2023-09-28,P004,S02,13,110500.0,0,0
2023-09-28,P004,S03,11,93500.0,0,0
2023-09-28,P004,S04,11,93500.0,0,0
2023-09-28,P004,S05,20,160090.84,1,0
2023-09-28,P004,S06,9,76500.0,0,0
2023-09-28,P005,S01,52,114400.0,0,0
2023-09-28,P005,S02,51,112200.0,0,0
2023-09-28,P005,S03,37,81400.0,0,0
2023-09-28,P005,S04,30,66000.0,0,0
2023-09-28,P005,S05,66,124751.73,1,0
2023-09-28,P005,S06,38,83600.0,0,0
2023-09-29,P001,S01,31,139500.0,0,0
2023-09-29,P001,S02,22,99000.0,0,0
2023-09-29,P001,S03,49,182183.25,1,0
2023-09-29,P001,S04,25,112500.0,0,0
2023-09-29,P001,S05,31,104226.16,1,0
2023-09-29,P001,S06,18,81000.0,0,0
2023-09-29,P002,S01,64,76800.0,0,0
2023-09-29,P002,S02,72,86400.0,0,0
2023-09-29,P002,S03,67,80400.0,0,0
2023-09-29,P002,S04,49,58800.0,0,0
2023-09-29,P002,S05,97,106195.35,1,0
2023-09-29,P002,S06,57,68400.0,0,0
2023-09-29,P003,S01,368,128800.0,0,0
2023-09-29,P003,S02,305,106750.0,0,0
2023-09-29,P003,S03,260,91000.0,0,0
2023-09-29,P003,S04,216,75600.0,0,0
2023-09-29,P003,S05,260,91000.0,0,0
2023-09-29,P003,S06,209,73150.0,0,0
2023-09-29,P004,S01,12,102000.0,0,0
2023-09-29,P004,S02,11,93500.0,0,0
2023-09-29,P004,S03,10,85000.0,0,0
2023-09-29,P004,S04,10,85000.0,0,0
2023-09-29,P004,S05,12,102000.0,0,0
2023-09-29,P004,S06,10,85000.0,0,0
2023-09-29,P005,S01,82,143124.97,1,0
2023-09-29,P005,S02,42,92400.0,0,0
2023-09-29,P005,S03,52,114400.0,0,0
2023-09-29,P005,S04,49,107800.0,0,0
2023-09-29,P005,S05,64,98745.92,1,0
2023-09-29,P005,S06,58,118009.53,1,0
2023-09-30,P001,S01,42,189000.0,0,0
2023-09-30,P001,S02,23,103500.0,0,0
2023-09-30,P001,S03,31,139500.0,0,0
2023-09-30,P001,S04,31,139500.0,0,0
2023-09-30,P001,S05,30,135000.0,0,0
2023-09-30,P001,S06,37,135170.29,1,0
2023-09-30,P002,S01,74,88800.0,0,0
2023-09-30,P002,S02,81,97200.0,0,0
2023-09-30,P002,S03,146,142921.49,1,0
2023-09-30,P002,S04,67,80400.0,0,0
2023-09-30,P002,S05,109,101891.51,1,0
2023-09-30,P002,S06,105,95555.09,1,0
2023-09-30,P003,S01,328,114800.0,0,0
2023-09-30,P003,S02,343,120050.0,0,0
2023-09-30,P003,S03,340,119000.0,0,0
2023-09-30,P003,S04,265,92750.0,0,0
2023-09-30,P003,S05,306,107100.0,0,0
2023-09-30,P003,S06,260,91000.0,0,0
2023-09-30,P004,S01,17,144500.0,0,0
2023-09-30,P004,S02,24,187880.84,1,0
2023-09-30,P004,S03,12,102000.0,0,0
2023-09-30,P004,S04,12,102000.0,0,0
2023-09-30,P004,S05,18,113974.1,1,0
2023-09-30,P004,S06,18,124547.5,1,0
2023-09-30,P005,S01,93,189408.45,1,0
2023-09-30,P005,S02,61,134200.0,0,0
2023-09-30,P005,S03,49,107800.0,0,0
2023-09-30,P005,S04,67,136526.39,1,0
2023-09-30,P005,S05,78,128654.42,1,0
2023-09-30,P005,S06,59,96827.9,1,0
2023-10-01,P001,S01,56,187628.96,1,0
2023-10-01,P001,S02,27,121500.0,0,0
2023-10-01,P001,S03,44,183907.86,1,0
2023-10-01,P001,S04,18,81000.0,0,0
2023-10-01,P001,S05,22,99000.0,0,0
2023-10-01,P001,S06,20,90000.0,0,0
2023-10-01,P002,S01,102,93187.66,1,0
2023-10-01,P002,S02,71,85200.0,0,0
2023-10-01,P002,S03,64,76800.0,0,0
2023-10-01,P002,S04,57,68400.0,0,0
2023-10-01,P002,S05,63,75600.0,0,0
2023-10-01,P002,S06,52,62400.0,0,0
2023-10-01,P003,S01,272,95200.0,0,0
2023-10-01,P003,S02,305,106750.0,0,0
2023-10-01,P003,S03,325,80670.66,1,0
2023-10-01,P003,S04,207,72450.0,0,0
2023-10-01,P003,S05,327,81467.17,1,0
2023-10-01,P003,S06,374,119053.09,1,0
2023-10-01,P004,S01,19,113223.1,1,0
2023-10-01,P004,S02,13,110500.0,0,0
2023-10-01,P004,S03,12,102000.0,0,0
2023-10-01,P004,S04,16,97355.66,1,0
2023-10-01,P004,S05,14,106450.41,1,0
2023-10-01,P004,S06,10,85000.0,0,0
2023-10-01,P005,S01,46,101200.0,0,0
2023-10-01,P005,S02,44,96800.0,0,0
2023-10-01,P005,S03,40,88000.0,0,0
2023-10-01,P005,S04,27,59400.0,0,0
2023-10-01,P005,S05,61,97283.83,1,0
2023-10-01,P005,S06,48,81988.66,1,0
2023-10-02,P001,S01,56,179591.35,1,1
2023-10-02,P001,S02,32,144000.0,0,1
2023-10-02,P001,S03,49,207357.55,1,1
2023-10-02,P001,S04,34,153000.0,0,1
2023-10-02,P001,S05,33,148500.0,0,1
2023-10-02,P001,S06,31,139500.0,0,1
2023-10-02,P002,S01,100,120000.0,0,1
2023-10-02,P002,S02,80,96000.0,0,1
2023-10-02,P002,S03,115,103859.33,1,1
2023-10-02,P002,S04,57,68400.0,0,1
2023-10-02,P002,S05,71,85200.0,0,1
2023-10-02,P002,S06,58,69600.0,0,1
2023-10-02,P003,S01,364,127400.0,0,1
2023-10-02,P003,S02,647,163999.19,1,1
2023-10-02,P003,S03,319,111650.0,0,1
2023-10-02,P003,S04,237,82950.0,0,1
2023-10-02,P003,S05,452,127487.41,1,1
2023-10-02,P003,S06,446,135838.04,1,1
2023-10-02,P004,S01,15,127500.0,0,1
2023-10-02,P004,S02,18,153000.0,0,1
2023-10-02,P004,S03,14,119000.0,0,1
2023-10-02,P004,S04,15,111875.22,1,1
2023-10-02,P004,S05,19,153335.63,1,1
2023-10-02,P004,S06,14,104351.88,1,1
2023-10-02,P005,S01,51,112200.0,0,1
2023-10-02,P005,S02,100,154165.34,1,1
2023-10-02,P005,S03,56,123200.0,0,1
2023-10-02,P005,S04,88,162993.03,1,1
2023-10-02,P005,S05,48,105600.0,0,1
2023-10-02,P005,S06,45,99000.0,0,1
2023-10-03,P001,S01,29,130500.0,0,0
2023-10-03,P001,S02,22,99000.0,0,0
2023-10-03,P001,S03,19,85500.0,0,0
2023-10-03,P001,S04,20,90000.0,0,0
2023-10-03,P001,S05,30,121696.02,1,0
2023-10-03,P001,S06,29,112038.16,1,0
2023-10-03,P002,S01,72,71369.62,1,0
2023-10-03,P002,S02,54,64800.0,0,0
2023-10-03,P002,S03,45,54000.0,0,0
2023-10-03,P002,S04,49,58800.0,0,0
2023-10-03,P002,S05,56,67200.0,0,0
2023-10-03,P002,S06,50,60000.0,0,0
2023-10-03,P003,S01,239,83650.0,0,0
2023-10-03,P003,S02,234,81900.0,0,0
2023-10-03,P003,S03,202,70700.0,0,0
2023-10-03,P003,S04,178,62300.0,0,0
2023-10-03,P003,S05,183,64050.0,0,0
2023-10-03,P003,S06,153,53550.0,0,0
2023-10-03,P004,S01,11,93500.0,0,0
2023-10-03,P004,S02,10,85000.0,0,0
2023-10-03,P004,S03,12,102000.0,0,0
2023-10-03,P004,S04,7,59500.0,0,0
2023-10-03,P004,S05,11,93500.0,0,0
2023-10-03,P004,S06,7,59500.0,0,0
2023-10-03,P005,S01,34,74800.0,0,0
2023-10-03,P005,S02,54,92775.08,1,0
2023-10-03,P005,S03,39,85800.0,0,0
2023-10-03,P005,S04,34,74800.0,0,0
2023-10-03,P005,S05,27,59400.0,0,0
2023-10-03,P005,S06,30,66000.0,0,0
2023-10-04,P001,S01,22,99000.0,0,0
2023-10-04,P001,S02,28,126000.0,0,0
2023-10-04,P001,S03,23,103500.0,0,0
2023-10-04,P001,S04,21,94500.0,0,0
2023-10-04,P001,S05,23,103500.0,0,0
2023-10-04,P001,S06,17,76500.0,0,0
2023-10-04,P002,S01,98,94399.3,1,0
2023-10-04,P002,S02,53,63600.0,0,0
2023-10-04,P002,S03,51,61200.0,0,0
2023-10-04,P002,S04,57,68400.0,0,0
2023-10-04,P002,S05,51,61200.0,0,0
2023-10-04,P002,S06,68,68710.33,1,0
2023-10-04,P003,S01,213,74550.0,0,0
2023-10-04,P003,S02,232,81200.0,0,0
2023-10-04,P003,S03,225,78750.0,0,0
2023-10-04,P003,S04,315,83720.88,1,0
2023-10-04,P003,S05,223,78050.0,0,0
2023-10-04,P003,S06,296,95467.1,1,0
2023-10-04,P004,S01,11,93500.0,0,0
2023-10-04,P004,S02,9,76500.0,0,0
2023-10-04,P004,S03,9,76500.0,0,0
2023-10-04,P004,S04,8,68000.0,0,0
2023-10-04,P004,S05,9,76500.0,0,0
2023-10-04,P004,S06,7,59500.0,0,0
2023-10-04,P005,S01,55,112999.34,1,0
2023-10-04,P005,S02,47,103400.0,0,0
2023-10-04,P005,S03,46,101200.0,0,0
2023-10-04,P005,S04,27,59400.0,0,0
2023-10-04,P005,S05,34,74800.0,0,0
2023-10-04,P005,S06,36,64627.3,1,0
2023-10-05,P001,S01,24,108000.0,0,0
2023-10-05,P001,S02,17,76500.0,0,0
2023-10-05,P001,S03,25,112500.0,0,0
2023-10-05,P001,S04,18,81000.0,0,0
2023-10-05,P001,S05,32,128656.13,1,0
2023-10-05,P001,S06,21,94500.0,0,0
2023-10-05,P002,S01,57,68400.0,0,0
2023-10-05,P002,S02,70,84000.0,0,0
2023-10-05,P002,S03,52,62400.0,0,0
2023-10-05,P002,S04,48,57600.0,0,0
2023-10-05,P002,S05,52,62400.0,0,0
2023-10-05,P002,S06,42,50400.0,0,0
2023-10-05,P003,S01,243,85050.0,0,0
2023-10-05,P003,S02,177,61950.0,0,0
2023-10-05,P003,S03,219,76650.0,0,0
2023-10-05,P003,S04,187,65450.0,0,0
2023-10-05,P003,S05,354,93594.9,1,0
2023-10-05,P003,S06,307,101086.7,1,0
2023-10-05,P004,S01,13,110500.0,0,0
2023-10-05,P004,S02,11,93500.0,0,0
2023-10-05,P004,S03,10,85000.0,0,0
2023-10-05,P004,S04,8,68000.0,0,0
2023-10-05,P004,S05,9,76500.0,0,0
2023-10-05,P004,S06,8,68000.0,0,0
2023-10-05,P005,S01,49,107800.0,0,0
2023-10-05,P005,S02,40,88000.0,0,0
2023-10-05,P005,S03,36,79200.0,0,0
2023-10-05,P005,S04,36,79200.0,0,0
2023-10-05,P005,S05,31,68200.0,0,0
2023-10-05,P005,S06,31,68200.0,0,0
2023-10-06,P001,S01,24,108000.0,0,0
2023-10-06,P001,S02,38,121520.29,1,0
2023-10-06,P001,S03,26,117000.0,0,0
2023-10-06,P001,S04,21,94500.0,0,0
2023-10-06,P001,S05,49,155649.31,1,0
2023-10-06,P001,S06,24,88702.83,1,0
2023-10-06,P002,S01,78,93600.0,0,0
2023-10-06,P002,S02,45,54000.0,0,0
2023-10-06,P002,S03,60,72000.0,0,0
2023-10-06,P002,S04,52,62400.0,0,0
2023-10-06,P002,S05,86,81852.54,1,0
2023-10-06,P002,S06,49,58800.0,0,0
2023-10-06,P003,S01,317,86168.82,1,0
2023-10-06,P003,S02,236,82600.0,0,0
2023-10-06,P003,S03,254,88900.0,0,0
2023-10-06,P003,S04,247,86450.0,0,0
2023-10-06,P003,S05,225,78750.0,0,0
2023-10-06,P003,S06,179,62650.0,0,0
2023-10-06,P004,S01,10,85000.0,0,0
2023-10-06,P004,S02,11,93500.0,0,0
2023-10-06,P004,S03,10,85000.0,0,0
2023-10-06,P004,S04,8,68000.0,0,0
2023-10-06,P004,S05,10,85000.0,0,0
2023-10-06,P004,S06,8,68000.0,0,0
2023-10-06,P005,S01,41,90200.0,0,0
2023-10-06,P005,S02,43,94600.0,0,0
2023-10-06,P005,S03,33,72600.0,0,0
2023-10-06,P005,S04,35,77000.0,0,0
2023-10-06,P005,S05,34,74800.0,0,0
2023-10-06,P005,S06,34,74800.0,0,0
2023-10-07,P001,S01,47,166161.83,1,0
2023-10-07,P001,S02,37,136301.01,1,0
2023-10-07,P001,S03,24,108000.0,0,0
2023-10-07,P001,S04,21,94500.0,0,0
2023-10-07,P001,S05,44,179742.98,1,0
2023-10-07,P001,S06,19,85500.0,0,0
2023-10-07,P002,S01,70,84000.0,0,0
2023-10-07,P002,S02,71,85200.0,0,0
2023-10-07,P002,S03,55,66000.0,0,0
2023-10-07,P002,S04,97,87103.62,1,0
2023-10-07,P002,S05,60,72000.0,0,0
2023-10-07,P002,S06,85,88028.57,1,0
2023-10-07,P003,S01,268,93800.0,0,0
2023-10-07,P003,S02,251,87850.0,0,0
2023-10-07,P003,S03,233,81550.0,0,0
2023-10-07,P003,S04,391,106362.75,1,0
2023-10-07,P003,S05,236,82600.0,0,0
2023-10-07,P003,S06,206,72100.0,0,0
2023-10-07,P004,S01,16,136000.0,0,0
2023-10-07,P004,S02,20,132706.47,1,0
2023-10-07,P004,S03,13,110500.0,0,0
2023-10-07,P004,S04,9,76500.0,0,0
2023-10-07,P004,S05,11,93500.0,0,0
2023-10-07,P004,S06,9,76500.0,0,0
2023-10-07,P005,S01,89,167305.83,1,0
2023-10-07,P005,S02,46,101200.0,0,0
2023-10-07,P005,S03,52,114400.0,0,0
2023-10-07,P005,S04,38,83600.0,0,0
2023-10-07,P005,S05,37,81400.0,0,0
2023-10-07,P005,S06,52,98151.43,1,0
2023-10-08,P001,S01,29,130500.0,0,0
2023-10-08,P001,S02,47,168866.4,1,0
2023-10-08,P001,S03,26,117000.0,0,0
2023-10-08,P001,S04,20,90000.0,0,0
2023-10-08,P001,S05,20,90000.0,0,0
2023-10-08,P001,S06,34,124255.16,1,0
2023-10-08,P002,S01,64,76800.0,0,0
2023-10-08,P002,S02,78,87795.01,1,0
2023-10-08,P002,S03,55,66000.0,0,0
2023-10-08,P002,S04,66,79200.0,0,0
2023-10-08,P002,S05,103,95772.19,1,0
2023-10-08,P002,S06,49,58800.0,0,0
2023-10-08,P003,S01,297,103950.0,0,0
2023-10-08,P003,S02,447,134215.65,1,0
2023-10-08,P003,S03,410,101978.25,1,0
2023-10-08,P003,S04,225,78750.0,0,0
2023-10-08,P003,S05,277,96950.0,0,0
2023-10-08,P003,S06,224,78400.0,0,0
2023-10-08,P004,S01,18,112933.98,1,0
2023-10-08,P004,S02,18,139300.72,1,0
2023-10-08,P004,S03,10,85000.0,0,0
2023-10-08,P004,S04,12,78098.97,1,0
2023-10-08,P004,S05,10,85000.0,0,0
2023-10-08,P004,S06,13,84384.05,1,0
2023-10-08,P005,S01,57,125400.0,0,0
2023-10-08,P005,S02,55,85844.3,1,0
2023-10-08,P005,S03,67,109359.02,1,0
2023-10-08,P005,S04,62,111716.86,1,0
2023-10-08,P005,S05,61,110682.03,1,0
2023-10-08,P005,S06,32,70400.0,0,0
2023-10-09,P001,S01,28,126000.0,0,0
2023-10-09,P001,S02,41,144758.07,1,0
2023-10-09,P001,S03,20,90000.0,0,0
2023-10-09,P001,S04,18,81000.0,0,0
2023-10-09,P001,S05,19,85500.0,0,0
2023-10-09,P001,S06,16,72000.0,0,0
2023-10-09,P002,S01,63,75600.0,0,0
2023-10-09,P002,S02,85,74300.83,1,0
2023-10-09,P002,S03,64,76800.0,0,0
2023-10-09,P002,S04,53,63600.0,0,0
2023-10-09,P002,S05,69,69615.04,1,0
2023-10-09,P002,S06,74,76036.52,1,0
2023-10-09,P003,S01,287,100450.0,0,0
2023-10-09,P003,S02,264,92400.0,0,0
2023-10-09,P003,S03,244,85400.0,0,0
2023-10-09,P003,S04,213,74550.0,0,0
2023-10-09,P003,S05,411,112111.53,1,0
2023-10-09,P003,S06,181,63350.0,0,0
2023-10-09,P004,S01,10,85000.0,0,0
2023-10-09,P004,S02,11,93500.0,0,0
2023-10-09,P004,S03,9,76500.0,0,0
2023-10-09,P004,S04,8,68000.0,0,0
2023-10-09,P004,S05,9,76500.0,0,0
2023-10-09,P004,S06,8,68000.0,0,0
2023-10-09,P005,S01,44,96800.0,0,0
2023-10-09,P005,S02,42,92400.0,0,0
2023-10-09,P005,S03,51,86415.06,1,0
2023-10-09,P005,S04,29,63800.0,0,0
2023-10-09,P005,S05,33,72600.0,0,0
2023-10-09,P005,S06,40,65566.87,1,0
2023-10-10,P001,S01,26,117000.0,0,0
2023-10-10,P001,S02,21,94500.0,0,0
2023-10-10,P001,S03,21,94500.0,0,0
2023-10-10,P001,S04,22,99000.0,0,0
2023-10-10,P001,S05,34,119484.35,1,0
2023-10-10,P001,S06,18,81000.0,0,0
2023-10-10,P002,S01,102,96702.77,1,0
2023-10-10,P002,S02,56,67200.0,0,0
2023-10-10,P002,S03,70,78948.16,1,0
2023-10-10,P002,S04,51,61200.0,0,0
2023-10-10,P002,S05,55,66000.0,0,0
2023-10-10,P002,S06,82,72572.38,1,0
2023-10-10,P003,S01,255,89250.0,0,0
2023-10-10,P003,S02,401,115685.35,1,0
2023-10-10,P003,S03,300,77879.2,1,0
2023-10-10,P003,S04,220,77000.0,0,0
2023-10-10,P003,S05,208,72800.0,0,0
2023-10-10,P003,S06,185,64750.0,0,0
2023-10-10,P004,S01,13,110500.0,0,0
2023-10-10,P004,S02,13,110500.0,0,0
2023-10-10,P004,S03,10,85000.0,0,0
2023-10-10,P004,S04,17,110540.69,1,0
2023-10-10,P004,S05,10,85000.0,0,0
2023-10-10,P004,S06,8,68000.0,0,0
2023-10-10,P005,S01,66,128638.43,1,0
2023-10-10,P005,S02,49,107800.0,0,0
2023-10-10,P005,S03,53,100852.75,1,0
2023-10-10,P005,S04,34,74800.0,0,0
2023-10-10,P005,S05,30,66000.0,0,0
2023-10-10,P005,S06,29,63800.0,0,0
2023-10-11,P001,S01,32,144000.0,0,0
2023-10-11,P001,S02,25,112500.0,0,0
2023-10-11,P001,S03,26,117000.0,0,0
2023-10-11,P001,S04,33,130454.31,1,0
2023-10-11,P001,S05,20,90000.0,0,0
2023-10-11,P001,S06,17,76500.0,0,0
2023-10-11,P002,S01,69,82800.0,0,0
2023-10-11,P002,S02,64,76800.0,0,0
2023-10-11,P002,S03,60,72000.0,0,0
2023-10-11,P002,S04,45,54000.0,0,0
2023-10-11,P002,S05,54,64800.0,0,0
2023-10-11,P002,S06,47,56400.0,0,0
2023-10-11,P003,S01,278,97300.0,0,0
2023-10-11,P003,S02,405,119606.74,1,0
2023-10-11,P003,S03,259,90650.0,0,0
2023-10-11,P003,S04,180,63000.0,0,0
2023-10-11,P003,S05,220,77000.0,0,0
2023-10-11,P003,S06,185,64750.0,0,0
2023-10-11,P004,S01,9,76500.0,0,0
2023-10-11,P004,S02,12,102000.0,0,0
2023-10-11,P004,S03,17,134610.11,1,0
2023-10-11,P004,S04,8,68000.0,0,0
2023-10-11,P004,S05,8,68000.0,0,0
2023-10-11,P004,S06,6,51000.0,0,0
2023-10-11,P005,S01,68,136220.96,1,0
2023-10-11,P005,S02,62,106385.47,1,0
2023-10-11,P005,S03,37,81400.0,0,0
2023-10-11,P005,S04,38,75292.79,1,0
2023-10-11,P005,S05,31,68200.0,0,0
2023-10-11,P005,S06,29,63800.0,0,0
2023-10-12,P001,S01,29,130500.0,0,0
2023-10-12,P001,S02,21,94500.0,0,0
2023-10-12,P001,S03,22,99000.0,0,0
2023-10-12,P001,S04,17,76500.0,0,0
2023-10-12,P001,S05,28,93798.21,1,0
2023-10-12,P001,S06,18,81000.0,0,0
2023-10-12,P002,S01,59,66801.17,1,0
2023-10-12,P002,S02,93,79777.29,1,0
2023-10-12,P002,S03,51,61200.0,0,0
2023-10-12,P002,S04,85,71845.44,1,0
2023-10-12,P002,S05,57,68400.0,0,0
2023-10-12,P002,S06,29,34800.0,0,0
2023-10-12,P003,S01,236,82600.0,0,0
2023-10-12,P003,S02,253,88550.0,0,0
2023-10-12,P003,S03,193,67550.0,0,0
2023-10-12,P003,S04,187,65450.0,0,0
2023-10-12,P003,S05,177,61950.0,0,0
2023-10-12,P003,S06,165,57750.0,0,0
2023-10-12,P004,S01,12,102000.0,0,0
2023-10-12,P004,S02,12,102000.0,0,0
2023-10-12,P004,S03,8,68000.0,0,0
2023-10-12,P004,S04,8,68000.0,0,0
2023-10-12,P004,S05,9,76500.0,0,0
2023-10-12,P004,S06,8,68000.0,0,0
2023-10-12,P005,S01,50,88309.28,1,0
2023-10-12,P005,S02,39,85800.0,0,0
2023-10-12,P005,S03,37,81400.0,0,0
2023-10-12,P005,S04,52,104675.12,1,0
2023-10-12,P005,S05,34,74800.0,0,0
2023-10-12,P005,S06,58,100322.06,1,0
2023-10-13,P001,S01,23,103500.0,0,0
2023-10-13,P001,S02,32,115861.68,1,0
2023-10-13,P001,S03,38,154650.75,1,0
2023-10-13,P001,S04,38,132192.86,1,0
2023-10-13,P001,S05,35,128058.89,1,0
2023-10-13,P001,S06,22,99000.0,0,0
2023-10-13,P002,S01,92,99681.42,1,0
2023-10-13,P002,S02,71,85200.0,0,0
2023-10-13,P002,S03,53,63600.0,0,0
2023-10-13,P002,S04,55,66000.0,0,0
2023-10-13,P002,S05,65,78000.0,0,0
2023-10-13,P002,S06,44,52800.0,0,0
2023-10-13,P003,S01,291,101850.0,0,0
2023-10-13,P003,S02,351,91166.85,1,0
2023-10-13,P003,S03,211,73850.0,0,0
2023-10-13,P003,S04,172,60200.0,0,0
2023-10-13,P003,S05,193,67550.0,0,0
2023-10-13,P003,S06,170,59500.0,0,0
2023-10-13,P004,S01,14,119000.0,0,0
2023-10-13,P004,S02,11,93500.0,0,0
2023-10-13,P004,S03,8,68000.0,0,0
2023-10-13,P004,S04,17,126022.11,1,0
2023-10-13,P004,S05,10,85000.0,0,0
2023-10-13,P004,S06,11,69971.71,1,0
2023-10-13,P005,S01,46,101200.0,0,0
2023-10-13,P005,S02,46,101200.0,0,0
2023-10-13,P005,S03,57,87901.84,1,0
2023-10-13,P005,S04,52,91102.43,1,0
2023-10-13,P005,S05,56,107886.61,1,0
2023-10-13,P005,S06,32,70400.0,0,0
2023-10-14,P001,S01,26,117000.0,0,0
2023-10-14,P001,S02,21,94500.0,0,0
2023-10-14,P001,S03,42,157831.3,1,0
2023-10-14,P001,S04,31,131115.62,1,0
2023-10-14,P001,S05,25,112500.0,0,0
2023-10-14,P001,S06,31,117018.23,1,0
2023-10-14,P002,S01,147,141577.26,1,0
2023-10-14,P002,S02,60,72000.0,0,0
2023-10-14,P002,S03,54,64800.0,0,0
2023-10-14,P002,S04,51,61200.0,0,0
2023-10-14,P002,S05,75,74988.84,1,0
2023-10-14,P002,S06,46,55200.0,0,0
2023-10-14,P003,S01,402,109017.85,1,0
2023-10-14,P003,S02,216,75600.0,0,0
2023-10-14,P003,S03,246,86100.0,0,0
2023-10-14,P003,S04,253,88550.0,0,0
2023-10-14,P003,S05,225,78750.0,0,0
2023-10-14,P003,S06,341,106652.19,1,0
2023-10-14,P004,S01,13,110500.0,0,0
2023-10-14,P004,S02,13,110500.0,0,0
2023-10-14,P004,S03,11,93500.0,0,0
2023-10-14,P004,S04,11,93500.0,0,0
2023-10-14,P004,S05,17,123335.42,1,0
2023-10-14,P004,S06,9,76500.0,0,0
2023-10-14,P005,S01,47,103400.0,0,0
2023-10-14,P005,S02,56,123200.0,0,0
2023-10-14,P005,S03,34,74800.0,0,0
2023-10-14,P005,S04,39,85800.0,0,0
2023-10-14,P005,S05,45,99000.0,0,0
2023-10-14,P005,S06,61,104169.08,1,0
2023-10-15,P001,S01,51,165066.03,1,0
2023-10-15,P001,S02,26,117000.0,0,0
2023-10-15,P001,S03,46,167966.18,1,0
2023-10-15,P001,S04,31,99622.4,1,0
2023-10-15,P001,S05,28,126000.0,0,0
2023-10-15,P001,S06,20,90000.0,0,0
2023-10-15,P002,S01,78,93600.0,0,0
2023-10-15,P002,S02,85,102000.0,0,0
2023-10-15,P002,S03,62,74400.0,0,0
2023-10-15,P002,S04,61,73200.0,0,0
2023-10-15,P002,S05,62,74400.0,0,0
2023-10-15,P002,S06,68,81600.0,0,0
2023-10-15,P003,S01,418,111867.39,1,0
2023-10-15,P003,S02,450,138823.88,1,0
2023-10-15,P003,S03,277,82035.27,1,0
2023-10-15,P003,S04,210,73500.0,0,0
2023-10-15,P003,S05,227,79450.0,0,0
2023-10-15,P003,S06,184,64400.0,0,0
2023-10-15,P004,S01,12,102000.0,0,0
2023-10-15,P004,S02,14,119000.0,0,0
2023-10-15,P004,S03,12,102000.0,0,0
2023-10-15,P004,S04,12,102000.0,0,0
2023-10-15,P004,S05,18,108773.6,1,0
2023-10-15,P004,S06,9,76500.0,0,0
2023-10-15,P005,S01,52,114400.0,0,0
2023-10-15,P005,S02,75,147215.64,1,0
2023-10-15,P005,S03,63,127934.19,1,0
2023-10-15,P005,S04,36,79200.0,0,0
2023-10-15,P005,S05,72,129282.72,1,0
2023-10-15,P005,S06,37,81400.0,0,0
2023-10-16,P001,S01,28,126000.0,0,0
2023-10-16,P001,S02,28,126000.0,0,0
2023-10-16,P001,S03,22,99000.0,0,0
2023-10-16,P001,S04,22,99000.0,0,0
2023-10-16,P001,S05,19,85500.0,0,0
2023-10-16,P001,S06,19,85500.0,0,0
2023-10-16,P002,S01,55,66000.0,0,0
2023-10-16,P002,S02,55,66000.0,0,0
2023-10-16,P002,S03,55,66000.0,0,0
2023-10-16,P002,S04,47,56400.0,0,0
2023-10-16,P002,S05,74,62355.9,1,0
2023-10-16,P002,S06,49,58800.0,0,0
2023-10-16,P003,S01,305,106750.0,0,0
2023-10-16,P003,S02,332,116200.0,0,0
2023-10-16,P003,S03,340,106933.21,1,0
2023-10-16,P003,S04,290,78737.26,1,0
2023-10-16,P003,S05,218,76300.0,0,0
2023-10-16,P003,S06,180,63000.0,0,0
2023-10-16,P004,S01,17,104822.77,1,0
2023-10-16,P004,S02,11,93500.0,0,0
2023-10-16,P004,S03,11,66859.14,1,0
2023-10-16,P004,S04,13,83075.35,1,0
2023-10-16,P004,S05,12,102000.0,0,0
2023-10-16,P004,S06,10,63481.91,1,0
2023-10-16,P005,S01,34,74800.0,0,0
2023-10-16,P005,S02,42,92400.0,0,0
2023-10-16,P005,S03,59,97936.35,1,0
2023-10-16,P005,S04,30,66000.0,0,0
2023-10-16,P005,S05,59,117767.2,1,0
2023-10-16,P005,S06,34,74800.0,0,0
2023-10-17,P001,S01,24,108000.0,0,0
2023-10-17,P001,S02,41,143759.58,1,0
2023-10-17,P001,S03,20,90000.0,0,0
2023-10-17,P001,S04,20,90000.0,0,0
2023-10-17,P001,S05,19,85500.0,0,0
2023-10-17,P001,S06,15,67500.0,0,0
2023-10-17,P002,S01,69,82800.0,0,0
2023-10-17,P002,S02,92,97424.93,1,0
2023-10-17,P002,S03,48,57600.0,0,0
2023-10-17,P002,S04,53,63600.0,0,0
2023-10-17,P002,S05,53,63600.0,0,0
2023-10-17,P002,S06,47,56400.0,0,0
2023-10-17,P003,S01,227,79450.0,0,0
2023-10-17,P003,S02,252,88200.0,0,0
2023-10-17,P003,S03,201,70350.0,0,0
2023-10-17,P003,S04,242,84700.0,0,0
2023-10-17,P003,S05,174,60900.0,0,0
2023-10-17,P003,S06,325,101735.73,1,0
2023-10-17,P004,S01,12,102000.0,0,0
2023-10-17,P004,S02,10,85000.0,0,0
2023-10-17,P004,S03,13,91089.86,1,0
2023-10-17,P004,S04,17,130856.68,1,0
2023-10-17,P004,S05,11,93500.0,0,0
2023-10-17,P004,S06,5,42500.0,0,0
2023-10-17,P005,S01,47,103400.0,0,0
2023-10-17,P005,S02,60,104670.01,1,0
2023-10-17,P005,S03,44,96800.0,0,0
2023-10-17,P005,S04,30,66000.0,0,0
2023-10-17,P005,S05,40,88000.0,0,0
2023-10-17,P005,S06,24,52800.0,0,0
2023-10-18,P001,S01,24,108000.0,0,0
2023-10-18,P001,S02,18,81000.0,0,0
2023-10-18,P001,S03,21,94500.0,0,0
2023-10-18,P001,S04,20,90000.0,0,0
2023-10-18,P001,S05,19,85500.0,0,0
2023-10-18,P001,S06,26,107696.5,1,0
2023-10-18,P002,S01,57,68400.0,0,0
2023-10-18,P002,S02,61,73200.0,0,0
2023-10-18,P002,S03,61,73200.0,0,0
2023-10-18,P002,S04,48,57600.0,0,0
2023-10-18,P002,S05,62,68579.95,1,0
2023-10-18,P002,S06,42,50400.0,0,0
2023-10-18,P003,S01,439,126472.58,1,0
2023-10-18,P003,S02,267,93450.0,0,0
2023-10-18,P003,S03,178,62300.0,0,0
2023-10-18,P003,S04,341,94295.09,1,0
2023-10-18,P003,S05,204,71400.0,0,0
2023-10-18,P003,S06,311,83666.74,1,0
2023-10-18,P004,S01,15,117754.26,1,0
2023-10-18,P004,S02,9,76500.0,0,0
2023-10-18,P004,S03,12,102000.0,0,0
2023-10-18,P004,S04,11,93500.0,0,0
2023-10-18,P004,S05,6,51000.0,0,0
2023-10-18,P004,S06,8,68000.0,0,0
2023-10-18,P005,S01,41,90200.0,0,0
2023-10-18,P005,S02,41,90200.0,0,0
2023-10-18,P005,S03,37,81400.0,0,0
2023-10-18,P005,S04,28,61600.0,0,0
2023-10-18,P005,S05,34,74800.0,0,0
2023-10-18,P005,S06,33,72600.0,0,0
2023-10-19,P001,S01,25,112500.0,0,0
2023-10-19,P001,S02,24,108000.0,0,0
2023-10-19,P001,S03,22,99000.0,0,0
2023-10-19,P001,S04,22,99000.0,0,0
2023-10-19,P001,S05,21,94500.0,0,0
2023-10-19,P001,S06,19,85500.0,0,0
2023-10-19,P002,S01,64,76800.0,0,0
2023-10-19,P002,S02,58,69600.0,0,0
2023-10-19,P002,S03,86,86310.07,1,0
2023-10-19,P002,S04,54,64800.0,0,0
2023-10-19,P002,S05,55,66000.0,0,0
2023-10-19,P002,S06,44,52800.0,0,0
2023-10-19,P003,S01,183,64050.0,0,0
2023-10-19,P003,S02,247,86450.0,0,0
2023-10-19,P003,S03,215,75250.0,0,0
2023-10-19,P003,S04,146,51100.0,0,0
2023-10-19,P003,S05,222,77700.0,0,0
2023-10-19,P003,S06,184,64400.0,0,0
2023-10-19,P004,S01,9,76500.0,0,0
2023-10-19,P004,S02,13,110500.0,0,0
2023-10-19,P004,S03,11,93500.0,0,0
2023-10-19,P004,S04,10,85000.0,0,0
2023-10-19,P004,S05,10,85000.0,0,0
2023-10-19,P004,S06,14,102193.41,1,0
2023-10-19,P005,S01,45,99000.0,0,0
2023-10-19,P005,S02,66,132019.91,1,0
2023-10-19,P005,S03,40,88000.0,0,0
2023-10-19,P005,S04,31,68200.0,0,0
2023-10-19,P005,S05,29,63800.0,0,0
2023-10-19,P005,S06,28,61600.0,0,0
2023-10-20,P001,S01,28,126000.0,0,0
2023-10-20,P001,S02,36,128974.33,1,0
2023-10-20,P001,S03,23,103500.0,0,0
2023-10-20,P001,S04,28,119375.95,1,0
2023-10-20,P001,S05,32,115078.06,1,0
2023-10-20,P001,S06,34,140860.33,1,0
2023-10-20,P002,S01,76,91200.0,0,0
2023-10-20,P002,S02,46,55200.0,0,0
2023-10-20,P002,S03,66,79200.0,0,0
2023-10-20,P002,S04,56,67200.0,0,0
2023-10-20,P002,S05,41,49200.0,0,0
2023-10-20,P002,S06,30,36000.0,0,0
2023-10-20,P003,S01,213,74550.0,0,0
2023-10-20,P003,S02,277,96950.0,0,0
2023-10-20,P003,S03,215,75250.0,0,0
2023-10-20,P003,S04,168,58800.0,0,0
2023-10-20,P003,S05,185,64750.0,0,0
2023-10-20,P003,S06,208,72800.0,0,0
2023-10-20,P004,S01,10,85000.0,0,0
2023-10-20,P004,S02,10,85000.0,0,0
2023-10-20,P004,S03,9,76500.0,0,0
2023-10-20,P004,S04,7,59500.0,0,0
2023-10-20,P004,S05,9,76500.0,0,0
2023-10-20,P004,S06,7,59500.0,0,0
2023-10-20,P005,S01,37,81400.0,0,0
2023-10-20,P005,S02,45,99000.0,0,0
2023-10-20,P005,S03,33,72600.0,0,0
2023-10-20,P005,S04,43,94600.0,0,0
2023-10-20,P005,S05,28,61600.0,0,0
2023-10-20,P005,S06,31,68200.0,0,0
2023-10-21,P001,S01,27,121500.0,0,0
2023-10-21,P001,S02,32,144000.0,0,0
2023-10-21,P001,S03,44,179420.3,1,0
2023-10-21,P001,S04,29,130500.0,0,0
2023-10-21,P001,S05,37,122088.25,1,0
2023-10-21,P001,S06,21,94500.0,0,0
2023-10-21,P002,S01,64,76800.0,0,0
2023-10-21,P002,S02,115,128274.84,1,0
2023-10-21,P002,S03,102,108178.92,1,0
2023-10-21,P002,S04,55,66000.0,0,0
2023-10-21,P002,S05,54,64800.0,0,0
2023-10-21,P002,S06,55,66000.0,0,0
2023-10-21,P003,S01,285,99750.0,0,0
2023-10-21,P003,S02,336,117600.0,0,0
2023-10-21,P003,S03,284,99400.0,0,0
2023-10-21,P003,S04,379,101757.78,1,0
2023-10-21,P003,S05,221,77350.0,0,0
2023-10-21,P003,S06,366,92627.53,1,0
2023-10-21,P004,S01,11,93500.0,0,0
2023-10-21,P004,S02,22,160245.06,1,0
2023-10-21,P004,S03,12,102000.0,0,0
2023-10-21,P004,S04,19,142300.24,1,0
2023-10-21,P004,S05,14,101944.87,1,0
2023-10-21,P004,S06,8,68000.0,0,0
2023-10-21,P005,S01,51,112200.0,0,0
2023-10-21,P005,S02,67,123913.64,1,0
2023-10-21,P005,S03,47,103400.0,0,0
2023-10-21,P005,S04,41,90200.0,0,0
2023-10-21,P005,S05,38,83600.0,0,0
2023-10-21,P005,S06,24,52800.0,0,0
2023-10-22,P001,S01,26,117000.0,0,0
2023-10-22,P001,S02,29,130500.0,0,0
2023-10-22,P001,S03,25,112500.0,0,0
2023-10-22,P001,S04,24,108000.0,0,0
2023-10-22,P001,S05,23,103500.0,0,0
2023-10-22,P001,S06,18,81000.0,0,0
2023-10-22,P002,S01,136,132696.84,1,0
2023-10-22,P002,S02,130,144007.82,1,0
2023-10-22,P002,S03,121,110023.67,1,0
2023-10-22,P002,S04,77,65795.13,1,0
2023-10-22,P002,S05,57,68400.0,0,0
2023-10-22,P002,S06,95,90610.69,1,0
2023-10-22,P003,S01,343,120050.0,0,0
2023-10-22,P003,S02,370,107709.64,1,0
2023-10-22,P003,S03,254,88900.0,0,0
2023-10-22,P003,S04,237,82950.0,0,0
2023-10-22,P003,S05,335,87683.7,1,0
2023-10-22,P003,S06,174,60900.0,0,0
2023-10-22,P004,S01,15,127500.0,0,0
2023-10-22,P004,S02,13,110500.0,0,0
2023-10-22,P004,S03,11,93500.0,0,0
2023-10-22,P004,S04,18,132760.45,1,0
2023-10-22,P004,S05,12,102000.0,0,0
2023-10-22,P004,S06,13,99241.93,1,0
2023-10-22,P005,S01,53,116600.0,0,0
2023-10-22,P005,S02,45,99000.0,0,0
2023-10-22,P005,S03,43,94600.0,0,0
2023-10-22,P005,S04,33,72600.0,0,0
2023-10-22,P005,S05,39,85800.0,0,0
2023-10-22,P005,S06,51,106498.88,1,0
2023-10-23,P001,S01,24,108000.0,0,0
2023-10-23,P001,S02,24,108000.0,0,0
2023-10-23,P001,S03,23,103500.0,0,0
2023-10-23,P001,S04,21,94500.0,0,0
2023-10-23,P001,S05,20,90000.0,0,0
2023-10-23,P001,S06,30,124499.89,1,0
2023-10-23,P002,S01,56,67200.0,0,0
2023-10-23,P002,S02,44,52800.0,0,0
2023-10-23,P002,S03,102,113980.96,1,0
2023-10-23,P002,S04,43,51600.0,0,0
2023-10-23,P002,S05,72,61928.02,1,0
2023-10-23,P002,S06,45,54000.0,0,0
2023-10-23,P003,S01,216,75600.0,0,0
2023-10-23,P003,S02,228,79800.0,0,0
2023-10-23,P003,S03,208,72800.0,0,0
2023-10-23,P003,S04,234,81900.0,0,0
2023-10-23,P003,S05,164,57400.0,0,0
2023-10-23,P003,S06,228,79800.0,0,0
2023-10-23,P004,S01,11,93500.0,0,0
2023-10-23,P004,S02,10,85000.0,0,0
2023-10-23,P004,S03,11,93500.0,0,0
2023-10-23,P004,S04,8,68000.0,0,0
2023-10-23,P004,S05,10,85000.0,0,0
2023-10-23,P004,S06,8,68000.0,0,0
2023-10-23,P005,S01,43,94600.0,0,0
2023-10-23,P005,S02,36,79200.0,0,0
2023-10-23,P005,S03,43,94600.0,0,0
2023-10-23,P005,S04,51,98246.47,1,0
2023-10-23,P005,S05,43,94600.0,0,0
2023-10-23,P005,S06,50,100403.63,1,0
2023-10-24,P001,S01,45,202500.0,0,1
2023-10-24,P001,S02,36,162000.0,0,1
2023-10-24,P001,S03,31,139500.0,0,1
2023-10-24,P001,S04,27,121500.0,0,1
2023-10-24,P001,S05,60,191187.79,1,1
2023-10-24,P001,S06,51,209261.23,1,1
2023-10-24,P002,S01,138,142428.58,1,1
2023-10-24,P002,S02,82,98400.0,0,1
2023-10-24,P002,S03,82,98400.0,0,1
2023-10-24,P002,S04,133,127787.3,1,1
2023-10-24,P002,S05,118,109116.47,1,1
2023-10-24,P002,S06,105,106070.29,1,1
2023-10-24,P003,S01,358,125300.0,0,1
2023-10-24,P003,S02,347,121450.0,0,1
2023-10-24,P003,S03,420,147000.0,0,1
2023-10-24,P003,S04,301,105350.0,0,1
2023-10-24,P003,S05,517,143263.69,1,1
2023-10-24,P003,S06,283,99050.0,0,1
2023-10-24,P004,S01,26,157152.75,1,1
2023-10-24,P004,S02,16,136000.0,0,1
2023-10-24,P004,S03,16,136000.0,0,1
2023-10-24,P004,S04,22,158468.92,1,1
2023-10-24,P004,S05,25,158853.65,1,1
2023-10-24,P004,S06,10,85000.0,0,1
2023-10-24,P005,S01,68,149600.0,0,1
2023-10-24,P005,S02,88,170811.14,1,1
2023-10-24,P005,S03,77,153869.85,1,1
2023-10-24,P005,S04,46,101200.0,0,1
2023-10-24,P005,S05,57,125400.0,0,1
2023-10-24,P005,S06,34,74800.0,0,1
2023-10-25,P001,S01,26,117000.0,0,0
2023-10-25,P001,S02,35,138982.18,1,0
2023-10-25,P001,S03,25,112500.0,0,0
2023-10-25,P001,S04,17,76500.0,0,0
2023-10-25,P001,S05,17,76500.0,0,0
2023-10-25,P001,S06,25,112500.0,0,0
2023-10-25,P002,S01,67,80400.0,0,0
2023-10-25,P002,S02,53,63600.0,0,0
2023-10-25,P002,S03,60,72000.0,0,0
2023-10-25,P002,S04,56,67200.0,0,0
2023-10-25,P002,S05,40,48000.0,0,0
2023-10-25,P002,S06,74,66990.27,1,0
2023-10-25,P003,S01,259,90650.0,0,0
2023-10-25,P003,S02,274,95900.0,0,0
2023-10-25,P003,S03,254,88900.0,0,0
2023-10-25,P003,S04,299,81311.52,1,0
2023-10-25,P003,S05,204,71400.0,0,0
2023-10-25,P003,S06,187,65450.0,0,0
2023-10-25,P004,S01,12,102000.0,0,0
2023-10-25,P004,S02,10,85000.0,0,0
2023-10-25,P004,S03,11,93500.0,0,0
2023-10-25,P004,S04,14,102829.21,1,0
2023-10-25,P004,S05,11,93500.0,0,0
2023-10-25,P004,S06,10,85000.0,0,0
2023-10-25,P005,S01,32,70400.0,0,0
2023-10-25,P005,S02,43,94600.0,0,0
2023-10-25,P005,S03,44,96800.0,0,0
2023-10-25,P005,S04,33,72600.0,0,0
2023-10-25,P005,S05,41,90200.0,0,0
2023-10-25,P005,S06,29,63800.0,0,0
2023-10-26,P001,S01,30,135000.0,0,0
2023-10-26,P001,S02,19,85500.0,0,0
2023-10-26,P001,S03,21,94500.0,0,0
2023-10-26,P001,S04,23,103500.0,0,0
2023-10-26,P001,S05,23,103500.0,0,0
2023-10-26,P001,S06,14,63000.0,0,0
2023-10-26,P002,S01,58,69600.0,0,0
2023-10-26,P002,S02,111,107273.3,1,0
2023-10-26,P002,S03,53,63600.0,0,0
2023-10-26,P002,S04,56,67200.0,0,0
2023-10-26,P002,S05,75,80597.24,1,0
2023-10-26,P002,S06,33,39600.0,0,0
2023-10-26,P003,S01,273,95550.0,0,0
2023-10-26,P003,S02,254,88900.0,0,0
2023-10-26,P003,S03,204,71400.0,0,0
2023-10-26,P003,S04,140,49000.0,0,0
2023-10-26,P003,S05,201,70350.0,0,0
2023-10-26,P003,S06,201,70350.0,0,0
2023-10-26,P004,S01,16,118763.43,1,0
2023-10-26,P004,S02,10,85000.0,0,0
2023-10-26,P004,S03,11,93500.0,0,0
2023-10-26,P004,S04,9,76500.0,0,0
2023-10-26,P004,S05,10,85000.0,0,0
2023-10-26,P004,S06,8,68000.0,0,0
2023-10-26,P005,S01,42,92400.0,0,0
2023-10-26,P005,S02,43,94600.0,0,0
2023-10-26,P005,S03,74,126835.85,1,0
2023-10-26,P005,S04,30,66000.0,0,0
2023-10-26,P005,S05,30,66000.0,0,0
2023-10-26,P005,S06,29,63800.0,0,0
2023-10-27,P001,S01,25,112500.0,0,0
2023-10-27,P001,S02,34,153000.0,0,0
2023-10-27,P001,S03,34,121778.94,1,0
2023-10-27,P001,S04,24,108000.0,0,0
2023-10-27,P001,S05,19,85500.0,0,0
2023-10-27,P001,S06,16,72000.0,0,0
2023-10-27,P002,S01,60,72000.0,0,0
2023-10-27,P002,S02,54,64800.0,0,0
2023-10-27,P002,S03,66,79200.0,0,0
2023-10-27,P002,S04,46,55200.0,0,0
2023-10-27,P002,S05,48,57600.0,0,0
2023-10-27,P002,S06,41,49200.0,0,0
2023-10-27,P003,S01,265,92750.0,0,0
2023-10-27,P003,S02,440,143612.16,1,0
2023-10-27,P003,S03,159,55650.0,0,0
2023-10-27,P003,S04,287,77962.3,1,0
2023-10-27,P003,S05,295,76179.33,1,0
2023-10-27,P003,S06,252,79180.53,1,0
2023-10-27,P004,S01,11,93500.0,0,0
2023-10-27,P004,S02,11,93500.0,0,0
2023-10-27,P004,S03,10,85000.0,0,0
2023-10-27,P004,S04,16,115942.79,1,0
2023-10-27,P004,S05,9,76500.0,0,0
2023-10-27,P004,S06,8,68000.0,0,0
2023-10-27,P005,S01,45,73530.51,1,0
2023-10-27,P005,S02,40,88000.0,0,0
2023-10-27,P005,S03,31,68200.0,0,0
2023-10-27,P005,S04,49,76648.55,1,0
2023-10-27,P005,S05,38,83600.0,0,0
2023-10-27,P005,S06,28,61600.0,0,0
2023-10-28,P001,S01,24,108000.0,0,0
2023-10-28,P001,S02,23,103500.0,0,0
2023-10-28,P001,S03,25,112500.0,0,0
2023-10-28,P001,S04,17,76500.0,0,0
2023-10-28,P001,S05,45,164850.62,1,0
2023-10-28,P001,S06,18,81000.0,0,0
2023-10-28,P002,S01,132,125982.0,1,0
2023-10-28,P002,S02,127,142819.65,1,0
2023-10-28,P002,S03,53,63600.0,0,0
2023-10-28,P002,S04,52,62400.0,0,0
2023-10-28,P002,S05,59,70800.0,0,0
2023-10-28,P002,S06,59,70800.0,0,0
2023-10-28,P003,S01,522,165721.36,1,0
2023-10-28,P003,S02,309,108150.0,0,0
2023-10-28,P003,S03,248,86800.0,0,0
2023-10-28,P003,S04,449,112882.55,1,0
2023-10-28,P003,S05,262,91700.0,0,0
2023-10-28,P003,S06,175,61250.0,0,0
2023-10-28,P004,S01,14,106096.46,1,0
2023-10-28,P004,S02,12,102000.0,0,0
2023-10-28,P004,S03,19,150348.41,1,0
2023-10-28,P004,S04,10,85000.0,0,0
2023-10-28,P004,S05,12,102000.0,0,0
2023-10-28,P004,S06,9,76500.0,0,0
2023-10-28,P005,S01,81,152808.89,1,0
2023-10-28,P005,S02,53,116600.0,0,0
2023-10-28,P005,S03,45,99000.0,0,0
2023-10-28,P005,S04,39,85800.0,0,0
2023-10-28,P005,S05,31,68200.0,0,0
2023-10-28,P005,S06,52,93534.3,1,0
2023-10-29,P001,S01,26,117000.0,0,0
2023-10-29,P001,S02,34,107267.97,1,0
2023-10-29,P001,S03,24,108000.0,0,0
2023-10-29,P001,S04,23,103500.0,0,0
2023-10-29,P001,S05,21,94500.0,0,0
2023-10-29,P001,S06,33,118132.33,1,0
2023-10-29,P002,S01,76,91200.0,0,0
2023-10-29,P002,S02,106,103024.96,1,0
2023-10-29,P002,S03,76,91200.0,0,0
2023-10-29,P002,S04,61,73200.0,0,0
2023-10-29,P002,S05,59,70800.0,0,0
2023-10-29,P002,S06,64,60528.12,1,0
2023-10-29,P003,S01,285,99750.0,0,0
2023-10-29,P003,S02,302,105700.0,0,0
2023-10-29,P003,S03,264,92400.0,0,0
2023-10-29,P003,S04,326,97099.26,1,0
2023-10-29,P003,S05,250,87500.0,0,0
2023-10-29,P003,S06,237,82950.0,0,0
2023-10-29,P004,S01,15,127500.0,0,0
2023-10-29,P004,S02,14,119000.0,0,0
2023-10-29,P004,S03,18,129101.7,1,0
2023-10-29,P004,S04,11,93500.0,0,0
2023-10-29,P004,S05,16,104293.71,1,0
2023-10-29,P004,S06,15,107729.54,1,0
2023-10-29,P005,S01,44,96800.0,0,0
2023-10-29,P005,S02,39,85800.0,0,0
2023-10-29,P005,S03,52,114400.0,0,0
2023-10-29,P005,S04,33,72600.0,0,0
2023-10-29,P005,S05,40,88000.0,0,0
2023-10-29,P005,S06,32,70400.0,0,0
2023-10-30,P001,S01,26,117000.0,0,0
2023-10-30,P001,S02,23,103500.0,0,0
2023-10-30,P001,S03,20,90000.0,0,0
2023-10-30,P001,S04,15,67500.0,0,0
2023-10-30,P001,S05,18,81000.0,0,0
2023-10-30,P001,S06,18,81000.0,0,0
2023-10-30,P002,S01,103,112141.13,1,0
2023-10-30,P002,S02,63,75600.0,0,0
2023-10-30,P002,S03,85,85156.05,1,0
2023-10-30,P002,S04,56,67200.0,0,0
2023-10-30,P002,S05,52,62400.0,0,0
2023-10-30,P002,S06,43,51600.0,0,0
2023-10-30,P003,S01,246,86100.0,0,0
2023-10-30,P003,S02,433,106579.98,1,0
2023-10-30,P003,S03,298,104300.0,0,0
2023-10-30,P003,S04,217,75950.0,0,0
2023-10-30,P003,S05,181,63350.0,0,0
2023-10-30,P003,S06,193,67550.0,0,0
2023-10-30,P004,S01,19,120207.88,1,0
2023-10-30,P004,S02,11,93500.0,0,0
2023-10-30,P004,S03,9,76500.0,0,0
2023-10-30,P004,S04,12,75585.16,1,0
2023-10-30,P004,S05,10,85000.0,0,0
2023-10-30,P004,S06,8,68000.0,0,0
2023-10-30,P005,S01,45,99000.0,0,0
2023-10-30,P005,S02,34,74800.0,0,0
2023-10-30,P005,S03,67,112003.53,1,0
2023-10-30,P005,S04,37,81400.0,0,0
2023-10-30,P005,S05,61,97333.83,1,0
2023-10-30,P005,S06,47,80117.19,1,0
2023-10-31,P001,S01,28,126000.0,0,0
2023-10-31,P001,S02,23,103500.0,0,0
2023-10-31,P001,S03,34,136670.62,1,0
2023-10-31,P001,S04,21,94500.0,0,0
2023-10-31,P001,S05,18,81000.0,0,0
2023-10-31,P001,S06,15,67500.0,0,0
2023-10-31,P002,S01,66,79200.0,0,0
2023-10-31,P002,S02,50,60000.0,0,0
2023-10-31,P002,S03,63,75600.0,0,0
2023-10-31,P002,S04,48,57600.0,0,0
2023-10-31,P002,S05,82,78653.39,1,0
2023-10-31,P002,S06,50,60000.0,0,0
2023-10-31,P003,S01,225,78750.0,0,0
2023-10-31,P003,S02,247,86450.0,0,0
2023-10-31,P003,S03,411,135062.54,1,0
2023-10-31,P003,S04,143,50050.0,0,0
2023-10-31,P003,S05,394,104606.22,1,0
2023-10-31,P003,S06,159,55650.0,0,0
2023-10-31,P004,S01,13,110500.0,0,0
2023-10-31,P004,S02,12,102000.0,0,0
2023-10-31,P004,S03,9,76500.0,0,0
2023-10-31,P004,S04,7,59500.0,0,0
2023-10-31,P004,S05,8,68000.0,0,0
2023-10-31,P004,S06,9,76500.0,0,0
2023-10-31,P005,S01,44,96800.0,0,0
2023-10-31,P005,S02,39,85800.0,0,0
2023-10-31,P005,S03,30,66000.0,0,0
2023-10-31,P005,S04,33,72600.0,0,0
2023-10-31,P005,S05,37,81400.0,0,0
2023-10-31,P005,S06,25,55000.0,0,0
2023-11-01,P001,S01,21,94500.0,0,0
2023-11-01,P001,S02,20,90000.0,0,0
2023-11-01,P001,S03,22,99000.0,0,0
2023-11-01,P001,S04,18,81000.0,0,0
2023-11-01,P001,S05,18,81000.0,0,0
2023-11-01,P001,S06,21,94500.0,0,0
2023-11-01,P002,S01,79,76424.98,1,0
2023-11-01,P002,S02,50,60000.0,0,0
2023-11-01,P002,S03,47,56400.0,0,0
2023-11-01,P002,S04,38,45600.0,0,0
2023-11-01,P002,S05,71,73329.08,1,0
2023-11-01,P002,S06,61,52559.66,1,0
2023-11-01,P003,S01,325,103639.54,1,0
2023-11-01,P003,S02,227,79450.0,0,0
2023-11-01,P003,S03,177,61950.0,0,0
2023-11-01,P003,S04,143,50050.0,0,0
2023-11-01,P003,S05,178,62300.0,0,0
2023-11-01,P003,S06,145,50750.0,0,0
2023-11-01,P004,S01,7,59500.0,0,0
2023-11-01,P004,S02,10,85000.0,0,0
2023-11-01,P004,S03,10,85000.0,0,0
2023-11-01,P004,S04,13,87904.06,1,0
2023-11-01,P004,S05,10,85000.0,0,0
2023-11-01,P004,S06,6,51000.0,0,0
2023-11-01,P005,S01,33,72600.0,0,0
2023-11-01,P005,S02,36,79200.0,0,0
2023-11-01,P005,S03,30,66000.0,0,0
2023-11-01,P005,S04,29,63800.0,0,0
2023-11-01,P005,S05,31,68200.0,0,0
2023-11-01,P005,S06,25,55000.0,0,0
2023-11-02,P001,S01,32,110202.6,1,0
2023-11-02,P001,S02,23,103500.0,0,0
2023-11-02,P001,S03,35,124961.55,1,0
2023-11-02,P001,S04,26,98647.42,1,0
2023-11-02,P001,S05,18,81000.0,0,0
2023-11-02,P001,S06,29,111245.5,1,0
2023-11-02,P002,S01,101,110799.13,1,0
2023-11-02,P002,S02,91,78996.0,1,0
2023-11-02,P002,S03,50,60000.0,0,0
2023-11-02,P002,S04,36,43200.0,0,0
2023-11-02,P002,S05,40,48000.0,0,0
2023-11-02,P002,S06,38,45600.0,0,0
2023-11-02,P003,S01,225,78750.0,0,0
2023-11-02,P003,S02,236,82600.0,0,0
2023-11-02,P003,S03,196,68600.0,0,0
2023-11-02,P003,S04,167,58450.0,0,0
2023-11-02,P003,S05,194,67900.0,0,0
2023-11-02,P003,S06,144,50400.0,0,0
2023-11-02,P004,S01,9,76500.0,0,0
2023-11-02,P004,S02,10,85000.0,0,0
2023-11-02,P004,S03,9,76500.0,0,0
2023-11-02,P004,S04,9,76500.0,0,0
2023-11-02,P004,S05,6,51000.0,0,0
2023-11-02,P004,S06,12,93364.17,1,0
2023-11-02,P005,S01,38,83600.0,0,0
2023-11-02,P005,S02,34,74800.0,0,0
2023-11-02,P005,S03,36,79200.0,0,0
2023-11-02,P005,S04,24,52800.0,0,0
2023-11-02,P005,S05,26,57200.0,0,0
2023-11-02,P005,S06,37,60831.51,1,0
2023-11-03,P001,S01,36,129810.27,1,0
2023-11-03,P001,S02,20,90000.0,0,0
2023-11-03,P001,S03,40,160104.63,1,0
2023-11-03,P001,S04,28,94294.8,1,0
2023-11-03,P001,S05,13,58500.0,0,0
2023-11-03,P001,S06,17,76500.0,0,0
2023-11-03,P002,S01,53,63600.0,0,0
2023-11-03,P002,S02,98,98834.01,1,0
2023-11-03,P002,S03,50,60000.0,0,0
2023-11-03,P002,S04,40,48000.0,0,0
2023-11-03,P002,S05,40,48000.0,0,0
2023-11-03,P002,S06,59,56308.66,1,0
2023-11-03,P003,S01,240,84000.0,0,0
2023-11-03,P003,S02,187,65450.0,0,0
2023-11-03,P003,S03,174,60900.0,0,0
2023-11-03,P003,S04,165,57750.0,0,0
2023-11-03,P003,S05,157,54950.0,0,0
2023-11-03,P003,S06,158,55300.0,0,0
2023-11-03,P004,S01,16,98579.03,1,0
2023-11-03,P004,S02,9,76500.0,0,0
2023-11-03,P004,S03,8,68000.0,0,0
2023-11-03,P004,S04,14,97840.45,1,0
2023-11-03,P004,S05,8,68000.0,0,0
2023-11-03,P004,S06,6,51000.0,0,0
2023-11-03,P005,S01,34,74800.0,0,0
2023-11-03,P005,S02,43,76040.43,1,0
2023-11-03,P005,S03,30,66000.0,0,0
2023-11-03,P005,S04,42,67935.62,1,0
2023-11-03,P005,S05,29,63800.0,0,0
2023-11-03,P005,S06,55,101447.74,1,0
2023-11-04,P001,S01,24,108000.0,0,0
2023-11-04,P001,S02,22,99000.0,0,0
2023-11-04,P001,S03,21,94500.0,0,0
2023-11-04,P001,S04,34,116756.89,1,0
2023-11-04,P001,S05,20,90000.0,0,0
2023-11-04,P001,S06,19,85500.0,0,0
2023-11-04,P002,S01,62,74400.0,0,0
2023-11-04,P002,S02,94,87569.48,1,0
2023-11-04,P002,S03,56,67200.0,0,0
2023-11-04,P002,S04,75,75654.75,1,0
2023-11-04,P002,S05,54,64800.0,0,0
2023-11-04,P002,S06,73,65637.52,1,0
2023-11-04,P003,S01,208,72800.0,0,0
2023-11-04,P003,S02,368,108558.99,1,0
2023-11-04,P003,S03,184,64400.0,0,0
2023-11-04,P003,S04,179,62650.0,0,0
2023-11-04,P003,S05,199,69650.0,0,0
2023-11-04,P003,S06,170,59500.0,0,0
2023-11-04,P004,S01,16,114599.64,1,0
2023-11-04,P004,S02,9,76500.0,0,0
2023-11-04,P004,S03,12,94263.76,1,0
2023-11-04,P004,S04,13,90588.12,1,0
2023-11-04,P004,S05,9,76500.0,0,0
2023-11-04,P004,S06,8,68000.0,0,0
2023-11-04,P005,S01,40,88000.0,0,0
2023-11-04,P005,S02,34,74800.0,0,0
2023-11-04,P005,S03,29,63800.0,0,0
2023-11-04,P005,S04,33,72600.0,0,0
2023-11-04,P005,S05,45,91690.32,1,0
2023-11-04,P005,S06,42,66971.57,1,0
2023-11-05,P001,S01,24,108000.0,0,0
2023-11-05,P001,S02,46,189765.65,1,0
2023-11-05,P001,S03,19,85500.0,0,0
2023-11-05,P001,S04,34,119997.08,1,0
2023-11-05,P001,S05,22,99000.0,0,0
2023-11-05,P001,S06,15,67500.0,0,0
2023-11-05,P002,S01,95,90885.87,1,0
2023-11-05,P002,S02,59,70800.0,0,0
2023-11-05,P002,S03,64,76800.0,0,0
2023-11-05,P002,S04,45,54000.0,0,0
2023-11-05,P002,S05,75,64764.33,1,0
2023-11-05,P002,S06,34,40800.0,0,0
2023-11-05,P003,S01,244,85400.0,0,0
2023-11-05,P003,S02,375,111289.53,1,0
2023-11-05,P003,S03,191,66850.0,0,0
2023-11-05,P003,S04,313,100967.23,1,0
2023-11-05,P003,S05,171,59850.0,0,0
2023-11-05,P003,S06,202,70700.0,0,0
2023-11-05,P004,S01,17,117128.66,1,0
2023-11-05,P004,S02,9,76500.0,0,0
2023-11-05,P004,S03,15,106196.99,1,0
2023-11-05,P004,S04,14,86586.44,1,0
2023-11-05,P004,S05,9,76500.0,0,0
2023-11-05,P004,S06,9,76500.0,0,0
2023-11-05,P005,S01,48,105600.0,0,0
2023-11-05,P005,S02,43,94600.0,0,0
2023-11-05,P005,S03,40,88000.0,0,0
2023-11-05,P005,S04,31,68200.0,0,0
2023-11-05,P005,S05,29,63800.0,0,0
2023-11-05,P005,S06,29,63800.0,0,0
2023-11-06,P001,S01,20,90000.0,0,0
2023-11-06,P001,S02,19,85500.0,0,0
2023-11-06,P001,S03,33,121644.16,1,0
2023-11-06,P001,S04,19,85500.0,0,0
2023-11-06,P001,S05,17,76500.0,0,0
2023-11-06,P001,S06,12,54000.0,0,0
2023-11-06,P002,S01,53,63600.0,0,0
2023-11-06,P002,S02,47,56400.0,0,0
2023-11-06,P002,S03,78,83670.42,1,0
2023-11-06,P002,S04,78,78033.08,1,0
2023-11-06,P002,S05,72,60610.95,1,0
2023-11-06,P002,S06,39,46800.0,0,0
2023-11-06,P003,S01,223,78050.0,0,0
2023-11-06,P003,S02,191,66850.0,0,0
2023-11-06,P003,S03,163,57050.0,0,0
2023-11-06,P003,S04,133,46550.0,0,0
2023-11-06,P003,S05,184,64400.0,0,0
2023-11-06,P003,S06,113,39550.0,0,0
2023-11-06,P004,S01,15,111636.77,1,0
2023-11-06,P004,S02,10,85000.0,0,0
2023-11-06,P004,S03,8,68000.0,0,0
2023-11-06,P004,S04,8,68000.0,0,0
2023-11-06,P004,S05,7,59500.0,0,0
2023-11-06,P004,S06,7,59500.0,0,0
2023-11-06,P005,S01,56,95792.92,1,0
2023-11-06,P005,S02,44,96800.0,0,0
2023-11-06,P005,S03,30,66000.0,0,0
2023-11-06,P005,S04,28,61600.0,0,0
2023-11-06,P005,S05,32,70400.0,0,0
2023-11-06,P005,S06,28,61600.0,0,0
2023-11-07,P001,S01,20,90000.0,0,0
2023-11-07,P001,S02,27,121500.0,0,0
2023-11-07,P001,S03,19,85500.0,0,0
2023-11-07,P001,S04,19,85500.0,0,0
2023-11-07,P001,S05,29,103764.66,1,0
2023-11-07,P001,S06,15,67500.0,0,0
2023-11-07,P002,S01,80,80949.75,1,0
2023-11-07,P002,S02,39,46800.0,0,0
2023-11-07,P002,S03,47,56400.0,0,0
2023-11-07,P002,S04,44,52800.0,0,0
2023-11-07,P002,S05,66,65080.3,1,0
2023-11-07,P002,S06,40,48000.0,0,0
2023-11-07,P003,S01,203,71050.0,0,0
2023-11-07,P003,S02,216,75600.0,0,0
2023-11-07,P003,S03,269,76565.56,1,0
2023-11-07,P003,S04,282,81825.22,1,0
2023-11-07,P003,S05,149,52150.0,0,0
2023-11-07,P003,S06,157,54950.0,0,0
2023-11-07,P004,S01,8,68000.0,0,0
2023-11-07,P004,S02,10,85000.0,0,0
2023-11-07,P004,S03,7,59500.0,0,0
2023-11-07,P004,S04,8,68000.0,0,0
2023-11-07,P004,S05,6,51000.0,0,0
2023-11-07,P004,S06,10,72473.57,1,0
2023-11-07,P005,S01,37,81400.0,0,0
2023-11-07,P005,S02,34,74800.0,0,0
2023-11-07,P005,S03,56,102725.16,1,0
2023-11-07,P005,S04,28,61600.0,0,0
2023-11-07,P005,S05,28,61600.0,0,0
2023-11-07,P005,S06,24,52800.0,0,0
2023-11-08,P001,S01,23,103500.0,0,0
2023-11-08,P001,S02,18,81000.0,0,0
2023-11-08,P001,S03,16,72000.0,0,0
2023-11-08,P001,S04,15,67500.0,0,0
2023-11-08,P001,S05,16,72000.0,0,0
2023-11-08,P001,S06,16,72000.0,0,0
2023-11-08,P002,S01,49,58800.0,0,0
2023-11-08,P002,S02,56,67200.0,0,0
2023-11-08,P002,S03,59,70800.0,0,0
2023-11-08,P002,S04,46,55200.0,0,0
2023-11-08,P002,S05,43,51600.0,0,0
2023-11-08,P002,S06,32,38400.0,0,0
2023-11-08,P003,S01,196,68600.0,0,0
2023-11-08,P003,S02,210,73500.0,0,0
2023-11-08,P003,S03,177,61950.0,0,0
2023-11-08,P003,S04,166,58100.0,0,0
2023-11-08,P003,S05,164,57400.0,0,0
2023-11-08,P003,S06,163,57050.0,0,0
2023-11-08,P004,S01,18,131964.66,1,0
2023-11-08,P004,S02,8,68000.0,0,0
2023-11-08,P004,S03,9,76500.0,0,0
2023-11-08,P004,S04,7,59500.0,0,0
2023-11-08,P004,S05,9,76500.0,0,0
2023-11-08,P004,S06,12,80731.46,1,0
2023-11-08,P005,S01,43,94600.0,0,0
2023-11-08,P005,S02,31,68200.0,0,0
2023-11-08,P005,S03,26,57200.0,0,0
2023-11-08,P005,S04,29,63800.0,0,0
2023-11-08,P005,S05,25,55000.0,0,0
2023-11-08,P005,S06,30,66000.0,0,0
2023-11-09,P001,S01,34,114114.2,1,0
2023-11-09,P001,S02,40,163169.81,1,0
2023-11-09,P001,S03,19,85500.0,0,0
2023-11-09,P001,S04,20,90000.0,0,0
2023-11-09,P001,S05,17,76500.0,0,0
2023-11-09,P001,S06,19,85500.0,0,0
2023-11-09,P002,S01,85,95793.26,1,0
2023-11-09,P002,S02,53,63600.0,0,0
2023-11-09,P002,S03,38,45600.0,0,0
2023-11-09,P002,S04,51,61200.0,0,0
2023-11-09,P002,S05,54,64800.0,0,0
2023-11-09,P002,S06,35,42000.0,0,0
2023-11-09,P003,S01,250,87500.0,0,0
2023-11-09,P003,S02,213,74550.0,0,0
2023-11-09,P003,S03,285,83384.27,1,0
2023-11-09,P003,S04,172,60200.0,0,0
2023-11-09,P003,S05,159,55650.0,0,0
2023-11-09,P003,S06,196,68600.0,0,0
2023-11-09,P004,S01,10,85000.0,0,0
2023-11-09,P004,S02,9,76500.0,0,0
2023-11-09,P004,S03,17,134206.91,1,0
2023-11-09,P004,S04,12,83953.34,1,0
2023-11-09,P004,S05,9,76500.0,0,0
2023-11-09,P004,S06,7,59500.0,0,0
2023-11-09,P005,S01,42,92400.0,0,0
2023-11-09,P005,S02,25,55000.0,0,0
2023-11-09,P005,S03,50,101645.52,1,0
2023-11-09,P005,S04,43,78515.53,1,0
2023-11-09,P005,S05,25,55000.0,0,0
2023-11-09,P005,S06,37,66589.67,1,0
2023-11-10,P001,S01,22,99000.0,0,0
2023-11-10,P001,S02,19,85500.0,0,0
2023-11-10,P001,S03,35,111029.86,1,0
2023-11-10,P001,S04,17,76500.0,0,0
2023-11-10,P001,S05,18,81000.0,0,0
2023-11-10,P001,S06,17,76500.0,0,0
2023-11-10,P002,S01,69,82800.0,0,0
2023-11-10,P002,S02,56,67200.0,0,0
2023-11-10,P002,S03,41,49200.0,0,0
2023-11-10,P002,S04,41,49200.0,0,0
2023-11-10,P002,S05,46,55200.0,0,0
2023-11-10,P002,S06,60,64258.63,1,0
2023-11-10,P003,S01,221,77350.0,0,0
2023-11-10,P003,S02,199,69650.0,0,0
2023-11-10,P003,S03,154,53900.0,0,0
2023-11-10,P003,S04,182,63700.0,0,0
2023-11-10,P003,S05,187,65450.0,0,0
2023-11-10,P003,S06,156,54600.0,0,0
2023-11-10,P004,S01,19,126582.59,1,0
2023-11-10,P004,S02,9,76500.0,0,0
2023-11-10,P004,S03,8,68000.0,0,0
2023-11-10,P004,S04,7,59500.0,0,0
2023-11-10,P004,S05,7,59500.0,0,0
2023-11-10,P004,S06,6,51000.0,0,0
2023-11-10,P005,S01,40,88000.0,0,0
2023-11-10,P005,S02,31,68200.0,0,0
2023-11-10,P005,S03,60,115562.45,1,0
2023-11-10,P005,S04,35,77000.0,0,0
2023-11-10,P005,S05,27,59400.0,0,0
2023-11-10,P005,S06,21,46200.0,0,0
2023-11-11,P001,S01,29,130500.0,0,0
2023-11-11,P001,S02,20,90000.0,0,0
2023-11-11,P001,S03,25,112500.0,0,0
2023-11-11,P001,S04,19,85500.0,0,0
2023-11-11,P001,S05,18,81000.0,0,0
2023-11-11,P001,S06,18,81000.0,0,0
2023-11-11,P002,S01,48,57600.0,0,0
2023-11-11,P002,S02,106,120469.57,1,0
2023-11-11,P002,S03,51,61200.0,0,0
2023-11-11,P002,S04,68,68068.31,1,0
2023-11-11,P002,S05,69,64827.27,1,0
2023-11-11,P002,S06,63,56712.17,1,0
2023-11-11,P003,S01,434,133697.14,1,0
2023-11-11,P003,S02,352,105877.11,1,0
2023-11-11,P003,S03,186,65100.0,0,0
2023-11-11,P003,S04,175,61250.0,0,0
2023-11-11,P003,S05,211,73850.0,0,0
2023-11-11,P003,S06,175,61250.0,0,0
2023-11-11,P004,S01,12,102000.0,0,0
2023-11-11,P004,S02,16,96911.28,1,0
2023-11-11,P004,S03,15,92381.78,1,0
2023-11-11,P004,S04,9,76500.0,0,0
2023-11-11,P004,S05,10,85000.0,0,0
2023-11-11,P004,S06,14,110726.27,1,0
2023-11-11,P005,S01,56,109198.21,1,0
2023-11-11,P005,S02,65,120048.5,1,0
2023-11-11,P005,S03,37,81400.0,0,0
2023-11-11,P005,S04,36,56791.07,1,0
2023-11-11,P005,S05,31,68200.0,0,0
2023-11-11,P005,S06,28,61600.0,0,0
2023-11-12,P001,S01,23,103500.0,0,0
2023-11-12,P001,S02,27,121500.0,0,0
2023-11-12,P001,S03,32,107645.77,1,0
2023-11-12,P001,S04,16,72000.0,0,0
2023-11-12,P001,S05,36,144215.05,1,0
2023-11-12,P001,S06,28,110177.68,1,0
2023-11-12,P002,S01,50,60000.0,0,0
2023-11-12,P002,S02,64,56638.43,1,0
2023-11-12,P002,S03,77,83636.26,1,0
2023-11-12,P002,S04,53,63600.0,0,0
2023-11-12,P002,S05,38,45600.0,0,0
2023-11-12,P002,S06,40,48000.0,0,0
2023-11-12,P003,S01,219,76650.0,0,0
2023-11-12,P003,S02,245,85750.0,0,0
2023-11-12,P003,S03,283,92747.4,1,0
2023-11-12,P003,S04,167,58450.0,0,0
2023-11-12,P003,S05,215,75250.0,0,0
2023-11-12,P003,S06,243,60953.09,1,0
2023-11-12,P004,S01,11,93500.0,0,0
2023-11-12,P004,S02,13,110500.0,0,0
2023-11-12,P004,S03,17,106999.22,1,0
2023-11-12,P004,S04,9,76500.0,0,0
2023-11-12,P004,S05,8,68000.0,0,0
2023-11-12,P004,S06,14,90021.0,1,0
2023-11-12,P005,S01,30,66000.0,0,0
2023-11-12,P005,S02,49,107800.0,0,0
2023-11-12,P005,S03,58,119794.29,1,0
2023-11-12,P005,S04,28,61600.0,0,0
2023-11-12,P005,S05,51,85790.65,1,0
2023-11-12,P005,S06,30,66000.0,0,0
2023-11-13,P001,S01,45,143762.03,1,1
2023-11-13,P001,S02,49,200933.91,1,1
2023-11-13,P001,S03,40,142579.82,1,1
2023-11-13,P001,S04,36,137590.02,1,1
2023-11-13,P001,S05,35,143447.93,1,1
2023-11-13,P001,S06,34,139070.31,1,1
2023-11-13,P002,S01,87,104400.0,0,1
2023-11-13,P002,S02,102,114939.91,1,1
2023-11-13,P002,S03,82,98400.0,0,1
2023-11-13,P002,S04,103,114019.66,1,1
2023-11-13,P002,S05,59,70800.0,0,1
2023-11-13,P002,S06,61,73200.0,0,1
2023-11-13,P003,S01,321,112350.0,0,1
2023-11-13,P003,S02,236,82600.0,0,1
2023-11-13,P003,S03,355,124250.0,0,1
2023-11-13,P003,S04,219,76650.0,0,1
2023-11-13,P003,S05,226,79100.0,0,1
2023-11-13,P003,S06,249,87150.0,0,1
2023-11-13,P004,S01,13,110500.0,0,1
2023-11-13,P004,S02,12,102000.0,0,1
2023-11-13,P004,S03,13,110500.0,0,1
2023-11-13,P004,S04,11,93500.0,0,1
2023-11-13,P004,S05,13,110500.0,0,1
2023-11-13,P004,S06,9,76500.0,0,1
2023-11-13,P005,S01,50,110000.0,0,1
2023-11-13,P005,S02,50,110000.0,0,1
2023-11-13,P005,S03,71,124611.77,1,1
2023-11-13,P005,S04,35,77000.0,0,1
2023-11-13,P005,S05,66,132123.81,1,1
2023-11-13,P005,S06,47,84131.39,1,1
2023-11-14,P001,S01,24,108000.0,0,0
2023-11-14,P001,S02,23,103500.0,0,0
2023-11-14,P001,S03,21,94500.0,0,0
2023-11-14,P001,S04,18,81000.0,0,0
2023-11-14,P001,S05,18,81000.0,0,0
2023-11-14,P001,S06,16,72000.0,0,0
2023-11-14,P002,S01,100,102046.76,1,0
2023-11-14,P002,S02,44,52800.0,0,0
2023-11-14,P002,S03,35,42000.0,0,0
2023-11-14,P002,S04,38,45600.0,0,0
2023-11-14,P002,S05,44,52800.0,0,0
2023-11-14,P002,S06,66,58446.79,1,0
2023-11-14,P003,S01,218,76300.0,0,0
2023-11-14,P003,S02,206,72100.0,0,0
2023-11-14,P003,S03,302,95969.4,1,0
2023-11-14,P003,S04,197,68950.0,0,0
2023-11-14,P003,S05,169,59150.0,0,0
2023-11-14,P003,S06,133,46550.0,0,0
2023-11-14,P004,S01,10,85000.0,0,0
2023-11-14,P004,S02,9,76500.0,0,0
2023-11-14,P004,S03,8,68000.0,0,0
2023-11-14,P004,S04,6,51000.0,0,0
2023-11-14,P004,S05,8,68000.0,0,0
2023-11-14,P004,S06,8,68000.0,0,0
2023-11-14,P005,S01,31,68200.0,0,0
2023-11-14,P005,S02,31,68200.0,0,0
2023-11-14,P005,S03,53,85164.96,1,0
2023-11-14,P005,S04,23,50600.0,0,0
2023-11-14,P005,S05,50,86503.49,1,0
2023-11-14,P005,S06,46,73017.19,1,0
2023-11-15,P001,S01,21,94500.0,0,0
2023-11-15,P001,S02,31,120507.56,1,0
2023-11-15,P001,S03,19,85500.0,0,0
2023-11-15,P001,S04,20,90000.0,0,0
2023-11-15,P001,S05,20,90000.0,0,0
2023-11-15,P001,S06,14,63000.0,0,0
2023-11-15,P002,S01,61,73200.0,0,0
2023-11-15,P002,S02,86,89279.95,1,0
2023-11-15,P002,S03,43,51600.0,0,0
2023-11-15,P002,S04,41,49200.0,0,0
2023-11-15,P002,S05,48,57600.0,0,0
2023-11-15,P002,S06,36,43200.0,0,0
2023-11-15,P003,S01,214,74900.0,0,0
2023-11-15,P003,S02,336,111414.22,1,0
2023-11-15,P003,S03,273,78279.2,1,0
2023-11-15,P003,S04,146,51100.0,0,0
2023-11-15,P003,S05,258,70355.24,1,0
2023-11-15,P003,S06,167,58450.0,0,0
2023-11-15,P004,S01,10,85000.0,0,0
2023-11-15,P004,S02,10,85000.0,0,0
2023-11-15,P004,S03,9,76500.0,0,0
2023-11-15,P004,S04,13,92261.61,1,0
2023-11-15,P004,S05,8,68000.0,0,0
2023-11-15,P004,S06,11,84787.4,1,0
2023-11-15,P005,S01,49,75891.63,1,0
2023-11-15,P005,S02,57,97081.92,1,0
2023-11-15,P005,S03,27,59400.0,0,0
2023-11-15,P005,S04,30,66000.0,0,0
2023-11-15,P005,S05,29,63800.0,0,0
2023-11-15,P005,S06,23,50600.0,0,0
2023-11-16,P001,S01,16,72000.0,0,0
2023-11-16,P001,S02,23,103500.0,0,0
2023-11-16,P001,S03,28,96845.48,1,0
2023-11-16,P001,S04,18,81000.0,0,0
2023-11-16,P001,S05,16,72000.0,0,0
2023-11-16,P001,S06,16,72000.0,0,0
2023-11-16,P002,S01,60,72000.0,0,0
2023-11-16,P002,S02,45,54000.0,0,0
2023-11-16,P002,S03,73,77416.34,1,0
2023-11-16,P002,S04,37,44400.0,0,0
2023-11-16,P002,S05,51,61200.0,0,0
2023-11-16,P002,S06,36,43200.0,0,0
2023-11-16,P003,S01,265,92750.0,0,0
2023-11-16,P003,S02,207,72450.0,0,0
2023-11-16,P003,S03,230,80500.0,0,0
2023-11-16,P003,S04,177,61950.0,0,0
2023-11-16,P003,S05,176,61600.0,0,0
2023-11-16,P003,S06,188,65800.0,0,0
2023-11-16,P004,S01,10,85000.0,0,0
2023-11-16,P004,S02,9,76500.0,0,0
2023-11-16,P004,S03,8,68000.0,0,0
2023-11-16,P004,S04,8,68000.0,0,0
2023-11-16,P004,S05,7,59500.0,0,0
2023-11-16,P004,S06,5,42500.0,0,0
2023-11-16,P005,S01,33,72600.0,0,0
2023-11-16,P005,S02,27,59400.0,0,0
2023-11-16,P005,S03,37,81400.0,0,0
2023-11-16,P005,S04,35,77000.0,0,0
2023-11-16,P005,S05,34,74800.0,0,0
2023-11-16,P005,S06,28,61600.0,0,0
2023-11-17,P001,S01,24,108000.0,0,0
2023-11-17,P001,S02,20,90000.0,0,0
2023-11-17,P001,S03,32,117097.34,1,0
2023-11-17,P001,S04,17,76500.0,0,0
2023-11-17,P001,S05,18,81000.0,0,0
2023-11-17,P001,S06,17,76500.0,0,0
2023-11-17,P002,S01,47,56400.0,0,0
2023-11-17,P002,S02,40,48000.0,0,0
2023-11-17,P002,S03,47,56400.0,0,0
2023-11-17,P002,S04,44,52800.0,0,0
2023-11-17,P002,S05,43,51600.0,0,0
2023-11-17,P002,S06,55,53893.87,1,0
2023-11-17,P003,S01,343,88044.97,1,0
2023-11-17,P003,S02,225,78750.0,0,0
2023-11-17,P003,S03,177,61950.0,0,0
2023-11-17,P003,S04,200,70000.0,0,0
2023-11-17,P003,S05,199,69650.0,0,0
2023-11-17,P003,S06,138,48300.0,0,0
2023-11-17,P004,S01,8,68000.0,0,0
2023-11-17,P004,S02,16,109798.98,1,0
2023-11-17,P004,S03,13,91835.06,1,0
2023-11-17,P004,S04,8,68000.0,0,0
2023-11-17,P004,S05,8,68000.0,0,0
2023-11-17,P004,S06,13,97563.86,1,0
2023-11-17,P005,S01,31,68200.0,0,0
2023-11-17,P005,S02,55,112858.92,1,0
2023-11-17,P005,S03,50,92199.31,1,0
2023-11-17,P005,S04,32,70400.0,0,0
2023-11-17,P005,S05,31,68200.0,0,0
2023-11-17,P005,S06,19,41800.0,0,0
2023-11-18,P001,S01,22,99000.0,0,0
2023-11-18,P001,S02,33,117088.84,1,0
2023-11-18,P001,S03,19,85500.0,0,0
2023-11-18,P001,S04,19,85500.0,0,0
2023-11-18,P001,S05,34,134391.75,1,0
2023-11-18,P001,S06,19,85500.0,0,0
2023-11-18,P002,S01,74,70165.21,1,0
2023-11-18,P002,S02,66,79200.0,0,0
2023-11-18,P002,S03,59,70800.0,0,0
2023-11-18,P002,S04,37,44400.0,0,0
2023-11-18,P002,S05,95,93312.21,1,0
2023-11-18,P002,S06,69,64643.02,1,0
2023-11-18,P003,S01,434,131045.11,1,0
2023-11-18,P003,S02,362,112178.39,1,0
2023-11-18,P003,S03,193,67550.0,0,0
2023-11-18,P003,S04,205,71750.0,0,0
2023-11-18,P003,S05,258,90300.0,0,0
2023-11-18,P003,S06,181,63350.0,0,0
2023-11-18,P004,S01,20,141460.62,1,0
2023-11-18,P004,S02,13,110500.0,0,0
2023-11-18,P004,S03,10,85000.0,0,0
2023-11-18,P004,S04,9,76500.0,0,0
2023-11-18,P004,S05,9,76500.0,0,0
2023-11-18,P004,S06,8,68000.0,0,0
2023-11-18,P005,S01,58,98325.4,1,0
2023-11-18,P005,S02,65,107275.99,1,0
2023-11-18,P005,S03,62,99635.07,1,0
2023-11-18,P005,S04,28,61600.0,0,0
2023-11-18,P005,S05,25,55000.0,0,0
2023-11-18,P005,S06,44,88855.39,1,0
2023-11-19,P001,S01,28,126000.0,0,0
2023-11-19,P001,S02,41,152902.77,1,0
2023-11-19,P001,S03,28,103883.19,1,0
2023-11-19,P001,S04,18,81000.0,0,0
2023-11-19,P001,S05,20,90000.0,0,0
2023-11-19,P001,S06,27,92494.98,1,0
2023-11-19,P002,S01,63,75600.0,0,0
2023-11-19,P002,S02,61,73200.0,0,0
2023-11-19,P002,S03,51,61200.0,0,0
2023-11-19,P002,S04,39,46800.0,0,0
2023-11-19,P002,S05,77,65924.57,1,0
2023-11-19,P002,S06,43,51600.0,0,0
2023-11-19,P003,S01,279,97650.0,0,0
2023-11-19,P003,S02,180,63000.0,0,0
2023-11-19,P003,S03,238,83300.0,0,0
2023-11-19,P003,S04,191,66850.0,0,0
2023-11-19,P003,S05,354,116296.81,1,0
2023-11-19,P003,S06,148,51800.0,0,0
2023-11-19,P004,S01,11,93500.0,0,0
2023-11-19,P004,S02,17,125889.29,1,0
2023-11-19,P004,S03,19,113391.28,1,0
2023-11-19,P004,S04,9,76500.0,0,0
2023-11-19,P004,S05,9,76500.0,0,0
2023-11-19,P004,S06,13,82220.54,1,0
2023-11-19,P005,S01,36,79200.0,0,0
2023-11-19,P005,S02,70,119329.9,1,0
2023-11-19,P005,S03,43,94600.0,0,0
2023-11-19,P005,S04,31,68200.0,0,0
2023-11-19,P005,S05,36,79200.0,0,0
2023-11-19,P005,S06,38,66524.51,1,0
2023-11-20,P001,S01,22,99000.0,0,0
2023-11-20,P001,S02,21,94500.0,0,0
2023-11-20,P001,S03,17,76500.0,0,0
2023-11-20,P001,S04,15,67500.0,0,0
2023-11-20,P001,S05,33,119347.78,1,0
2023-11-20,P001,S06,16,72000.0,0,0
2023-11-20,P002,S01,56,67200.0,0,0
2023-11-20,P002,S02,55,66000.0,0,0
2023-11-20,P002,S03,52,62400.0,0,0
2023-11-20,P002,S04,63,63895.8,1,0
2023-11-20,P002,S05,74,72886.61,1,0
2023-11-20,P002,S06,66,61358.04,1,0
2023-11-20,P003,S01,218,76300.0,0,0
2023-11-20,P003,S02,324,95129.97,1,0
2023-11-20,P003,S03,238,83300.0,0,0
2023-11-20,P003,S04,312,91727.06,1,0
2023-11-20,P003,S05,178,62300.0,0,0
2023-11-20,P003,S06,153,53550.0,0,0
2023-11-20,P004,S01,10,85000.0,0,0
2023-11-20,P004,S02,8,68000.0,0,0
2023-11-20,P004,S03,8,68000.0,0,0
2023-11-20,P004,S04,11,85520.07,1,0
2023-11-20,P004,S05,7,59500.0,0,0
2023-11-20,P004,S06,8,68000.0,0,0
2023-11-20,P005,S01,34,74800.0,0,0
2023-11-20,P005,S02,27,59400.0,0,0
2023-11-20,P005,S03,30,66000.0,0,0
2023-11-20,P005,S04,32,65426.3,1,0
2023-11-20,P005,S05,20,44000.0,0,0
2023-11-20,P005,S06,20,44000.0,0,0
2023-11-21,P001,S01,37,151829.63,1,0
2023-11-21,P001,S02,18,81000.0,0,0
2023-11-21,P001,S03,17,76500.0,0,0
2023-11-21,P001,S04,19,85500.0,0,0
2023-11-21,P001,S05,17,76500.0,0,0
2023-11-21,P001,S06,19,67319.26,1,0
2023-11-21,P002,S01,50,60000.0,0,0
2023-11-21,P002,S02,55,66000.0,0,0
2023-11-21,P002,S03,49,58800.0,0,0
2023-11-21,P002,S04,43,51600.0,0,0
2023-11-21,P002,S05,47,56400.0,0,0
2023-11-21,P002,S06,36,43200.0,0,0
2023-11-21,P003,S01,234,81900.0,0,0
2023-11-21,P003,S02,225,78750.0,0,0
2023-11-21,P003,S03,210,73500.0,0,0
2023-11-21,P003,S04,159,55650.0,0,0
2023-11-21,P003,S05,145,50750.0,0,0
2023-11-21,P003,S06,171,59850.0,0,0
2023-11-21,P004,S01,11,93500.0,0,0
2023-11-21,P004,S02,9,76500.0,0,0
2023-11-21,P004,S03,8,68000.0,0,0
2023-11-21,P004,S04,11,93500.0,0,0
2023-11-21,P004,S05,7,59500.0,0,0
2023-11-21,P004,S06,9,76500.0,0,0
2023-11-21,P005,S01,36,79200.0,0,0
2023-11-21,P005,S02,54,96305.11,1,0
2023-11-21,P005,S03,35,77000.0,0,0
2023-11-21,P005,S04,36,79200.0,0,0
2023-11-21,P005,S05,30,66000.0,0,0
2023-11-21,P005,S06,30,66000.0,0,0
2023-11-22,P001,S01,23,103500.0,0,0
2023-11-22,P001,S02,18,81000.0,0,0
2023-11-22,P001,S03,17,76500.0,0,0
2023-11-22,P001,S04,20,90000.0,0,0
2023-11-22,P001,S05,15,67500.0,0,0
2023-11-22,P001,S06,17,76500.0,0,0
2023-11-22,P002,S01,48,57600.0,0,0
2023-11-22,P002,S02,38,45600.0,0,0
2023-11-22,P002,S03,66,62228.47,1,0
2023-11-22,P002,S04,46,55200.0,0,0
2023-11-22,P002,S05,42,50400.0,0,0
2023-11-22,P002,S06,56,50387.85,1,0
2023-11-22,P003,S01,197,68950.0,0,0
2023-11-22,P003,S02,346,90521.67,1,0
2023-11-22,P003,S03,178,62300.0,0,0
2023-11-22,P003,S04,270,66827.36,1,0
2023-11-22,P003,S05,344,102546.63,1,0
2023-11-22,P003,S06,172,60200.0,0,0
2023-11-22,P004,S01,9,76500.0,0,0
2023-11-22,P004,S02,15,97739.52,1,0
2023-11-22,P004,S03,9,76500.0,0,0
2023-11-22,P004,S04,7,59500.0,0,0
2023-11-22,P004,S05,7,59500.0,0,0
2023-11-22,P004,S06,6,51000.0,0,0
2023-11-22,P005,S01,30,66000.0,0,0
2023-11-22,P005,S02,31,68200.0,0,0
2023-11-22,P005,S03,30,66000.0,0,0
2023-11-22,P005,S04,22,48400.0,0,0
2023-11-22,P005,S05,28,61600.0,0,0
2023-11-22,P005,S06,22,48400.0,0,0
2023-11-23,P001,S01,38,162327.48,1,0
2023-11-23,P001,S02,22,99000.0,0,0
2023-11-23,P001,S03,18,81000.0,0,0
2023-11-23,P001,S04,22,99000.0,0,0
2023-11-23,P001,S05,13,58500.0,0,0
2023-11-23,P001,S06,27,103999.5,1,0
2023-11-23,P002,S01,56,67200.0,0,0
2023-11-23,P002,S02,83,77345.6,1,0
2023-11-23,P002,S03,57,68400.0,0,0
2023-11-23,P002,S04,45,54000.0,0,0
2023-11-23,P002,S05,43,51600.0,0,0
2023-11-23,P002,S06,53,52009.87,1,0
2023-11-23,P003,S01,205,71750.0,0,0
2023-11-23,P003,S02,219,76650.0,0,0
2023-11-23,P003,S03,193,67550.0,0,0
2023-11-23,P003,S04,144,50400.0,0,0
2023-11-23,P003,S05,278,74808.9,1,0
2023-11-23,P003,S06,157,54950.0,0,0
2023-11-23,P004,S01,9,76500.0,0,0
2023-11-23,P004,S02,9,76500.0,0,0
2023-11-23,P004,S03,13,103549.61,1,0
2023-11-23,P004,S04,7,59500.0,0,0
2023-11-23,P004,S05,7,59500.0,0,0
2023-11-23,P004,S06,7,59500.0,0,0
2023-11-23,P005,S01,36,79200.0,0,0
2023-11-23,P005,S02,36,79200.0,0,0
2023-11-23,P005,S03,31,68200.0,0,0
2023-11-23,P005,S04,25,55000.0,0,0
2023-11-23,P005,S05,27,59400.0,0,0
2023-11-23,P005,S06,27,59400.0,0,0
2023-11-24,P001,S01,22,99000.0,0,0
2023-11-24,P001,S02,17,76500.0,0,0
2023-11-24,P001,S03,19,85500.0,0,0
2023-11-24,P001,S04,27,109605.64,1,0
2023-11-24,P001,S05,26,101124.26,1,0
2023-11-24,P001,S06,18,81000.0,0,0
2023-11-24,P002,S01,56,67200.0,0,0
2023-11-24,P002,S02,59,70800.0,0,0
2023-11-24,P002,S03,41,49200.0,0,0
2023-11-24,P002,S04,52,62400.0,0,0
2023-11-24,P002,S05,50,60000.0,0,0
2023-11-24,P002,S06,34,40800.0,0,0
2023-11-24,P003,S01,189,66150.0,0,0
2023-11-24,P003,S02,223,78050.0,0,0
2023-11-24,P003,S03,250,87500.0,0,0
2023-11-24,P003,S04,197,68950.0,0,0
2023-11-24,P003,S05,264,81206.78,1,0
2023-11-24,P003,S06,276,77613.19,1,0
2023-11-24,P004,S01,10,85000.0,0,0
2023-11-24,P004,S02,14,87593.03,1,0
2023-11-24,P004,S03,8,68000.0,0,0
2023-11-24,P004,S04,8,68000.0,0,0
2023-11-24,P004,S05,8,68000.0,0,0
2023-11-24,P004,S06,7,59500.0,0,0
2023-11-24,P005,S01,40,88000.0,0,0
2023-11-24,P005,S02,60,92709.37,1,0
2023-11-24,P005,S03,35,77000.0,0,0
2023-11-24,P005,S04,24,52800.0,0,0
2023-11-24,P005,S05,30,66000.0,0,0
2023-11-24,P005,S06,27,59400.0,0,0
2023-11-25,P001,S01,43,176685.94,1,0
2023-11-25,P001,S02,24,108000.0,0,0
2023-11-25,P001,S03,15,67500.0,0,0
2023-11-25,P001,S04,20,90000.0,0,0
2023-11-25,P001,S05,16,72000.0,0,0
2023-11-25,P001,S06,18,81000.0,0,0
2023-11-25,P002,S01,89,93608.68,1,0
2023-11-25,P002,S02,97,99790.66,1,0
2023-11-25,P002,S03,48,57600.0,0,0
2023-11-25,P002,S04,71,64005.06,1,0
2023-11-25,P002,S05,73,73502.2,1,0
2023-11-25,P002,S06,67,71102.04,1,0
2023-11-25,P003,S01,196,68600.0,0,0
2023-11-25,P003,S02,238,83300.0,0,0
2023-11-25,P003,S03,208,72800.0,0,0
2023-11-25,P003,S04,279,69030.57,1,0
2023-11-25,P003,S05,226,79100.0,0,0
2023-11-25,P003,S06,169,59150.0,0,0
2023-11-25,P004,S01,13,110500.0,0,0
2023-11-25,P004,S02,16,113524.8,1,0
2023-11-25,P004,S03,9,76500.0,0,0
2023-11-25,P004,S04,8,68000.0,0,0
2023-11-25,P004,S05,9,76500.0,0,0
2023-11-25,P004,S06,8,68000.0,0,0
2023-11-25,P005,S01,58,89849.03,1,0
2023-11-25,P005,S02,32,70400.0,0,0
2023-11-25,P005,S03,38,83600.0,0,0
2023-11-25,P005,S04,32,70400.0,0,0
2023-11-25,P005,S05,58,111540.53,1,0
2023-11-25,P005,S06,29,63800.0,0,0
2023-11-26,P001,S01,22,99000.0,0,0
2023-11-26,P001,S02,22,99000.0,0,0
2023-11-26,P001,S03,23,103500.0,0,0
2023-11-26,P001,S04,21,94500.0,0,0
2023-11-26,P001,S05,31,123481.29,1,0
2023-11-26,P001,S06,17,76500.0,0,0
2023-11-26,P002,S01,123,126773.17,1,0
2023-11-26,P002,S02,80,80861.08,1,0
2023-11-26,P002,S03,49,58800.0,0,0
2023-11-26,P002,S04,54,64800.0,0,0
2023-11-26,P002,S05,54,64800.0,0,0
2023-11-26,P002,S06,57,63046.67,1,0
2023-11-26,P003,S01,243,85050.0,0,0
2023-11-26,P003,S02,365,96550.96,1,0
2023-11-26,P003,S03,348,92515.32,1,0
2023-11-26,P003,S04,292,87497.46,1,0
2023-11-26,P003,S05,237,82950.0,0,0
2023-11-26,P003,S06,246,72450.05,1,0
2023-11-26,P004,S01,10,85000.0,0,0
2023-11-26,P004,S02,9,76500.0,0,0
2023-11-26,P004,S03,19,133768.41,1,0
2023-11-26,P004,S04,13,91188.15,1,0
2023-11-26,P004,S05,8,68000.0,0,0
2023-11-26,P004,S06,8,68000.0,0,0
2023-11-26,P005,S01,59,104857.02,1,0
2023-11-26,P005,S02,59,99723.62,1,0
2023-11-26,P005,S03,40,88000.0,0,0
2023-11-26,P005,S04,34,74800.0,0,0
2023-11-26,P005,S05,36,79200.0,0,0
2023-11-26,P005,S06,27,59400.0,0,0
2023-11-27,P001,S01,43,150734.39,1,1
2023-11-27,P001,S02,28,126000.0,0,1
2023-11-27,P001,S03,49,199029.66,1,1
2023-11-27,P001,S04,25,112500.0,0,1
2023-11-27,P001,S05,25,112500.0,0,1
2023-11-27,P001,S06,23,103500.0,0,1
2023-11-27,P002,S01,101,121200.0,0,1
2023-11-27,P002,S02,63,75600.0,0,1
2023-11-27,P002,S03,138,137708.46,1,1
2023-11-27,P002,S04,55,66000.0,0,1
2023-11-27,P002,S05,67,80400.0,0,1
2023-11-27,P002,S06,51,61200.0,0,1
2023-11-27,P003,S01,311,108850.0,0,1
2023-11-27,P003,S02,392,137200.0,0,1
2023-11-27,P003,S03,283,99050.0,0,1
2023-11-27,P003,S04,284,99400.0,0,1
2023-11-27,P003,S05,274,95900.0,0,1
2023-11-27,P003,S06,178,62300.0,0,1
2023-11-27,P004,S01,23,179707.72,1,1
2023-11-27,P004,S02,26,192463.53,1,1
2023-11-27,P004,S03,11,93500.0,0,1
2023-11-27,P004,S04,11,93500.0,0,1
2023-11-27,P004,S05,18,130938.73,1,1
2023-11-27,P004,S06,9,76500.0,0,1
2023-11-27,P005,S01,75,135519.91,1,1
2023-11-27,P005,S02,45,99000.0,0,1
2023-11-27,P005,S03,76,127756.17,1,1
2023-11-27,P005,S04,69,135449.45,1,1
2023-11-27,P005,S05,91,181335.62,1,1
2023-11-27,P005,S06,37,81400.0,0,1
2023-11-28,P001,S01,22,99000.0,0,0
2023-11-28,P001,S02,33,113781.96,1,0
2023-11-28,P001,S03,22,99000.0,0,0
2023-11-28,P001,S04,16,72000.0,0,0
2023-11-28,P001,S05,22,99000.0,0,0
2023-11-28,P001,S06,16,72000.0,0,0
2023-11-28,P002,S01,59,70800.0,0,0
2023-11-28,P002,S02,49,58800.0,0,0
2023-11-28,P002,S03,50,60000.0,0,0
2023-11-28,P002,S04,34,40800.0,0,0
2023-11-28,P002,S05,41,49200.0,0,0
2023-11-28,P002,S06,37,44400.0,0,0
2023-11-28,P003,S01,398,99514.83,1,0
2023-11-28,P003,S02,256,89600.0,0,0
2023-11-28,P003,S03,184,64400.0,0,0
2023-11-28,P003,S04,182,63700.0,0,0
2023-11-28,P003,S05,201,70350.0,0,0
2023-11-28,P003,S06,174,60900.0,0,0
2023-11-28,P004,S01,10,85000.0,0,0
2023-11-28,P004,S02,11,93500.0,0,0
2023-11-28,P004,S03,8,68000.0,0,0
2023-11-28,P004,S04,13,83709.16,1,0
2023-11-28,P004,S05,8,68000.0,0,0
2023-11-28,P004,S06,12,94001.1,1,0
2023-11-28,P005,S01,43,94600.0,0,0
2023-11-28,P005,S02,35,77000.0,0,0
2023-11-28,P005,S03,33,72600.0,0,0
2023-11-28,P005,S04,29,63800.0,0,0
2023-11-28,P005,S05,24,52800.0,0,0
2023-11-28,P005,S06,27,59400.0,0,0
2023-11-29,P001,S01,30,107752.37,1,0
2023-11-29,P001,S02,39,153975.17,1,0
2023-11-29,P001,S03,19,85500.0,0,0
2023-11-29,P001,S04,20,90000.0,0,0
2023-11-29,P001,S05,21,94500.0,0,0
2023-11-29,P001,S06,26,82844.94,1,0
2023-11-29,P002,S01,58,69600.0,0,0
2023-11-29,P002,S02,54,64800.0,0,0
2023-11-29,P002,S03,39,46800.0,0,0
2023-11-29,P002,S04,67,71969.66,1,0
2023-11-29,P002,S05,41,49200.0,0,0
2023-11-29,P002,S06,42,50400.0,0,0
2023-11-29,P003,S01,258,90300.0,0,0
2023-11-29,P003,S02,226,79100.0,0,0
2023-11-29,P003,S03,150,52500.0,0,0
2023-11-29,P003,S04,150,52500.0,0,0
2023-11-29,P003,S05,165,57750.0,0,0
2023-11-29,P003,S06,141,49350.0,0,0
2023-11-29,P004,S01,10,85000.0,0,0
2023-11-29,P004,S02,9,76500.0,0,0
2023-11-29,P004,S03,10,85000.0,0,0
2023-11-29,P004,S04,8,68000.0,0,0
2023-11-29,P004,S05,8,68000.0,0,0
2023-11-29,P004,S06,10,72943.73,1,0
2023-11-29,P005,S01,44,96800.0,0,0
2023-11-29,P005,S02,30,66000.0,0,0
2023-11-29,P005,S03,20,44000.0,0,0
2023-11-29,P005,S04,21,46200.0,0,0
2023-11-29,P005,S05,25,55000.0,0,0
2023-11-29,P005,S06,24,52800.0,0,0
2023-11-30,P001,S01,21,94500.0,0,0
2023-11-30,P001,S02,20,90000.0,0,0
2023-11-30,P001,S03,19,85500.0,0,0
2023-11-30,P001,S04,17,76500.0,0,0
2023-11-30,P001,S05,14,63000.0,0,0
2023-11-30,P001,S06,15,67500.0,0,0
2023-11-30,P002,S01,50,60000.0,0,0
2023-11-30,P002,S02,46,55200.0,0,0
2023-11-30,P002,S03,48,57600.0,0,0
2023-11-30,P002,S04,34,40800.0,0,0
2023-11-30,P002,S05,69,72294.32,1,0
2023-11-30,P002,S06,36,43200.0,0,0
2023-11-30,P003,S01,207,72450.0,0,0
2023-11-30,P003,S02,206,72100.0,0,0
2023-11-30,P003,S03,163,57050.0,0,0
2023-11-30,P003,S04,161,56350.0,0,0
2023-11-30,P003,S05,190,66500.0,0,0
2023-11-30,P003,S06,147,51450.0,0,0
2023-11-30,P004,S01,11,93500.0,0,0
2023-11-30,P004,S02,9,76500.0,0,0
2023-11-30,P004,S03,10,85000.0,0,0
2023-11-30,P004,S04,7,59500.0,0,0
2023-11-30,P004,S05,8,68000.0,0,0
2023-11-30,P004,S06,11,86547.51,1,0
2023-11-30,P005,S01,72,125581.98,1,0
2023-11-30,P005,S02,32,70400.0,0,0
2023-11-30,P005,S03,36,79200.0,0,0
2023-11-30,P005,S04,25,55000.0,0,0
2023-11-30,P005,S05,30,66000.0,0,0
2023-11-30,P005,S06,32,70400.0,0,0
2023-12-01,P001,S01,19,85500.0,0,0
2023-12-01,P001,S02,27,113424.74,1,0
2023-12-01,P001,S03,20,90000.0,0,0
2023-12-01,P001,S04,15,67500.0,0,0
2023-12-01,P001,S05,18,81000.0,0,0
2023-12-01,P001,S06,24,101428.09,1,0
2023-12-01,P002,S01,51,61200.0,0,0
2023-12-01,P002,S02,52,62400.0,0,0
2023-12-01,P002,S03,45,54000.0,0,0
2023-12-01,P002,S04,38,45600.0,0,0
2023-12-01,P002,S05,62,60200.32,1,0
2023-12-01,P002,S06,25,30000.0,0,0
2023-12-01,P003,S01,195,68250.0,0,0
2023-12-01,P003,S02,209,73150.0,0,0
2023-12-01,P003,S03,174,60900.0,0,0
2023-12-01,P003,S04,283,87519.78,1,0
2023-12-01,P003,S05,147,51450.0,0,0
2023-12-01,P003,S06,146,51100.0,0,0
2023-12-01,P004,S01,9,76500.0,0,0
2023-12-01,P004,S02,8,68000.0,0,0
2023-12-01,P004,S03,8,68000.0,0,0
2023-12-01,P004,S04,6,51000.0,0,0
2023-12-01,P004,S05,8,68000.0,0,0
2023-12-01,P004,S06,5,42500.0,0,0
2023-12-01,P005,S01,33,72600.0,0,0
2023-12-01,P005,S02,29,63800.0,0,0
2023-12-01,P005,S03,33,72600.0,0,0
2023-12-01,P005,S04,26,57200.0,0,0
2023-12-01,P005,S05,29,63800.0,0,0
2023-12-01,P005,S06,23,50600.0,0,0
2023-12-02,P001,S01,26,117000.0,0,0
2023-12-02,P001,S02,20,90000.0,0,0
2023-12-02,P001,S03,20,90000.0,0,0
2023-12-02,P001,S04,23,87256.06,1,0
2023-12-02,P001,S05,23,103500.0,0,0
2023-12-02,P001,S06,23,96435.3,1,0
2023-12-02,P002,S01,62,74400.0,0,0
2023-12-02,P002,S02,103,108732.83,1,0
2023-12-02,P002,S03,57,68400.0,0,0
2023-12-02,P002,S04,55,66000.0,0,0
2023-12-02,P002,S05,51,61200.0,0,0
2023-12-02,P002,S06,44,52800.0,0,0
2023-12-02,P003,S01,291,76714.87,1,0
2023-12-02,P003,S02,133,46550.0,0,0
2023-12-02,P003,S03,221,77350.0,0,0
2023-12-02,P003,S04,168,58800.0,0,0
2023-12-02,P003,S05,152,53200.0,0,0
2023-12-02,P003,S06,173,60550.0,0,0
2023-12-02,P004,S01,10,85000.0,0,0
2023-12-02,P004,S02,10,85000.0,0,0
2023-12-02,P004,S03,14,101055.81,1,0
2023-12-02,P004,S04,9,76500.0,0,0
2023-12-02,P004,S05,10,71437.06,1,0
2023-12-02,P004,S06,7,59500.0,0,0
2023-12-02,P005,S01,38,83600.0,0,0
2023-12-02,P005,S02,42,92400.0,0,0
2023-12-02,P005,S03,40,88000.0,0,0
2023-12-02,P005,S04,31,68200.0,0,0
2023-12-02,P005,S05,29,63800.0,0,0
2023-12-02,P005,S06,36,68395.09,1,0
2023-12-03,P001,S01,33,140221.16,1,0
2023-12-03,P001,S02,41,162753.58,1,0
2023-12-03,P001,S03,34,142846.39,1,0
2023-12-03,P001,S04,16,72000.0,0,0
2023-12-03,P001,S05,34,127679.93,1,0
2023-12-03,P001,S06,18,81000.0,0,0
2023-12-03,P002,S01,57,68400.0,0,0
2023-12-03,P002,S02,62,74400.0,0,0
2023-12-03,P002,S03,58,69600.0,0,0
2023-12-03,P002,S04,50,60000.0,0,0
2023-12-03,P002,S05,86,83460.87,1,0
2023-12-03,P002,S06,59,59830.01,1,0
2023-12-03,P003,S01,161,56350.0,0,0
2023-12-03,P003,S02,196,68600.0,0,0
2023-12-03,P003,S03,276,89433.68,1,0
2023-12-03,P003,S04,191,66850.0,0,0
2023-12-03,P003,S05,174,60900.0,0,0
2023-12-03,P003,S06,230,75020.9,1,0
2023-12-03,P004,S01,19,139854.45,1,0
2023-12-03,P004,S02,10,85000.0,0,0
2023-12-03,P004,S03,15,113744.75,1,0
2023-12-03,P004,S04,13,103507.12,1,0
2023-12-03,P004,S05,13,79799.93,1,0
2023-12-03,P004,S06,5,42500.0,0,0
2023-12-03,P005,S01,44,96800.0,0,0
2023-12-03,P005,S02,38,83600.0,0,0
2023-12-03,P005,S03,61,121496.34,1,0
2023-12-03,P005,S04,56,87718.86,1,0
2023-12-03,P005,S05,35,77000.0,0,0
2023-12-03,P005,S06,48,91682.74,1,0
2023-12-04,P001,S01,18,81000.0,0,0
2023-12-04,P001,S02,18,81000.0,0,0
2023-12-04,P001,S03,20,90000.0,0,0
2023-12-04,P001,S04,14,63000.0,0,0
2023-12-04,P001,S05,17,76500.0,0,0
2023-12-04,P001,S06,23,95662.25,1,0
2023-12-04,P002,S01,53,63600.0,0,0
2023-12-04,P002,S02,52,62400.0,0,0
2023-12-04,P002,S03,70,67939.76,1,0
2023-12-04,P002,S04,42,50400.0,0,0
2023-12-04,P002,S05,38,45600.0,0,0
2023-12-04,P002,S06,34,40800.0,0,0
2023-12-04,P003,S01,226,79100.0,0,0
2023-12-04,P003,S02,204,71400.0,0,0
2023-12-04,P003,S03,258,69771.15,1,0
2023-12-04,P003,S04,141,49350.0,0,0
2023-12-04,P003,S05,174,60900.0,0,0
2023-12-04,P003,S06,139,48650.0,0,0
2023-12-04,P004,S01,7,59500.0,0,0
2023-12-04,P004,S02,9,76500.0,0,0
2023-12-04,P004,S03,10,85000.0,0,0
2023-12-04,P004,S04,14,106658.62,1,0
2023-12-04,P004,S05,9,76500.0,0,0
2023-12-04,P004,S06,5,42500.0,0,0
2023-12-04,P005,S01,34,74800.0,0,0
2023-12-04,P005,S02,23,50600.0,0,0
2023-12-04,P005,S03,39,85800.0,0,0
2023-12-04,P005,S04,27,59400.0,0,0
2023-12-04,P005,S05,24,52800.0,0,0
2023-12-04,P005,S06,39,72134.96,1,0
2023-12-05,P001,S01,36,118770.68,1,0
2023-12-05,P001,S02,20,90000.0,0,0
2023-12-05,P001,S03,19,85500.0,0,0
2023-12-05,P001,S04,24,79795.33,1,0
2023-12-05,P001,S05,16,72000.0,0,0
2023-12-05,P001,S06,12,54000.0,0,0
2023-12-05,P002,S01,57,68400.0,0,0
2023-12-05,P002,S02,47,56400.0,0,0
2023-12-05,P002,S03,35,42000.0,0,0
2023-12-05,P002,S04,57,50591.58,1,0
2023-12-05,P002,S05,45,54000.0,0,0
2023-12-05,P002,S06,30,36000.0,0,0
2023-12-05,P003,S01,243,85050.0,0,0
2023-12-05,P003,S02,226,79100.0,0,0
2023-12-05,P003,S03,180,63000.0,0,0
2023-12-05,P003,S04,160,56000.0,0,0
2023-12-05,P003,S05,162,56700.0,0,0
2023-12-05,P003,S06,144,50400.0,0,0
2023-12-05,P004,S01,11,93500.0,0,0
2023-12-05,P004,S02,12,90821.44,1,0
2023-12-05,P004,S03,9,76500.0,0,0
2023-12-05,P004,S04,10,75839.71,1,0
2023-12-05,P004,S05,7,59500.0,0,0
2023-12-05,P004,S06,7,59500.0,0,0
2023-12-05,P005,S01,32,70400.0,0,0
2023-12-05,P005,S02,58,98003.78,1,0
2023-12-05,P005,S03,31,68200.0,0,0
2023-12-05,P005,S04,33,72600.0,0,0
2023-12-05,P005,S05,26,57200.0,0,0
2023-12-05,P005,S06,25,55000.0,0,0
2023-12-06,P001,S01,22,99000.0,0,0
2023-12-06,P001,S02,23,103500.0,0,0
2023-12-06,P001,S03,23,103500.0,0,0
2023-12-06,P001,S04,29,101787.12,1,0
2023-12-06,P001,S05,16,72000.0,0,0
2023-12-06,P001,S06,14,63000.0,0,0
2023-12-06,P002,S01,50,60000.0,0,0
2023-12-06,P002,S02,38,45600.0,0,0
2023-12-06,P002,S03,39,46800.0,0,0
2023-12-06,P002,S04,33,39600.0,0,0
2023-12-06,P002,S05,63,56253.53,1,0
2023-12-06,P002,S06,38,45600.0,0,0
2023-12-06,P003,S01,145,50750.0,0,0
2023-12-06,P003,S02,181,63350.0,0,0
2023-12-06,P003,S03,322,106271.01,1,0
2023-12-06,P003,S04,149,52150.0,0,0
2023-12-06,P003,S05,141,49350.0,0,0
2023-12-06,P003,S06,129,45150.0,0,0
2023-12-06,P004,S01,10,85000.0,0,0
2023-12-06,P004,S02,10,85000.0,0,0
2023-12-06,P004,S03,14,99743.31,1,0
2023-12-06,P004,S04,6,51000.0,0,0
2023-12-06,P004,S05,7,59500.0,0,0
2023-12-06,P004,S06,5,42500.0,0,0
2023-12-06,P005,S01,31,68200.0,0,0
2023-12-06,P005,S02,28,61600.0,0,0
2023-12-06,P005,S03,36,79200.0,0,0
2023-12-06,P005,S04,27,59400.0,0,0
2023-12-06,P005,S05,29,63800.0,0,0
2023-12-06,P005,S06,42,84910.47,1,0
2023-12-07,P001,S01,19,85500.0,0,0
2023-12-07,P001,S02,24,108000.0,0,0
2023-12-07,P001,S03,13,58500.0,0,0
2023-12-07,P001,S04,19,85500.0,0,0
2023-12-07,P001,S05,16,72000.0,0,0
2023-12-07,P001,S06,21,87953.76,1,0
2023-12-07,P002,S01,64,57719.48,1,0
2023-12-07,P002,S02,46,55200.0,0,0
2023-12-07,P002,S03,52,62400.0,0,0
2023-12-07,P002,S04,37,44400.0,0,0
2023-12-07,P002,S05,42,50400.0,0,0
2023-12-07,P002,S06,32,38400.0,0,0
2023-12-07,P003,S01,210,73500.0,0,0
2023-12-07,P003,S02,195,68250.0,0,0
2023-12-07,P003,S03,209,73150.0,0,0
2023-12-07,P003,S04,184,64400.0,0,0
2023-12-07,P003,S05,150,52500.0,0,0
2023-12-07,P003,S06,230,56959.59,1,0
2023-12-07,P004,S01,8,68000.0,0,0
2023-12-07,P004,S02,11,77806.47,1,0
2023-12-07,P004,S03,8,68000.0,0,0
2023-12-07,P004,S04,7,59500.0,0,0
2023-12-07,P004,S05,7,59500.0,0,0
2023-12-07,P004,S06,6,51000.0,0,0
2023-12-07,P005,S01,31,68200.0,0,0
2023-12-07,P005,S02,39,78422.54,1,0
2023-12-07,P005,S03,25,55000.0,0,0
2023-12-07,P005,S04,24,52800.0,0,0
2023-12-07,P005,S05,30,66000.0,0,0
2023-12-07,P005,S06,26,57200.0,0,0
2023-12-08,P001,S01,17,76500.0,0,0
2023-12-08,P001,S02,16,72000.0,0,0
2023-12-08,P001,S03,17,76500.0,0,0
2023-12-08,P001,S04,16,72000.0,0,0
2023-12-08,P001,S05,16,72000.0,0,0
2023-12-08,P001,S06,14,63000.0,0,0
2023-12-08,P002,S01,53,57297.09,1,0
2023-12-08,P002,S02,77,67186.67,1,0
2023-12-08,P002,S03,74,82144.62,1,0
2023-12-08,P002,S04,58,49477.53,1,0
2023-12-08,P002,S05,50,60000.0,0,0
2023-12-08,P002,S06,37,44400.0,0,0
2023-12-08,P003,S01,190,66500.0,0,0
2023-12-08,P003,S02,166,58100.0,0,0
2023-12-08,P003,S03,197,68950.0,0,0
2023-12-08,P003,S04,138,48300.0,0,0
2023-12-08,P003,S05,264,70333.5,1,0
2023-12-08,P003,S06,140,49000.0,0,0
2023-12-08,P004,S01,8,68000.0,0,0
2023-12-08,P004,S02,12,92999.84,1,0
2023-12-08,P004,S03,9,76500.0,0,0
2023-12-08,P004,S04,7,59500.0,0,0
2023-12-08,P004,S05,11,74117.1,1,0
2023-12-08,P004,S06,7,59500.0,0,0
2023-12-08,P005,S01,32,70400.0,0,0
2023-12-08,P005,S02,35,77000.0,0,0
2023-12-08,P005,S03,28,61600.0,0,0
2023-12-08,P005,S04,25,55000.0,0,0
2023-12-08,P005,S05,41,65034.17,1,0
2023-12-08,P005,S06,20,44000.0,0,0
2023-12-09,P001,S01,25,112500.0,0,0
2023-12-09,P001,S02,35,138348.5,1,0
2023-12-09,P001,S03,24,108000.0,0,0
2023-12-09,P001,S04,16,72000.0,0,0
2023-12-09,P001,S05,21,94500.0,0,0
2023-12-09,P001,S06,28,101210.99,1,0
2023-12-09,P002,S01,44,52800.0,0,0
2023-12-09,P002,S02,98,104387.65,1,0
2023-12-09,P002,S03,88,78790.85,1,0
2023-12-09,P002,S04,79,71417.38,1,0
2023-12-09,P002,S05,55,66000.0,0,0
2023-12-09,P002,S06,75,73771.39,1,0
2023-12-09,P003,S01,178,62300.0,0,0
2023-12-09,P003,S02,201,70350.0,0,0
2023-12-09,P003,S03,375,116280.12,1,0
2023-12-09,P003,S04,311,92761.73,1,0
2023-12-09,P003,S05,181,63350.0,0,0
2023-12-09,P003,S06,177,61950.0,0,0
2023-12-09,P004,S01,11,93500.0,0,0
2023-12-09,P004,S02,13,83698.61,1,0
2023-12-09,P004,S03,11,93500.0,0,0
2023-12-09,P004,S04,8,68000.0,0,0
2023-12-09,P004,S05,15,112957.1,1,0
2023-12-09,P004,S06,8,68000.0,0,0
2023-12-09,P005,S01,37,81400.0,0,0
2023-12-09,P005,S02,45,99000.0,0,0
2023-12-09,P005,S03,50,77120.92,1,0
2023-12-09,P005,S04,30,66000.0,0,0
2023-12-09,P005,S05,34,74800.0,0,0
2023-12-09,P005,S06,19,41800.0,0,0
2023-12-10,P001,S01,40,131746.75,1,0
2023-12-10,P001,S02,34,112923.68,1,0
2023-12-10,P001,S03,23,103500.0,0,0
2023-12-10,P001,S04,27,104621.54,1,0
2023-12-10,P001,S05,30,112725.87,1,0
2023-12-10,P001,S06,16,72000.0,0,0
2023-12-10,P002,S01,115,110849.91,1,0
2023-12-10,P002,S02,69,82800.0,0,0
2023-12-10,P002,S03,61,73200.0,0,0
2023-12-10,P002,S04,66,71947.96,1,0
2023-12-10,P002,S05,79,83479.32,1,0
2023-12-10,P002,S06,46,55200.0,0,0
2023-12-10,P003,S01,238,83300.0,0,0
2023-12-10,P003,S02,254,88900.0,0,0
2023-12-10,P003,S03,244,85400.0,0,0
2023-12-10,P003,S04,195,68250.0,0,0
2023-12-10,P003,S05,255,66128.58,1,0
2023-12-10,P003,S06,248,81735.35,1,0
2023-12-10,P004,S01,10,85000.0,0,0
2023-12-10,P004,S02,9,76500.0,0,0
2023-12-10,P004,S03,10,85000.0,0,0
2023-12-10,P004,S04,13,101465.52,1,0
2023-12-10,P004,S05,7,59500.0,0,0
2023-12-10,P004,S06,7,59500.0,0,0
2023-12-10,P005,S01,64,112158.79,1,0
2023-12-10,P005,S02,37,81400.0,0,0
2023-12-10,P005,S03,51,79122.8,1,0
2023-12-10,P005,S04,33,72600.0,0,0
2023-12-10,P005,S05,27,59400.0,0,0
2023-12-10,P005,S06,26,57200.0,0,0
2023-12-11,P001,S01,27,121500.0,0,0
2023-12-11,P001,S02,30,111756.44,1,0
2023-12-11,P001,S03,18,81000.0,0,0
2023-12-11,P001,S04,26,90067.56,1,0
2023-12-11,P001,S05,20,90000.0,0,0
2023-12-11,P001,S06,14,63000.0,0,0
2023-12-11,P002,S01,59,70800.0,0,0
2023-12-11,P002,S02,88,75738.72,1,0
2023-12-11,P002,S03,78,83415.01,1,0
2023-12-11,P002,S04,40,48000.0,0,0
2023-12-11,P002,S05,34,40800.0,0,0
2023-12-11,P002,S06,34,40800.0,0,0
2023-12-11,P003,S01,185,64750.0,0,0
2023-12-11,P003,S02,209,73150.0,0,0
2023-12-11,P003,S03,194,67900.0,0,0
2023-12-11,P003,S04,126,44100.0,0,0
2023-12-11,P003,S05,233,61183.24,1,0
2023-12-11,P003,S06,243,73759.79,1,0
2023-12-11,P004,S01,9,76500.0,0,0
2023-12-11,P004,S02,9,76500.0,0,0
2023-12-11,P004,S03,9,76500.0,0,0
2023-12-11,P004,S04,9,76500.0,0,0
2023-12-11,P004,S05,7,59500.0,0,0
2023-12-11,P004,S06,11,70495.44,1,0
2023-12-11,P005,S01,34,74800.0,0,0
2023-12-11,P005,S02,27,59400.0,0,0
2023-12-11,P005,S03,31,68200.0,0,0
2023-12-11,P005,S04,27,59400.0,0,0
2023-12-11,P005,S05,26,57200.0,0,0
2023-12-11,P005,S06,29,63800.0,0,0
2023-12-12,P001,S01,21,94500.0,0,0
2023-12-12,P001,S02,16,72000.0,0,0
2023-12-12,P001,S03,25,112500.0,0,0
2023-12-12,P001,S04,15,67500.0,0,0
2023-12-12,P001,S05,13,58500.0,0,0
2023-12-12,P001,S06,19,71689.99,1,0
2023-12-12,P002,S01,44,52800.0,0,0
2023-12-12,P002,S02,91,98238.5,1,0
2023-12-12,P002,S03,48,44736.02,1,0
2023-12-12,P002,S04,68,72708.31,1,0
2023-12-12,P002,S05,40,48000.0,0,0
2023-12-12,P002,S06,35,42000.0,0,0
2023-12-12,P003,S01,312,82225.82,1,0
2023-12-12,P003,S02,163,57050.0,0,0
2023-12-12,P003,S03,187,65450.0,0,0
2023-12-12,P003,S04,203,71050.0,0,0
2023-12-12,P003,S05,161,56350.0,0,0
2023-12-12,P003,S06,235,59880.53,1,0
2023-12-12,P004,S01,10,85000.0,0,0
2023-12-12,P004,S02,7,59500.0,0,0
2023-12-12,P004,S03,7,59500.0,0,0
2023-12-12,P004,S04,6,51000.0,0,0
2023-12-12,P004,S05,13,96771.4,1,0
2023-12-12,P004,S06,6,51000.0,0,0
2023-12-12,P005,S01,63,103246.92,1,0
2023-12-12,P005,S02,34,74800.0,0,0
2023-12-12,P005,S03,28,61600.0,0,0
2023-12-12,P005,S04,26,57200.0,0,0
2023-12-12,P005,S05,26,57200.0,0,0
2023-12-12,P005,S06,23,50600.0,0,0
2023-12-13,P001,S01,18,81000.0,0,0
2023-12-13,P001,S02,18,81000.0,0,0
2023-12-13,P001,S03,22,99000.0,0,0
2023-12-13,P001,S04,25,97015.51,1,0
2023-12-13,P001,S05,17,76500.0,0,0
2023-12-13,P001,S06,14,63000.0,0,0
2023-12-13,P002,S01,85,90730.02,1,0
2023-12-13,P002,S02,47,56400.0,0,0
2023-12-13,P002,S03,38,45600.0,0,0
2023-12-13,P002,S04,35,42000.0,0,0
2023-12-13,P002,S05,73,70815.02,1,0
2023-12-13,P002,S06,60,62876.47,1,0
2023-12-13,P003,S01,311,77003.72,1,0
2023-12-13,P003,S02,136,47600.0,0,0
2023-12-13,P003,S03,329,86658.01,1,0
2023-12-13,P003,S04,162,56700.0,0,0
2023-12-13,P003,S05,148,51800.0,0,0
2023-12-13,P003,S06,162,56700.0,0,0
2023-12-13,P004,S01,15,120719.62,1,0
2023-12-13,P004,S02,15,91951.87,1,0
2023-12-13,P004,S03,12,87262.87,1,0
2023-12-13,P004,S04,10,60475.95,1,0
2023-12-13,P004,S05,8,68000.0,0,0
2023-12-13,P004,S06,6,51000.0,0,0
2023-12-13,P005,S01,57,117581.65,1,0
2023-12-13,P005,S02,36,79200.0,0,0
2023-12-13,P005,S03,34,74800.0,0,0
2023-12-13,P005,S04,33,59500.66,1,0
2023-12-13,P005,S05,25,55000.0,0,0
2023-12-13,P005,S06,20,44000.0,0,0
2023-12-14,P001,S01,18,81000.0,0,0
2023-12-14,P001,S02,23,103500.0,0,0
2023-12-14,P001,S03,30,126636.28,1,0
2023-12-14,P001,S04,16,72000.0,0,0
2023-12-14,P001,S05,18,81000.0,0,0
2023-12-14,P001,S06,14,63000.0,0,0
2023-12-14,P002,S01,90,100673.66,1,0
2023-12-14,P002,S02,71,66545.92,1,0
2023-12-14,P002,S03,34,40800.0,0,0
2023-12-14,P002,S04,46,55200.0,0,0
2023-12-14,P002,S05,39,46800.0,0,0
2023-12-14,P002,S06,29,34800.0,0,0
2023-12-14,P003,S01,234,81900.0,0,0
2023-12-14,P003,S02,188,65800.0,0,0
2023-12-14,P003,S03,212,74200.0,0,0
2023-12-14,P003,S04,237,63796.41,1,0
2023-12-14,P003,S05,170,59500.0,0,0
2023-12-14,P003,S06,121,42350.0,0,0
2023-12-14,P004,S01,9,76500.0,0,0
2023-12-14,P004,S02,8,68000.0,0,0
2023-12-14,P004,S03,8,68000.0,0,0
2023-12-14,P004,S04,6,51000.0,0,0
2023-12-14,P004,S05,9,76500.0,0,0
2023-12-14,P004,S06,7,59500.0,0,0
2023-12-14,P005,S01,35,77000.0,0,0
2023-12-14,P005,S02,36,79200.0,0,0
2023-12-14,P005,S03,33,72600.0,0,0
2023-12-14,P005,S04,29,63800.0,0,0
2023-12-14,P005,S05,39,61768.64,1,0
2023-12-14,P005,S06,28,61600.0,0,0
2023-12-15,P001,S01,23,103500.0,0,0
2023-12-15,P001,S02,18,81000.0,0,0
2023-12-15,P001,S03,16,72000.0,0,0
2023-12-15,P001,S04,15,67500.0,0,0
2023-12-15,P001,S05,18,81000.0,0,0
2023-12-15,P001,S06,11,49500.0,0,0
2023-12-15,P002,S01,62,74400.0,0,0
2023-12-15,P002,S02,52,62400.0,0,0
2023-12-15,P002,S03,44,52800.0,0,0
2023-12-15,P002,S04,39,46800.0,0,0
2023-12-15,P002,S05,43,51600.0,0,0
2023-12-15,P002,S06,41,49200.0,0,0
2023-12-15,P003,S01,211,73850.0,0,0
2023-12-15,P003,S02,238,83300.0,0,0
2023-12-15,P003,S03,208,72800.0,0,0
2023-12-15,P003,S04,183,64050.0,0,0
2023-12-15,P003,S05,279,74586.89,1,0
2023-12-15,P003,S06,123,43050.0,0,0
2023-12-15,P004,S01,9,76500.0,0,0
2023-12-15,P004,S02,9,76500.0,0,0
2023-12-15,P004,S03,8,68000.0,0,0
2023-12-15,P004,S04,6,51000.0,0,0
2023-12-15,P004,S05,8,68000.0,0,0
2023-12-15,P004,S06,8,68000.0,0,0
2023-12-15,P005,S01,45,92736.55,1,0
2023-12-15,P005,S02,31,68200.0,0,0
2023-12-15,P005,S03,26,57200.0,0,0
2023-12-15,P005,S04,50,92234.45,1,0
2023-12-15,P005,S05,33,72600.0,0,0
2023-12-15,P005,S06,43,82470.3,1,0
2023-12-16,P001,S01,35,111497.66,1,0
2023-12-16,P001,S02,24,108000.0,0,0
2023-12-16,P001,S03,24,108000.0,0,0
2023-12-16,P001,S04,17,76500.0,0,0
2023-12-16,P001,S05,21,94500.0,0,0
2023-12-16,P001,S06,15,67500.0,0,0
2023-12-16,P002,S01,83,74114.9,1,0
2023-12-16,P002,S02,61,73200.0,0,0
2023-12-16,P002,S03,42,50400.0,0,0
2023-12-16,P002,S04,55,66000.0,0,0
2023-12-16,P002,S05,42,50400.0,0,0
2023-12-16,P002,S06,51,61200.0,0,0
2023-12-16,P003,S01,184,64400.0,0,0
2023-12-16,P003,S02,213,74550.0,0,0
2023-12-16,P003,S03,357,88588.17,1,0
2023-12-16,P003,S04,259,77750.33,1,0
2023-12-16,P003,S05,225,78750.0,0,0
2023-12-16,P003,S06,237,71951.9,1,0
2023-12-16,P004,S01,11,93500.0,0,0
2023-12-16,P004,S02,10,85000.0,0,0
2023-12-16,P004,S03,9,76500.0,0,0
2023-12-16,P004,S04,13,94258.66,1,0
2023-12-16,P004,S05,7,59500.0,0,0
2023-12-16,P004,S06,7,59500.0,0,0
2023-12-16,P005,S01,49,107800.0,0,0
2023-12-16,P005,S02,40,88000.0,0,0
2023-12-16,P005,S03,37,81400.0,0,0
2023-12-16,P005,S04,53,102618.51,1,0
2023-12-16,P005,S05,52,104936.2,1,0
2023-12-16,P005,S06,42,84437.33,1,0
2023-12-17,P001,S01,32,128438.4,1,0
2023-12-17,P001,S02,22,99000.0,0,0
2023-12-17,P001,S03,26,117000.0,0,0
2023-12-17,P001,S04,18,81000.0,0,0
2023-12-17,P001,S05,32,128961.39,1,0
2023-12-17,P001,S06,26,109210.97,1,0
2023-12-17,P002,S01,76,65732.54,1,0
2023-12-17,P002,S02,93,80962.81,1,0
2023-12-17,P002,S03,51,61200.0,0,0
2023-12-17,P002,S04,48,57600.0,0,0
2023-12-17,P002,S05,55,66000.0,0,0
2023-12-17,P002,S06,75,71939.68,1,0
2023-12-17,P003,S01,411,124048.97,1,0
2023-12-17,P003,S02,316,90783.0,1,0
2023-12-17,P003,S03,191,66850.0,0,0
2023-12-17,P003,S04,174,60900.0,0,0
2023-12-17,P003,S05,272,68105.63,1,0
2023-12-17,P003,S06,234,59392.97,1,0
2023-12-17,P004,S01,9,76500.0,0,0
2023-12-17,P004,S02,11,93500.0,0,0
2023-12-17,P004,S03,11,93500.0,0,0
2023-12-17,P004,S04,8,68000.0,0,0
2023-12-17,P004,S05,9,76500.0,0,0
2023-12-17,P004,S06,8,68000.0,0,0
2023-12-17,P005,S01,42,92400.0,0,0
2023-12-17,P005,S02,34,74800.0,0,0
2023-12-17,P005,S03,58,93551.55,1,0
2023-12-17,P005,S04,32,70400.0,0,0
2023-12-17,P005,S05,26,57200.0,0,0
2023-12-17,P005,S06,28,61600.0,0,0
2023-12-18,P001,S01,19,85500.0,0,0
2023-12-18,P001,S02,19,85500.0,0,0
2023-12-18,P001,S03,19,85500.0,0,0
2023-12-18,P001,S04,28,114102.44,1,0
2023-12-18,P001,S05,17,76500.0,0,0
2023-12-18,P001,S06,14,63000.0,0,0
2023-12-18,P002,S01,39,46800.0,0,0
2023-12-18,P002,S02,48,57600.0,0,0
2023-12-18,P002,S03,45,54000.0,0,0
2023-12-18,P002,S04,44,52800.0,0,0
2023-12-18,P002,S05,43,51600.0,0,0
2023-12-18,P002,S06,37,44400.0,0,0
2023-12-18,P003,S01,210,73500.0,0,0
2023-12-18,P003,S02,269,77613.34,1,0
2023-12-18,P003,S03,177,61950.0,0,0
2023-12-18,P003,S04,139,48650.0,0,0
2023-12-18,P003,S05,161,56350.0,0,0
2023-12-18,P003,S06,170,59500.0,0,0
2023-12-18,P004,S01,7,59500.0,0,0
2023-12-18,P004,S02,10,85000.0,0,0
2023-12-18,P004,S03,9,76500.0,0,0
2023-12-18,P004,S04,6,51000.0,0,0
2023-12-18,P004,S05,9,76500.0,0,0
2023-12-18,P004,S06,5,42500.0,0,0
2023-12-18,P005,S01,35,77000.0,0,0
2023-12-18,P005,S02,34,74800.0,0,0
2023-12-18,P005,S03,29,63800.0,0,0
2023-12-18,P005,S04,34,69548.56,1,0
2023-12-18,P005,S05,32,70400.0,0,0
2023-12-18,P005,S06,26,57200.0,0,0
2023-12-19,P001,S01,34,130842.8,1,0
2023-12-19,P001,S02,16,72000.0,0,0
2023-12-19,P001,S03,20,90000.0,0,0
2023-12-19,P001,S04,16,72000.0,0,0
2023-12-19,P001,S05,20,90000.0,0,0
2023-12-19,P001,S06,13,58500.0,0,0
2023-12-19,P002,S01,53,63600.0,0,0
2023-12-19,P002,S02,40,48000.0,0,0
2023-12-19,P002,S03,72,78633.83,1,0
2023-12-19,P002,S04,32,38400.0,0,0
2023-12-19,P002,S05,46,55200.0,0,0
2023-12-19,P002,S06,32,38400.0,0,0
2023-12-19,P003,S01,204,71400.0,0,0
2023-12-19,P003,S02,216,75600.0,0,0
2023-12-19,P003,S03,163,57050.0,0,0
2023-12-19,P003,S04,161,56350.0,0,0
2023-12-19,P003,S05,323,99022.38,1,0
2023-12-19,P003,S06,174,60900.0,0,0
2023-12-19,P004,S01,16,107809.57,1,0
2023-12-19,P004,S02,14,94727.14,1,0
2023-12-19,P004,S03,8,68000.0,0,0
2023-12-19,P004,S04,9,54996.47,1,0
2023-12-19,P004,S05,7,59500.0,0,0
2023-12-19,P004,S06,9,72650.09,1,0
2023-12-19,P005,S01,47,73357.73,1,0
2023-12-19,P005,S02,30,66000.0,0,0
2023-12-19,P005,S03,49,96205.3,1,0
2023-12-19,P005,S04,43,67637.27,1,0
2023-12-19,P005,S05,29,63800.0,0,0
2023-12-19,P005,S06,25,55000.0,0,0
2023-12-20,P001,S01,21,94500.0,0,0
2023-12-20,P001,S02,21,94500.0,0,0
2023-12-20,P001,S03,16,72000.0,0,0
2023-12-20,P001,S04,14,63000.0,0,0
2023-12-20,P001,S05,12,54000.0,0,0
2023-12-20,P001,S06,14,63000.0,0,0
2023-12-20,P002,S01,39,46800.0,0,0
2023-12-20,P002,S02,49,58800.0,0,0
2023-12-20,P002,S03,48,57600.0,0,0
2023-12-20,P002,S04,40,48000.0,0,0
2023-12-20,P002,S05,63,68951.59,1,0
2023-12-20,P002,S06,31,37200.0,0,0
2023-12-20,P003,S01,189,66150.0,0,0
2023-12-20,P003,S02,192,67200.0,0,0
2023-12-20,P003,S03,166,58100.0,0,0
2023-12-20,P003,S04,140,49000.0,0,0
2023-12-20,P003,S05,187,65450.0,0,0
2023-12-20,P003,S06,154,53900.0,0,0
2023-12-20,P004,S01,8,68000.0,0,0
2023-12-20,P004,S02,15,103400.61,1,0
2023-12-20,P004,S03,8,68000.0,0,0
2023-12-20,P004,S04,7,59500.0,0,0
2023-12-20,P004,S05,7,59500.0,0,0
2023-12-20,P004,S06,6,51000.0,0,0
2023-12-20,P005,S01,29,63800.0,0,0
2023-12-20,P005,S02,31,68200.0,0,0
2023-12-20,P005,S03,29,63800.0,0,0
2023-12-20,P005,S04,23,50600.0,0,0
2023-12-20,P005,S05,31,68200.0,0,0
2023-12-20,P005,S06,25,55000.0,0,0
2023-12-21,P001,S01,24,108000.0,0,0
2023-12-21,P001,S02,22,99000.0,0,0
2023-12-21,P001,S03,18,81000.0,0,0
2023-12-21,P001,S04,18,81000.0,0,0
2023-12-21,P001,S05,15,67500.0,0,0
2023-12-21,P001,S06,16,72000.0,0,0
2023-12-21,P002,S01,55,66000.0,0,0
2023-12-21,P002,S02,87,75733.2,1,0
2023-12-21,P002,S03,46,55200.0,0,0
2023-12-21,P002,S04,75,63049.3,1,0
2023-12-21,P002,S05,48,57600.0,0,0
2023-12-21,P002,S06,34,40800.0,0,0
2023-12-21,P003,S01,175,61250.0,0,0
2023-12-21,P003,S02,317,88806.47,1,0
2023-12-21,P003,S03,191,66850.0,0,0
2023-12-21,P003,S04,156,54600.0,0,0
2023-12-21,P003,S05,192,67200.0,0,0
2023-12-21,P003,S06,175,61250.0,0,0
2023-12-21,P004,S01,12,102000.0,0,0
2023-12-21,P004,S02,9,76500.0,0,0
2023-12-21,P004,S03,8,68000.0,0,0
2023-12-21,P004,S04,6,51000.0,0,0
2023-12-21,P004,S05,8,68000.0,0,0
2023-12-21,P004,S06,7,59500.0,0,0
2023-12-21,P005,S01,39,85800.0,0,0
2023-12-21,P005,S02,28,61600.0,0,0
2023-12-21,P005,S03,30,66000.0,0,0
2023-12-21,P005,S04,23,50600.0,0,0
2023-12-21,P005,S05,31,68200.0,0,0
2023-12-21,P005,S06,21,46200.0,0,0
2023-12-22,P001,S01,33,128589.68,1,0
2023-12-22,P001,S02,21,94500.0,0,0
2023-12-22,P001,S03,19,85500.0,0,0
2023-12-22,P001,S04,17,76500.0,0,0
2023-12-22,P001,S05,17,76500.0,0,0
2023-12-22,P001,S06,27,107991.12,1,0
2023-12-22,P002,S01,56,67200.0,0,0
2023-12-22,P002,S02,36,43200.0,0,0
2023-12-22,P002,S03,51,61200.0,0,0
2023-12-22,P002,S04,31,37200.0,0,0
2023-12-22,P002,S05,41,49200.0,0,0
2023-12-22,P002,S06,37,44400.0,0,0
2023-12-22,P003,S01,201,70350.0,0,0
2023-12-22,P003,S02,212,74200.0,0,0
2023-12-22,P003,S03,224,78400.0,0,0
2023-12-22,P003,S04,143,50050.0,0,0
2023-12-22,P003,S05,166,58100.0,0,0
2023-12-22,P003,S06,169,59150.0,0,0
2023-12-22,P004,S01,10,85000.0,0,0
2023-12-22,P004,S02,15,98327.3,1,0
2023-12-22,P004,S03,7,59500.0,0,0
2023-12-22,P004,S04,6,51000.0,0,0
2023-12-22,P004,S05,8,68000.0,0,0
2023-12-22,P004,S06,8,68000.0,0,0
2023-12-22,P005,S01,27,59400.0,0,0
2023-12-22,P005,S02,25,55000.0,0,0
2023-12-22,P005,S03,30,66000.0,0,0
2023-12-22,P005,S04,27,59400.0,0,0
2023-12-22,P005,S05,43,77609.31,1,0
2023-12-22,P005,S06,25,55000.0,0,0
2023-12-23,P001,S01,21,94500.0,0,0
2023-12-23,P001,S02,38,131447.1,1,0
2023-12-23,P001,S03,38,123631.49,1,0
2023-12-23,P001,S04,20,90000.0,0,0
2023-12-23,P001,S05,34,120745.6,1,0
2023-12-23,P001,S06,18,81000.0,0,0
2023-12-23,P002,S01,61,73200.0,0,0
2023-12-23,P002,S02,60,72000.0,0,0
2023-12-23,P002,S03,48,57600.0,0,0
2023-12-23,P002,S04,64,57826.13,1,0
2023-12-23,P002,S05,83,79448.36,1,0
2023-12-23,P002,S06,56,50217.98,1,0
2023-12-23,P003,S01,245,85750.0,0,0
2023-12-23,P003,S02,368,104480.11,1,0
2023-12-23,P003,S03,195,68250.0,0,0
2023-12-23,P003,S04,214,74900.0,0,0
2023-12-23,P003,S05,184,64400.0,0,0
2023-12-23,P003,S06,164,57400.0,0,0
2023-12-23,P004,S01,10,85000.0,0,0
2023-12-23,P004,S02,16,110205.35,1,0
2023-12-23,P004,S03,9,76500.0,0,0
2023-12-23,P004,S04,11,67491.72,1,0
2023-12-23,P004,S05,13,81185.22,1,0
2023-12-23,P004,S06,13,91589.03,1,0
2023-12-23,P005,S01,36,79200.0,0,0
2023-12-23,P005,S02,39,85800.0,0,0
2023-12-23,P005,S03,37,81400.0,0,0
2023-12-23,P005,S04,43,79166.2,1,0
2023-12-23,P005,S05,28,61600.0,0,0
2023-12-23,P005,S06,48,99748.8,1,0
2023-12-24,P001,S01,24,108000.0,0,0
2023-12-24,P001,S02,19,85500.0,0,0
2023-12-24,P001,S03,37,118376.99,1,0
2023-12-24,P001,S04,17,76500.0,0,0
2023-12-24,P001,S05,28,116927.9,1,0
2023-12-24,P001,S06,17,76500.0,0,0
2023-12-24,P002,S01,81,68783.71,1,0
2023-12-24,P002,S02,49,58800.0,0,0
2023-12-24,P002,S03,49,58800.0,0,0
2023-12-24,P002,S04,70,65720.61,1,0
2023-12-24,P002,S05,57,68400.0,0,0
2023-12-24,P002,S06,66,58258.72,1,0
2023-12-24,P003,S01,144,50400.0,0,0
2023-12-24,P003,S02,258,90300.0,0,0
2023-12-24,P003,S03,362,119129.56,1,0
2023-12-24,P003,S04,212,74200.0,0,0
2023-12-24,P003,S05,176,61600.0,0,0
2023-12-24,P003,S06,315,87256.62,1,0
2023-12-24,P004,S01,16,126211.03,1,0
2023-12-24,P004,S02,17,113910.27,1,0
2023-12-24,P004,S03,16,112498.58,1,0
2023-12-24,P004,S04,9,76500.0,0,0
2023-12-24,P004,S05,9,76500.0,0,0
2023-12-24,P004,S06,9,76500.0,0,0
2023-12-24,P005,S01,40,88000.0,0,0
2023-12-24,P005,S02,40,88000.0,0,0
2023-12-24,P005,S03,42,92400.0,0,0
2023-12-24,P005,S04,29,63800.0,0,0
2023-12-24,P005,S05,41,69213.18,1,0
2023-12-24,P005,S06,48,94998.17,1,0
2023-12-25,P001,S01,50,183986.71,1,1
2023-12-25,P001,S02,27,121500.0,0,1
2023-12-25,P001,S03,25,112500.0,0,1
2023-12-25,P001,S04,28,92030.59,1,1
2023-12-25,P001,S05,26,117000.0,0,1
2023-12-25,P001,S06,21,94500.0,0,1
2023-12-25,P002,S01,64,76800.0,0,1
2023-12-25,P002,S02,80,96000.0,0,1
2023-12-25,P002,S03,103,111666.89,1,1
2023-12-25,P002,S04,50,60000.0,0,1
2023-12-25,P002,S05,60,72000.0,0,1
2023-12-25,P002,S06,56,67200.0,0,1
2023-12-25,P003,S01,263,92050.0,0,1
2023-12-25,P003,S02,400,101308.37,1,1
2023-12-25,P003,S03,280,98000.0,0,1
2023-12-25,P003,S04,221,77350.0,0,1
2023-12-25,P003,S05,223,78050.0,0,1
2023-12-25,P003,S06,217,75950.0,0,1
2023-12-25,P004,S01,21,142139.81,1,1
2023-12-25,P004,S02,12,102000.0,0,1
2023-12-25,P004,S03,12,102000.0,0,1
2023-12-25,P004,S04,16,127202.92,1,1
2023-12-25,P004,S05,15,101088.24,1,1
2023-12-25,P004,S06,16,98787.07,1,1
2023-12-25,P005,S01,79,161478.27,1,1
2023-12-25,P005,S02,40,88000.0,0,1
2023-12-25,P005,S03,41,90200.0,0,1
2023-12-25,P005,S04,30,66000.0,0,1
2023-12-25,P005,S05,44,96800.0,0,1
2023-12-25,P005,S06,31,68200.0,0,1
2023-12-26,P001,S01,20,90000.0,0,0
2023-12-26,P001,S02,20,90000.0,0,0
2023-12-26,P001,S03,18,81000.0,0,0
2023-12-26,P001,S04,15,67500.0,0,0
2023-12-26,P001,S05,18,81000.0,0,0
2023-12-26,P001,S06,21,66852.16,1,0
2023-12-26,P002,S01,54,64800.0,0,0
2023-12-26,P002,S02,88,98854.2,1,0
2023-12-26,P002,S03,53,63600.0,0,0
2023-12-26,P002,S04,27,32400.0,0,0
2023-12-26,P002,S05,32,38400.0,0,0
2023-12-26,P002,S06,34,40800.0,0,0
2023-12-26,P003,S01,180,63000.0,0,0
2023-12-26,P003,S02,198,69300.0,0,0
2023-12-26,P003,S03,142,49700.0,0,0
2023-12-26,P003,S04,181,63350.0,0,0
2023-12-26,P003,S05,191,66850.0,0,0
2023-12-26,P003,S06,116,40600.0,0,0
2023-12-26,P004,S01,8,68000.0,0,0
2023-12-26,P004,S02,9,76500.0,0,0
2023-12-26,P004,S03,13,95070.81,1,0
2023-12-26,P004,S04,7,59500.0,0,0
2023-12-26,P004,S05,9,76500.0,0,0
2023-12-26,P004,S06,7,59500.0,0,0
2023-12-26,P005,S01,29,63800.0,0,0
2023-12-26,P005,S02,35,77000.0,0,0
2023-12-26,P005,S03,26,57200.0,0,0
2023-12-26,P005,S04,31,68200.0,0,0
2023-12-26,P005,S05,29,63800.0,0,0
2023-12-26,P005,S06,28,61600.0,0,0
2023-12-27,P001,S01,20,90000.0,0,0
2023-12-27,P001,S02,32,114155.93,1,0
2023-12-27,P001,S03,21,94500.0,0,0
2023-12-27,P001,S04,17,76500.0,0,0
2023-12-27,P001,S05,17,76500.0,0,0
2023-12-27,P001,S06,13,58500.0,0,0
2023-12-27,P002,S01,61,73200.0,0,0
2023-12-27,P002,S02,47,56400.0,0,0
2023-12-27,P002,S03,28,33600.0,0,0
2023-12-27,P002,S04,48,57600.0,0,0
2023-12-27,P002,S05,55,66000.0,0,0
2023-12-27,P002,S06,37,44400.0,0,0
2023-12-27,P003,S01,231,80850.0,0,0
2023-12-27,P003,S02,178,62300.0,0,0
2023-12-27,P003,S03,202,70700.0,0,0
2023-12-27,P003,S04,175,61250.0,0,0
2023-12-27,P003,S05,147,51450.0,0,0
2023-12-27,P003,S06,131,45850.0,0,0
2023-12-27,P004,S01,9,76500.0,0,0
2023-12-27,P004,S02,9,76500.0,0,0
2023-12-27,P004,S03,7,59500.0,0,0
2023-12-27,P004,S04,7,59500.0,0,0
2023-12-27,P004,S05,8,68000.0,0,0
2023-12-27,P004,S06,6,51000.0,0,0
2023-12-27,P005,S01,39,85800.0,0,0
2023-12-27,P005,S02,34,74800.0,0,0
2023-12-27,P005,S03,30,66000.0,0,0
2023-12-27,P005,S04,25,55000.0,0,0
2023-12-27,P005,S05,49,97283.33,1,0
2023-12-27,P005,S06,27,59400.0,0,0
2023-12-28,P001,S01,18,81000.0,0,0
2023-12-28,P001,S02,21,94500.0,0,0
2023-12-28,P001,S03,18,81000.0,0,0
2023-12-28,P001,S04,19,85500.0,0,0
2023-12-28,P001,S05,16,72000.0,0,0
2023-12-28,P001,S06,12,54000.0,0,0
2023-12-28,P002,S01,85,96757.73,1,0
2023-12-28,P002,S02,56,67200.0,0,0
2023-12-28,P002,S03,47,56400.0,0,0
2023-12-28,P002,S04,37,44400.0,0,0
2023-12-28,P002,S05,39,46800.0,0,0
2023-12-28,P002,S06,55,51055.45,1,0
2023-12-28,P003,S01,246,86100.0,0,0
2023-12-28,P003,S02,197,68950.0,0,0
2023-12-28,P003,S03,320,88390.51,1,0
2023-12-28,P003,S04,153,53550.0,0,0
2023-12-28,P003,S05,155,54250.0,0,0
2023-12-28,P003,S06,147,51450.0,0,0
2023-12-28,P004,S01,9,76500.0,0,0
2023-12-28,P004,S02,8,68000.0,0,0
2023-12-28,P004,S03,8,68000.0,0,0
2023-12-28,P004,S04,8,68000.0,0,0
2023-12-28,P004,S05,7,59500.0,0,0
2023-12-28,P004,S06,13,85336.3,1,0
2023-12-28,P005,S01,37,81400.0,0,0
2023-12-28,P005,S02,42,92400.0,0,0
2023-12-28,P005,S03,29,63800.0,0,0
2023-12-28,P005,S04,29,63800.0,0,0
2023-12-28,P005,S05,25,55000.0,0,0
2023-12-28,P005,S06,25,55000.0,0,0
2023-12-29,P001,S01,17,76500.0,0,0
2023-12-29,P001,S02,21,94500.0,0,0
2023-12-29,P001,S03,21,94500.0,0,0
2023-12-29,P001,S04,24,78946.2,1,0
2023-12-29,P001,S05,26,104101.6,1,0
2023-12-29,P001,S06,21,73295.97,1,0
2023-12-29,P002,S01,53,63600.0,0,0
2023-12-29,P002,S02,42,50400.0,0,0
2023-12-29,P002,S03,39,46800.0,0,0
2023-12-29,P002,S04,39,46800.0,0,0
2023-12-29,P002,S05,46,55200.0,0,0
2023-12-29,P002,S06,37,44400.0,0,0
2023-12-29,P003,S01,185,64750.0,0,0
2023-12-29,P003,S02,287,77243.78,1,0
2023-12-29,P003,S03,173,60550.0,0,0
2023-12-29,P003,S04,149,52150.0,0,0
2023-12-29,P003,S05,142,49700.0,0,0
2023-12-29,P003,S06,111,38850.0,0,0
2023-12-29,P004,S01,9,76500.0,0,0
2023-12-29,P004,S02,11,93500.0,0,0
2023-12-29,P004,S03,9,76500.0,0,0
2023-12-29,P004,S04,6,51000.0,0,0
2023-12-29,P004,S05,9,76500.0,0,0
2023-12-29,P004,S06,10,79504.59,1,0
2023-12-29,P005,S01,42,92400.0,0,0
2023-12-29,P005,S02,30,66000.0,0,0
2023-12-29,P005,S03,46,94884.26,1,0
2023-12-29,P005,S04,30,66000.0,0,0
2023-12-29,P005,S05,26,57200.0,0,0
2023-12-29,P005,S06,25,55000.0,0,0
2023-12-30,P001,S01,33,125017.11,1,0
2023-12-30,P001,S02,21,94500.0,0,0
2023-12-30,P001,S03,34,141985.53,1,0
2023-12-30,P001,S04,29,111506.28,1,0
2023-12-30,P001,S05,27,109110.26,1,0
2023-12-30,P001,S06,17,76500.0,0,0
2023-12-30,P002,S01,41,49200.0,0,0
2023-12-30,P002,S02,83,85265.96,1,0
2023-12-30,P002,S03,75,72525.77,1,0
2023-12-30,P002,S04,76,82140.12,1,0
2023-12-30,P002,S05,49,58800.0,0,0
2023-12-30,P002,S06,42,50400.0,0,0
2023-12-30,P003,S01,234,81900.0,0,0
2023-12-30,P003,S02,201,70350.0,0,0
2023-12-30,P003,S03,315,101043.57,1,0
2023-12-30,P003,S04,172,60200.0,0,0
2023-12-30,P003,S05,205,71750.0,0,0
2023-12-30,P003,S06,175,61250.0,0,0
2023-12-30,P004,S01,11,93500.0,0,0
2023-12-30,P004,S02,17,116040.15,1,0
2023-12-30,P004,S03,10,85000.0,0,0
2023-12-30,P004,S04,9,76500.0,0,0
2023-12-30,P004,S05,9,76500.0,0,0
2023-12-30,P004,S06,7,59500.0,0,0
2023-12-30,P005,S01,33,72600.0,0,0
2023-12-30,P005,S02,31,68200.0,0,0
2023-12-30,P005,S03,40,88000.0,0,0
2023-12-30,P005,S04,52,104491.95,1,0
2023-12-30,P005,S05,33,72600.0,0,0
2023-12-30,P005,S06,29,63800.0,0,0
2023-12-31,P001,S01,24,108000.0,0,0
2023-12-31,P001,S02,26,117000.0,0,0
2023-12-31,P001,S03,23,103500.0,0,0
2023-12-31,P001,S04,17,76500.0,0,0
2023-12-31,P001,S05,21,94500.0,0,0
2023-12-31,P001,S06,16,72000.0,0,0
2023-12-31,P002,S01,46,55200.0,0,0
2023-12-31,P002,S02,104,116715.76,1,0
2023-12-31,P002,S03,84,92957.22,1,0
2023-12-31,P002,S04,48,57600.0,0,0
2023-12-31,P002,S05,47,56400.0,0,0
2023-12-31,P002,S06,42,50400.0,0,0
2023-12-31,P003,S01,214,74900.0,0,0
2023-12-31,P003,S02,391,127641.38,1,0
2023-12-31,P003,S03,319,101223.8,1,0
2023-12-31,P003,S04,288,95029.5,1,0
2023-12-31,P003,S05,212,74200.0,0,0
2023-12-31,P003,S06,241,64370.19,1,0
2023-12-31,P004,S01,13,97009.83,1,0
2023-12-31,P004,S02,11,93500.0,0,0
2023-12-31,P004,S03,14,98735.75,1,0
2023-12-31,P004,S04,10,85000.0,0,0
2023-12-31,P004,S05,9,76500.0,0,0
2023-12-31,P004,S06,11,67737.0,1,0
2023-12-31,P005,S01,60,101340.54,1,0
2023-12-31,P005,S02,47,103400.0,0,0
2023-12-31,P005,S03,32,70400.0,0,0
2023-12-31,P005,S04,19,41800.0,0,0
2023-12-31,P005,S05,33,72600.0,0,0
2023-12-31,P005,S06,25,55000.0,0,0
